[
    {
        "color": 4294967295,
        "name": "Generic Point 0",
        "x": -2314.45263671875,
        "y": 356.2937927246094,
        "z": 8412.541015625
    },
    {
        "color": 4294967295,
        "name": "Generic Point 1",
        "x": -1757.2861328125,
        "y": 32.85250473022461,
        "z": 8360.7099609375
    },
    {
        "color": 4294967295,
        "name": "Generic Point 10",
        "x": -1229.63916015625,
        "y": 163.61802673339844,
        "z": 8376.7861328125
    },
    {
        "color": 4294967295,
        "name": "Generic Point 100",
        "x": -2795.66015625,
        "y": 23.30573081970215,
        "z": 8534.1396484375
    },
    {
        "color": 4294967295,
        "name": "Generic Point 101",
        "x": -3008.9306640625,
        "y": 391.4768981933594,
        "z": 8417.15625
    },
    {
        "color": 4294967295,
        "name": "Generic Point 102",
        "x": -2947.970703125,
        "y": 201.8705596923828,
        "z": 8507.1865234375
    },
    {
        "color": 4294967295,
        "name": "Generic Point 103",
        "x": -2985.7236328125,
        "y": 200.5237579345703,
        "z": 8670.7998046875
    },
    {
        "color": 4294967295,
        "name": "Generic Point 104",
        "x": -2273.62255859375,
        "y": 272.2946472167969,
        "z": 8622.068359375
    },
    {
        "color": 4294967295,
        "name": "Generic Point 105",
        "x": -2359.781494140625,
        "y": 215.2131805419922,
        "z": 8620.3076171875
    },
    {
        "color": 4294967295,
        "name": "Generic Point 106",
        "x": -2281.707275390625,
        "y": 293.345703125,
        "z": 8372.4775390625
    },
    {
        "color": 4294967295,
        "name": "Generic Point 107",
        "x": -2251.948974609375,
        "y": 298.2818298339844,
        "z": 8378.9609375
    },
    {
        "color": 4294967295,
        "name": "Generic Point 108",
        "x": -2188.37451171875,
        "y": 331.2255554199219,
        "z": 8179.85302734375
    },
    {
        "color": 4294967295,
        "name": "Generic Point 109",
        "x": -2447.6083984375,
        "y": 258.9355773925781,
        "z": 8373.658203125
    },
    {
        "color": 4294967295,
        "name": "Generic Point 11",
        "x": -1184.32373046875,
        "y": 175.0269317626953,
        "z": 8347.005859375
    },
    {
        "color": 4294967295,
        "name": "Generic Point 110",
        "x": -2010.4588623046875,
        "y": 109.52235412597656,
        "z": 8598.671875
    },
    {
        "color": 4294967295,
        "name": "Generic Point 111",
        "x": -1993.490478515625,
        "y": 244.43728637695312,
        "z": 7899.45556640625
    },
    {
        "color": 4294967295,
        "name": "Generic Point 112",
        "x": -2153.993896484375,
        "y": 159.11148071289062,
        "z": 7647.82958984375
    },
    {
        "color": 4294967295,
        "name": "Generic Point 113",
        "x": -2129.74560546875,
        "y": 311.754638671875,
        "z": 8134.21533203125
    },
    {
        "color": 4294967295,
        "name": "Generic Point 114",
        "x": -2128.498291015625,
        "y": 305.8753967285156,
        "z": 8111.41015625
    },
    {
        "color": 4294967295,
        "name": "Generic Point 115",
        "x": -2133.263427734375,
        "y": 300.8858642578125,
        "z": 8079.44677734375
    },
    {
        "color": 4294967295,
        "name": "Generic Point 116",
        "x": -2107.86083984375,
        "y": 320.92620849609375,
        "z": 8042.14013671875
    },
    {
        "color": 4294967295,
        "name": "Generic Point 117",
        "x": -2216.999755859375,
        "y": 177.67477416992188,
        "z": 8058.89111328125
    },
    {
        "color": 4294967295,
        "name": "Generic Point 118",
        "x": -2019.0643310546875,
        "y": 301.5345458984375,
        "z": 8006.4462890625
    },
    {
        "color": 4294967295,
        "name": "Generic Point 119",
        "x": -1927.296875,
        "y": 95.46580505371094,
        "z": 8783.228515625
    },
    {
        "color": 4294967295,
        "name": "Generic Point 12",
        "x": -1762.0914306640625,
        "y": 50.3348388671875,
        "z": 8405.6064453125
    },
    {
        "color": 4294967295,
        "name": "Generic Point 120",
        "x": -1829.0479736328125,
        "y": 197.91969299316406,
        "z": 7917.4091796875
    },
    {
        "color": 4294967295,
        "name": "Generic Point 121",
        "x": -1416.0291748046875,
        "y": 113.11375427246094,
        "z": 7821.349609375
    },
    {
        "color": 4294967295,
        "name": "Generic Point 122",
        "x": -1806.054443359375,
        "y": 194.65406799316406,
        "z": 7913.171875
    },
    {
        "color": 4294967295,
        "name": "Generic Point 123",
        "x": -2104.66162109375,
        "y": 112.05397033691406,
        "z": 7655.2470703125
    },
    {
        "color": 4294967295,
        "name": "Generic Point 124",
        "x": -2187.8505859375,
        "y": 104.44198608398438,
        "z": 7490.85400390625
    },
    {
        "color": 4294967295,
        "name": "Generic Point 125",
        "x": -1804.1490478515625,
        "y": -135.70274353027344,
        "z": 7812.16748046875
    },
    {
        "color": 4294967295,
        "name": "Generic Point 126",
        "x": -1410.04541015625,
        "y": 208.21115112304688,
        "z": 7729.330078125
    },
    {
        "color": 4294967295,
        "name": "Generic Point 127",
        "x": -1451.015625,
        "y": 276.35491943359375,
        "z": 7744.0595703125
    },
    {
        "color": 4294967295,
        "name": "Generic Point 128",
        "x": -1524.991943359375,
        "y": 93.76434326171875,
        "z": 7964.6357421875
    },
    {
        "color": 4294967295,
        "name": "Generic Point 129",
        "x": -1588.11181640625,
        "y": 120.8552474975586,
        "z": 8009.6064453125
    },
    {
        "color": 4294967295,
        "name": "Generic Point 13",
        "x": -1214.28271484375,
        "y": 191.54273986816406,
        "z": 8387.0986328125
    },
    {
        "color": 4294967295,
        "name": "Generic Point 130",
        "x": -1711.486328125,
        "y": 58.41069412231445,
        "z": 8062.72021484375
    },
    {
        "color": 4294967295,
        "name": "Generic Point 131",
        "x": -1715.685546875,
        "y": 58.38307571411133,
        "z": 8058.5146484375
    },
    {
        "color": 4294967295,
        "name": "Generic Point 132",
        "x": -1638.0594482421875,
        "y": 64.50420379638672,
        "z": 8082.00341796875
    },
    {
        "color": 4294967295,
        "name": "Generic Point 133",
        "x": -1753.724853515625,
        "y": 56.8813362121582,
        "z": 8001.60302734375
    },
    {
        "color": 4294967295,
        "name": "Generic Point 134",
        "x": -1403.7418212890625,
        "y": 155.64332580566406,
        "z": 7850.17919921875
    },
    {
        "color": 4294967295,
        "name": "Generic Point 135",
        "x": -1361.253662109375,
        "y": 146.8336944580078,
        "z": 7955.59912109375
    },
    {
        "color": 4294967295,
        "name": "Generic Point 136",
        "x": -1409.359130859375,
        "y": 141.04473876953125,
        "z": 7946.9931640625
    },
    {
        "color": 4294967295,
        "name": "Generic Point 137",
        "x": -1464.0006103515625,
        "y": 132.17575073242188,
        "z": 8105.4775390625
    },
    {
        "color": 4294967295,
        "name": "Generic Point 138",
        "x": -1584.1893310546875,
        "y": 118.03709411621094,
        "z": 8225.4912109375
    },
    {
        "color": 4294967295,
        "name": "Generic Point 139",
        "x": -1643.8931884765625,
        "y": 116.25328826904297,
        "z": 8234.6875
    },
    {
        "color": 4294967295,
        "name": "Generic Point 14",
        "x": -1231.8753662109375,
        "y": 161.70648193359375,
        "z": 8351.0126953125
    },
    {
        "color": 4294967295,
        "name": "Generic Point 140",
        "x": -1486.954833984375,
        "y": 21.790485382080078,
        "z": 8341.5126953125
    },
    {
        "color": 4294967295,
        "name": "Generic Point 141",
        "x": -1377.605224609375,
        "y": 70.87107849121094,
        "z": 8436.7099609375
    },
    {
        "color": 4294967295,
        "name": "Generic Point 142",
        "x": -1395.2042236328125,
        "y": 66.71271514892578,
        "z": 8479.142578125
    },
    {
        "color": 4294967295,
        "name": "Generic Point 143",
        "x": -1651.0712890625,
        "y": 51.6787109375,
        "z": 8152.103515625
    },
    {
        "color": 4294967295,
        "name": "Generic Point 144",
        "x": -1569.24072265625,
        "y": 32.81523513793945,
        "z": 8633.8837890625
    },
    {
        "color": 4294967295,
        "name": "Generic Point 145",
        "x": -1795.40771484375,
        "y": -25.27109146118164,
        "z": 8637.8369140625
    },
    {
        "color": 4294967295,
        "name": "Generic Point 146",
        "x": -1546.00390625,
        "y": 11.730917930603027,
        "z": 8743.2734375
    },
    {
        "color": 4294967295,
        "name": "Generic Point 147",
        "x": -1513.6678466796875,
        "y": 62.922576904296875,
        "z": 8316.1435546875
    },
    {
        "color": 4294967295,
        "name": "Generic Point 148",
        "x": -1477.1331787109375,
        "y": 70.90377807617188,
        "z": 8399.5390625
    },
    {
        "color": 4294967295,
        "name": "Generic Point 149",
        "x": -1513.3128662109375,
        "y": 123.7002944946289,
        "z": 8485.185546875
    },
    {
        "color": 4294967295,
        "name": "Generic Point 15",
        "x": -1228.36279296875,
        "y": 175.0998077392578,
        "z": 8239.408203125
    },
    {
        "color": 4294967295,
        "name": "Generic Point 150",
        "x": -1533.9677734375,
        "y": 123.94869995117188,
        "z": 8443.03515625
    },
    {
        "color": 4294967295,
        "name": "Generic Point 151",
        "x": -1496.896728515625,
        "y": 124.59928131103516,
        "z": 8446.134765625
    },
    {
        "color": 4294967295,
        "name": "Generic Point 152",
        "x": -1610.5888671875,
        "y": 128.63975524902344,
        "z": 8550.9228515625
    },
    {
        "color": 4294967295,
        "name": "Generic Point 153",
        "x": -1532.537353515625,
        "y": 72.66957092285156,
        "z": 8434.4970703125
    },
    {
        "color": 4294967295,
        "name": "Generic Point 154",
        "x": -1781.2974853515625,
        "y": 34.0192756652832,
        "z": 8359.2705078125
    },
    {
        "color": 4294967295,
        "name": "Generic Point 155",
        "x": -1506.7728271484375,
        "y": 71.81139373779297,
        "z": 8464.06640625
    },
    {
        "color": 4294967295,
        "name": "Generic Point 156",
        "x": -1487.7509765625,
        "y": 70.55116271972656,
        "z": 8461.8056640625
    },
    {
        "color": 4294967295,
        "name": "Generic Point 157",
        "x": -1547.686279296875,
        "y": 65.82902526855469,
        "z": 8491.69921875
    },
    {
        "color": 4294967295,
        "name": "Generic Point 158",
        "x": -1466.7314453125,
        "y": 39.69772720336914,
        "z": 8545.197265625
    },
    {
        "color": 4294967295,
        "name": "Generic Point 159",
        "x": -1460.451416015625,
        "y": 39.249324798583984,
        "z": 8558.9345703125
    },
    {
        "color": 4294967295,
        "name": "Generic Point 16",
        "x": -1357.9921875,
        "y": 116.95500946044922,
        "z": 8168.10693359375
    },
    {
        "color": 4294967295,
        "name": "Generic Point 160",
        "x": -1490.8917236328125,
        "y": 39.54828643798828,
        "z": 8572.1298828125
    },
    {
        "color": 4294967295,
        "name": "Generic Point 161",
        "x": -1438.4697265625,
        "y": 20.695161819458008,
        "z": 8366.4814453125
    },
    {
        "color": 4294967295,
        "name": "Generic Point 162",
        "x": -1425.8359375,
        "y": 12.11892032623291,
        "z": 8477.2568359375
    },
    {
        "color": 4294967295,
        "name": "Generic Point 163",
        "x": -1791.5201416015625,
        "y": 124.44290161132812,
        "z": 8718.14453125
    },
    {
        "color": 4294967295,
        "name": "Generic Point 164",
        "x": -1408.8489990234375,
        "y": 166.6094207763672,
        "z": 8624.7998046875
    },
    {
        "color": 4294967295,
        "name": "Generic Point 17",
        "x": -1464.622802734375,
        "y": 140.8451690673828,
        "z": 8264.328125
    },
    {
        "color": 4294967295,
        "name": "Generic Point 18",
        "x": -1299.129150390625,
        "y": 189.3674774169922,
        "z": 8866.4072265625
    },
    {
        "color": 4294967295,
        "name": "Generic Point 19",
        "x": -1271.7869873046875,
        "y": 191.06216430664062,
        "z": 8928.01953125
    },
    {
        "color": 4294967295,
        "name": "Generic Point 2",
        "x": -1399.4794921875,
        "y": 143.29776000976562,
        "z": 8602.8515625
    },
    {
        "color": 4294967295,
        "name": "Generic Point 20",
        "x": -1280.274658203125,
        "y": 191.3299560546875,
        "z": 8950.232421875
    },
    {
        "color": 4294967295,
        "name": "Generic Point 21",
        "x": -1290.025390625,
        "y": 190.3912811279297,
        "z": 8915.8037109375
    },
    {
        "color": 4294967295,
        "name": "Generic Point 22",
        "x": -1456.492431640625,
        "y": 214.0791778564453,
        "z": 8791.5322265625
    },
    {
        "color": 4294967295,
        "name": "Generic Point 23",
        "x": -1800.5206298828125,
        "y": 35.27680206298828,
        "z": 8414.609375
    },
    {
        "color": 4294967295,
        "name": "Generic Point 24",
        "x": -1505.996337890625,
        "y": 214.53335571289062,
        "z": 8951.51953125
    },
    {
        "color": 4294967295,
        "name": "Generic Point 25",
        "x": -1628.9381103515625,
        "y": 138.7234344482422,
        "z": 9097.9423828125
    },
    {
        "color": 4294967295,
        "name": "Generic Point 26",
        "x": -1659.6900634765625,
        "y": 128.6433868408203,
        "z": 8915.74609375
    },
    {
        "color": 4294967295,
        "name": "Generic Point 27",
        "x": -1720.3621826171875,
        "y": 127.81983184814453,
        "z": 9010.4580078125
    },
    {
        "color": 4294967295,
        "name": "Generic Point 28",
        "x": -1722.95849609375,
        "y": 39.96315383911133,
        "z": 9044.9921875
    },
    {
        "color": 4294967295,
        "name": "Generic Point 29",
        "x": -1511.4854736328125,
        "y": 151.67994689941406,
        "z": 8800.552734375
    },
    {
        "color": 4294967295,
        "name": "Generic Point 3",
        "x": -1617.423095703125,
        "y": -73.72298431396484,
        "z": 8099.91162109375
    },
    {
        "color": 4294967295,
        "name": "Generic Point 30",
        "x": -1915.5118408203125,
        "y": 34.23795700073242,
        "z": 8823.283203125
    },
    {
        "color": 4294967295,
        "name": "Generic Point 31",
        "x": -1888.63623046875,
        "y": 6.421170234680176,
        "z": 8881.0693359375
    },
    {
        "color": 4294967295,
        "name": "Generic Point 32",
        "x": -2098.31787109375,
        "y": 137.0742645263672,
        "z": 8723.7890625
    },
    {
        "color": 4294967295,
        "name": "Generic Point 33",
        "x": -2177.179931640625,
        "y": 353.3526611328125,
        "z": 8413.5556640625
    },
    {
        "color": 4294967295,
        "name": "Generic Point 34",
        "x": -1879.2564697265625,
        "y": 85.75325012207031,
        "z": 8432.416015625
    },
    {
        "color": 4294967295,
        "name": "Generic Point 35",
        "x": -2151.542236328125,
        "y": 160.47837829589844,
        "z": 7978.99951171875
    },
    {
        "color": 4294967295,
        "name": "Generic Point 36",
        "x": -1854.6861572265625,
        "y": 95.7269515991211,
        "z": 8779.1904296875
    },
    {
        "color": 4294967295,
        "name": "Generic Point 37",
        "x": -2223.799560546875,
        "y": 298.92950439453125,
        "z": 8342.0869140625
    },
    {
        "color": 4294967295,
        "name": "Generic Point 38",
        "x": -2347.610595703125,
        "y": 279.43914794921875,
        "z": 7910.8427734375
    },
    {
        "color": 4294967295,
        "name": "Generic Point 39",
        "x": -2458.13330078125,
        "y": 289.7630920410156,
        "z": 8407.654296875
    },
    {
        "color": 4294967295,
        "name": "Generic Point 4",
        "x": -1486.025634765625,
        "y": 139.40243530273438,
        "z": 8671.13671875
    },
    {
        "color": 4294967295,
        "name": "Generic Point 40",
        "x": -2084.288818359375,
        "y": 101.12398529052734,
        "z": 8769.9326171875
    },
    {
        "color": 4294967295,
        "name": "Generic Point 41",
        "x": -2469.12353515625,
        "y": 55.3361930847168,
        "z": 7880.43603515625
    },
    {
        "color": 4294967295,
        "name": "Generic Point 42",
        "x": -2553.322265625,
        "y": 53.66428756713867,
        "z": 7854.44287109375
    },
    {
        "color": 4294967295,
        "name": "Generic Point 43",
        "x": -2196.46630859375,
        "y": 218.4944305419922,
        "z": 8139.2734375
    },
    {
        "color": 4294967295,
        "name": "Generic Point 44",
        "x": -2187.03271484375,
        "y": 230.5447235107422,
        "z": 8133.66162109375
    },
    {
        "color": 4294967295,
        "name": "Generic Point 45",
        "x": -1929.532470703125,
        "y": 76.45600128173828,
        "z": 8471.2802734375
    },
    {
        "color": 4294967295,
        "name": "Generic Point 46",
        "x": -1898.3912353515625,
        "y": -150.3151397705078,
        "z": 7817.32470703125
    },
    {
        "color": 4294967295,
        "name": "Generic Point 47",
        "x": -1901.481689453125,
        "y": -149.36764526367188,
        "z": 7875.97705078125
    },
    {
        "color": 4294967295,
        "name": "Generic Point 48",
        "x": -2810.654052734375,
        "y": 120.29987335205078,
        "z": 8621.4453125
    },
    {
        "color": 4294967295,
        "name": "Generic Point 49",
        "x": -2917.44384765625,
        "y": 201.33660888671875,
        "z": 8391.431640625
    },
    {
        "color": 4294967295,
        "name": "Generic Point 5",
        "x": -1263.5487060546875,
        "y": 255.99021911621094,
        "z": 8676.3525390625
    },
    {
        "color": 4294967295,
        "name": "Generic Point 50",
        "x": -2236.24267578125,
        "y": 209.6863555908203,
        "z": 7956.6015625
    },
    {
        "color": 4294967295,
        "name": "Generic Point 51",
        "x": -2919.87353515625,
        "y": 201.24185180664062,
        "z": 8390.326171875
    },
    {
        "color": 4294967295,
        "name": "Generic Point 52",
        "x": -1586.77880859375,
        "y": -76.73926544189453,
        "z": 7954.580078125
    },
    {
        "color": 4294967295,
        "name": "Generic Point 53",
        "x": -2194.616943359375,
        "y": 214.06936645507812,
        "z": 7980.47705078125
    },
    {
        "color": 4294967295,
        "name": "Generic Point 54",
        "x": -2204.14697265625,
        "y": 202.2337188720703,
        "z": 7902.044921875
    },
    {
        "color": 4294967295,
        "name": "Generic Point 55",
        "x": -1391.1370849609375,
        "y": -755.1672973632812,
        "z": 8054.5283203125
    },
    {
        "color": 4294967295,
        "name": "Generic Point 56",
        "x": -1895.25537109375,
        "y": 71.97988891601562,
        "z": 8518.568359375
    },
    {
        "color": 4294967295,
        "name": "Generic Point 57",
        "x": -1709.6593017578125,
        "y": 35.409969329833984,
        "z": 8692.78125
    },
    {
        "color": 4294967295,
        "name": "Generic Point 58",
        "x": -2341.511474609375,
        "y": 205.0552978515625,
        "z": 8679.7138671875
    },
    {
        "color": 4294967295,
        "name": "Generic Point 59",
        "x": -1564.2518310546875,
        "y": -76.9451675415039,
        "z": 8022.56982421875
    },
    {
        "color": 4294967295,
        "name": "Generic Point 6",
        "x": -1318.3489990234375,
        "y": 149.75254821777344,
        "z": 8405.3515625
    },
    {
        "color": 4294967295,
        "name": "Generic Point 60",
        "x": -1294.7183837890625,
        "y": -203.7682647705078,
        "z": 8610.3193359375
    },
    {
        "color": 4294967295,
        "name": "Generic Point 61",
        "x": -1434.284912109375,
        "y": -61.348567962646484,
        "z": 8066.79736328125
    },
    {
        "color": 4294967295,
        "name": "Generic Point 62",
        "x": -1679.4525146484375,
        "y": -40.16202926635742,
        "z": 7980.5947265625
    },
    {
        "color": 4294967295,
        "name": "Generic Point 63",
        "x": -1504.6754150390625,
        "y": -71.66730499267578,
        "z": 8130.79833984375
    },
    {
        "color": 4294967295,
        "name": "Generic Point 64",
        "x": -1777.666015625,
        "y": 148.6596221923828,
        "z": 8608.69921875
    },
    {
        "color": 4294967295,
        "name": "Generic Point 65",
        "x": -2156.3056640625,
        "y": 93.63046264648438,
        "z": 7606.1708984375
    },
    {
        "color": 4294967295,
        "name": "Generic Point 66",
        "x": -1936.62451171875,
        "y": 121.16094970703125,
        "z": 7847.505859375
    },
    {
        "color": 4294967295,
        "name": "Generic Point 67",
        "x": -1858.3582763671875,
        "y": 44.24925994873047,
        "z": 8424.869140625
    },
    {
        "color": 4294967295,
        "name": "Generic Point 68",
        "x": -1412.892822265625,
        "y": 117.42462921142578,
        "z": 7517.5498046875
    },
    {
        "color": 4294967295,
        "name": "Generic Point 69",
        "x": -2334.9775390625,
        "y": 264.80792236328125,
        "z": 8305.2880859375
    },
    {
        "color": 4294967295,
        "name": "Generic Point 7",
        "x": -1300.3612060546875,
        "y": 151.85720825195312,
        "z": 8449.4912109375
    },
    {
        "color": 4294967295,
        "name": "Generic Point 70",
        "x": -2277.181884765625,
        "y": 276.52001953125,
        "z": 8265.7822265625
    },
    {
        "color": 4294967295,
        "name": "Generic Point 71",
        "x": -2295.6650390625,
        "y": 284.1966247558594,
        "z": 8260.376953125
    },
    {
        "color": 4294967295,
        "name": "Generic Point 72",
        "x": -2333.027587890625,
        "y": 265.4742736816406,
        "z": 8277.048828125
    },
    {
        "color": 4294967295,
        "name": "Generic Point 73",
        "x": -1899.600830078125,
        "y": 54.72867965698242,
        "z": 9115.892578125
    },
    {
        "color": 4294967295,
        "name": "Generic Point 74",
        "x": -1888.604248046875,
        "y": 112.6903076171875,
        "z": 8273.23046875
    },
    {
        "color": 4294967295,
        "name": "Generic Point 75",
        "x": -1737.0841064453125,
        "y": 48.4489631652832,
        "z": 8206.275390625
    },
    {
        "color": 4294967295,
        "name": "Generic Point 76",
        "x": -1935.7178955078125,
        "y": 114.0203628540039,
        "z": 8591.265625
    },
    {
        "color": 4294967295,
        "name": "Generic Point 77",
        "x": -2216.425048828125,
        "y": 233.5361785888672,
        "z": 8725.6474609375
    },
    {
        "color": 4294967295,
        "name": "Generic Point 78",
        "x": -1968.59423828125,
        "y": 85.80413055419922,
        "z": 8524.2548828125
    },
    {
        "color": 4294967295,
        "name": "Generic Point 79",
        "x": -2176.057861328125,
        "y": 120.82727813720703,
        "z": 9044.40234375
    },
    {
        "color": 4294967295,
        "name": "Generic Point 8",
        "x": -1304.440185546875,
        "y": 150.9635467529297,
        "z": 8397.6171875
    },
    {
        "color": 4294967295,
        "name": "Generic Point 80",
        "x": -2150.9541015625,
        "y": 122.0615234375,
        "z": 8879.8720703125
    },
    {
        "color": 4294967295,
        "name": "Generic Point 81",
        "x": -2176.0703125,
        "y": 120.61439514160156,
        "z": 8885.314453125
    },
    {
        "color": 4294967295,
        "name": "Generic Point 82",
        "x": -2416.97119140625,
        "y": 69.21543884277344,
        "z": 8935.994140625
    },
    {
        "color": 4294967295,
        "name": "Generic Point 83",
        "x": -2499.0546875,
        "y": 217.3384246826172,
        "z": 8879.9501953125
    },
    {
        "color": 4294967295,
        "name": "Generic Point 84",
        "x": -2483.0439453125,
        "y": 218.81527709960938,
        "z": 8870.2919921875
    },
    {
        "color": 4294967295,
        "name": "Generic Point 85",
        "x": -2241.981689453125,
        "y": 218.52403259277344,
        "z": 8105.0634765625
    },
    {
        "color": 4294967295,
        "name": "Generic Point 86",
        "x": -2194.956298828125,
        "y": 101.72492218017578,
        "z": 7509.02783203125
    },
    {
        "color": 4294967295,
        "name": "Generic Point 87",
        "x": -2208.416015625,
        "y": 99.43700408935547,
        "z": 7593.34228515625
    },
    {
        "color": 4294967295,
        "name": "Generic Point 88",
        "x": -2337.686767578125,
        "y": 279.73382568359375,
        "z": 7954.505859375
    },
    {
        "color": 4294967295,
        "name": "Generic Point 89",
        "x": -2255.919189453125,
        "y": 112.15274047851562,
        "z": 7647.6162109375
    },
    {
        "color": 4294967295,
        "name": "Generic Point 9",
        "x": -1253.6571044921875,
        "y": 158.11431884765625,
        "z": 8365.408203125
    },
    {
        "color": 4294967295,
        "name": "Generic Point 90",
        "x": -2302.2666015625,
        "y": 279.2230529785156,
        "z": 7872.26025390625
    },
    {
        "color": 4294967295,
        "name": "Generic Point 91",
        "x": -2223.595703125,
        "y": 177.1331329345703,
        "z": 7850.01416015625
    },
    {
        "color": 4294967295,
        "name": "Generic Point 92",
        "x": -2109.49365234375,
        "y": 268.6940612792969,
        "z": 7842.45947265625
    },
    {
        "color": 4294967295,
        "name": "Generic Point 93",
        "x": -2152.779052734375,
        "y": 269.7493591308594,
        "z": 7886.67431640625
    },
    {
        "color": 4294967295,
        "name": "Generic Point 94",
        "x": -2515.639892578125,
        "y": 203.14385986328125,
        "z": 7846.3720703125
    },
    {
        "color": 4294967295,
        "name": "Generic Point 95",
        "x": -2607.520263671875,
        "y": 204.91737365722656,
        "z": 7964.92626953125
    },
    {
        "color": 4294967295,
        "name": "Generic Point 96",
        "x": -2335.093505859375,
        "y": 229.48501586914062,
        "z": 8104.546875
    },
    {
        "color": 4294967295,
        "name": "Generic Point 97",
        "x": -1982.3216552734375,
        "y": 228.0786895751953,
        "z": 7566.03515625
    },
    {
        "color": 4294967295,
        "name": "Generic Point 98",
        "x": -2252.331298828125,
        "y": 240.2412109375,
        "z": 8709.0634765625
    },
    {
        "color": 4294967295,
        "name": "Generic Point 99",
        "x": -1504.2054443359375,
        "y": 176.75848388671875,
        "z": 7694.4228515625
    }
]