[
    {
        "color": 4294967295,
        "name": "Generic Point 0",
        "x": -980.100952,
        "y": 232.724609,
        "z": 1885.455078
    },
    {
        "color": 4294967295,
        "name": "Generic Point 1",
        "x": -989.569153,
        "y": 310.169006,
        "z": 1598.784668
    },
    {
        "color": 4294967295,
        "name": "Generic Point 2",
        "x": -846.887695,
        "y": 155.660995,
        "z": 1660.981689
    },
    {
        "color": 4294967295,
        "name": "Generic Point 3",
        "x": -824.658813,
        "y": 99.959923,
        "z": 1938.431152
    },
    {
        "color": 4294967295,
        "name": "Generic Point 4",
        "x": -836.219971,
        "y": 235.666611,
        "z": 2013.338745
    },
    {
        "color": 4294967295,
        "name": "Generic Point 5",
        "x": -575.743286,
        "y": 273.436829,
        "z": 1920.88501
    },
    {
        "color": 4294967295,
        "name": "Generic Point 6",
        "x": -517.893677,
        "y": 127.168304,
        "z": 1830.566895
    },
    {
        "color": 4294967295,
        "name": "Generic Point 7",
        "x": -429.725098,
        "y": 304.949585,
        "z": 1755.902588
    },
    {
        "color": 4294967295,
        "name": "Generic Point 8",
        "x": -646.96698,
        "y": 264.988281,
        "z": 1464.707642
    }
]