[
    {
        "color": 4294967295,
        "name": "Generic Point 00",
        "x": 1954.56005859375,
        "y": 200.10006713867188,
        "z": 9723.6806640625
    },
    {
        "color": 4294967295,
        "name": "Generic Point 01",
        "x": 2387.921875,
        "y": 201.86300659179688,
        "z": 9650.5986328125
    },
    {
        "color": 4294967295,
        "name": "Generic Point 02",
        "x": 2058.081787109375,
        "y": 200.622802734375,
        "z": 9097.8291015625
    },
    {
        "color": 4294967295,
        "name": "Generic Point 03",
        "x": 2769.89208984375,
        "y": 262.3429870605469,
        "z": 9055.8115234375
    },
    {
        "color": 4294967295,
        "name": "Generic Point 04",
        "x": 3536.08935546875,
        "y": 201.2628631591797,
        "z": 9522.2373046875
    },
    {
        "color": 4294967295,
        "name": "Generic Point 05",
        "x": 3525.096435546875,
        "y": 225.12820434570312,
        "z": 9798.48046875
    },
    {
        "color": 4294967295,
        "name": "Generic Point 06",
        "x": 2012.457275390625,
        "y": 200.3627471923828,
        "z": 10896.6513671875
    },
    {
        "color": 4294967295,
        "name": "Generic Point 07",
        "x": 1653.0751953125,
        "y": 200.93994140625,
        "z": 10185.5419921875
    }
]