[
    {
        "color": 4294967295,
        "name": "Generic Point 00",
        "x": 2753.63671875,
        "y": 204.61965942382812,
        "z": 9084.8095703125
    },
    {
        "color": 4294967295,
        "name": "Generic Point 01",
        "x": 3187.802490234375,
        "y": 204.7138214111328,
        "z": 9594.6455078125
    },
    {
        "color": 4294967295,
        "name": "Generic Point 02",
        "x": 3480.076171875,
        "y": 243.4752197265625,
        "z": 9586.9443359375
    },
    {
        "color": 4294967295,
        "name": "Generic Point 03",
        "x": 3572.868408203125,
        "y": 240.3338623046875,
        "z": 9869.4423828125
    },
    {
        "color": 4294967295,
        "name": "Generic Point 04",
        "x": 3579.625,
        "y": 202.5028839111328,
        "z": 9934.9072265625
    },
    {
        "color": 4294967295,
        "name": "Generic Point 05",
        "x": 3525.1025390625,
        "y": 204.51075744628906,
        "z": 9970.0615234375
    },
    {
        "color": 4294967295,
        "name": "Generic Point 06",
        "x": 3301.62890625,
        "y": 407.3038024902344,
        "z": 9861.353515625
    },
    {
        "color": 4294967295,
        "name": "Generic Point 07",
        "x": 3013.47314453125,
        "y": 204.70559692382812,
        "z": 9958.33984375
    },
    {
        "color": 4294967295,
        "name": "Generic Point 08",
        "x": 2993.14208984375,
        "y": 204.43861389160156,
        "z": 9833.783203125
    },
    {
        "color": 4294967295,
        "name": "Generic Point 09",
        "x": 3264.8681640625,
        "y": 153.05665588378906,
        "z": 10169.26171875
    }
]