[
    {
        "color": 4294967295,
        "name": "Generic Point 0",
        "x": -6248.80859375,
        "y": 218.2637939453125,
        "z": -2800.768798828125
    },
    {
        "color": 4294967295,
        "name": "Generic Point 1",
        "x": -6070.8564453125,
        "y": 211.61114501953125,
        "z": -2844.466796875
    },
    {
        "color": 4294967295,
        "name": "Generic Point 2",
        "x": -6140.53515625,
        "y": 202.478271484375,
        "z": -2718.361572265625
    },
    {
        "color": 4294967295,
        "name": "Generic Point 3",
        "x": -6393.111328125,
        "y": 263.7798767089844,
        "z": -2651.670654296875
    },
    {
        "color": 4294967295,
        "name": "Generic Point 4",
        "x": -6017.0556640625,
        "y": 201.39218139648438,
        "z": -2445.8701171875
    },
    {
        "color": 4294967295,
        "name": "Generic Point 5",
        "x": -6787.166015625,
        "y": 201.47308349609375,
        "z": -2672.674560546875
    }
]