[
    {
        "color": 4294967295,
        "name": "Generic Point 0",
        "x": -181.28009033203125,
        "y": 282.4024658203125,
        "z": 1458.9559326171875
    },
    {
        "color": 4294967295,
        "name": "Generic Point 1",
        "x": -421.7777099609375,
        "y": 219.4774932861328,
        "z": 1739.296630859375
    },
    {
        "color": 4294967295,
        "name": "Generic Point 2",
        "x": -750.1132202148438,
        "y": 168.25755310058594,
        "z": 1974.039794921875
    },
    {
        "color": 4294967295,
        "name": "Generic Point 3",
        "x": -961.01220703125,
        "y": 237.13796997070312,
        "z": 1958.5587158203125
    },
    {
        "color": 4294967295,
        "name": "Generic Point 4",
        "x": -820.785400390625,
        "y": 154.0774688720703,
        "z": 1635.1614990234375
    },
    {
        "color": 4294967295,
        "name": "Generic Point 5",
        "x": -881.350341796875,
        "y": 137.158935546875,
        "z": 1858.351806640625
    },
    {
        "color": 4294967295,
        "name": "Generic Point 6",
        "x": -596.2474365234375,
        "y": 148.6267852783203,
        "z": 1632.785888671875
    },
    {
        "color": 4294967295,
        "name": "Generic Point 7",
        "x": -519.2435302734375,
        "y": 125.95442199707031,
        "z": 1833.89990234375
    }
]