[
    {
        "color": 4294967295,
        "name": "Generic Point 000",
        "x": 1660.999755859375,
        "y": 228.1247100830078,
        "z": 9451.48046875
    },
    {
        "color": 4294967295,
        "name": "Generic Point 001",
        "x": 1628.1478271484375,
        "y": 305.0379943847656,
        "z": 9529.6865234375
    },
    {
        "color": 4294967295,
        "name": "Generic Point 002",
        "x": 1730.521484375,
        "y": 206.70069885253906,
        "z": 9659.2958984375
    },
    {
        "color": 4294967295,
        "name": "Generic Point 003",
        "x": 1809.37255859375,
        "y": 256.54766845703125,
        "z": 9727.34765625
    },
    {
        "color": 4294967295,
        "name": "Generic Point 004",
        "x": 1912.569091796875,
        "y": 201.19821166992188,
        "z": 9744.4619140625
    },
    {
        "color": 4294967295,
        "name": "Generic Point 005",
        "x": 1718.135009765625,
        "y": 261.2284851074219,
        "z": 9874.48046875
    },
    {
        "color": 4294967295,
        "name": "Generic Point 006",
        "x": 1537.490234375,
        "y": 204.32806396484375,
        "z": 10021.7900390625
    },
    {
        "color": 4294967295,
        "name": "Generic Point 007",
        "x": 1855.868408203125,
        "y": 238.14295959472656,
        "z": 10384.7978515625
    },
    {
        "color": 4294967295,
        "name": "Generic Point 008",
        "x": 1896.4208984375,
        "y": 139.56175231933594,
        "z": 10461.2626953125
    },
    {
        "color": 4294967295,
        "name": "Generic Point 009",
        "x": 1919.13427734375,
        "y": 235.68331909179688,
        "z": 10525.064453125
    },
    {
        "color": 4294967295,
        "name": "Generic Point 010",
        "x": 1783.5692138671875,
        "y": 205.31072998046875,
        "z": 10553.349609375
    },
    {
        "color": 4294967295,
        "name": "Generic Point 011",
        "x": 1795.9151611328125,
        "y": 200.82388305664062,
        "z": 10785.0791015625
    },
    {
        "color": 4294967295,
        "name": "Generic Point 012",
        "x": 1691.90576171875,
        "y": 202.2653045654297,
        "z": 10960.1826171875
    },
    {
        "color": 4294967295,
        "name": "Generic Point 013",
        "x": 1588.60302734375,
        "y": 227.36203002929688,
        "z": 11062.14453125
    },
    {
        "color": 4294967295,
        "name": "Generic Point 014",
        "x": 2055.9541015625,
        "y": 303.5095520019531,
        "z": 10756.80078125
    },
    {
        "color": 4294967295,
        "name": "Generic Point 015",
        "x": 2276.745361328125,
        "y": 201.15591430664062,
        "z": 10793.31640625
    },
    {
        "color": 4294967295,
        "name": "Generic Point 016",
        "x": 2829.512939453125,
        "y": 201.50611877441406,
        "z": 9899.783203125
    },
    {
        "color": 4294967295,
        "name": "Generic Point 017",
        "x": 3026.17333984375,
        "y": 203.7353057861328,
        "z": 9822.0322265625
    },
    {
        "color": 4294967295,
        "name": "Generic Point 018",
        "x": 3131.31494140625,
        "y": 203.71974182128906,
        "z": 9704.7880859375
    },
    {
        "color": 4294967295,
        "name": "Generic Point 019",
        "x": 3091.101318359375,
        "y": 205.30226135253906,
        "z": 9551.6689453125
    },
    {
        "color": 4294967295,
        "name": "Generic Point 020",
        "x": 3353.1513671875,
        "y": 103.29524230957031,
        "z": 9480.03125
    },
    {
        "color": 4294967295,
        "name": "Generic Point 021",
        "x": 3397.58056640625,
        "y": 231.34005737304688,
        "z": 9596.5458984375
    },
    {
        "color": 4294967295,
        "name": "Generic Point 022",
        "x": 3287.19873046875,
        "y": 379.4944763183594,
        "z": 9736.6005859375
    },
    {
        "color": 4294967295,
        "name": "Generic Point 023",
        "x": 3207.665283203125,
        "y": 351.2204895019531,
        "z": 9841.9404296875
    },
    {
        "color": 4294967295,
        "name": "Generic Point 024",
        "x": 3230.83740234375,
        "y": 377.6676330566406,
        "z": 9930.6962890625
    },
    {
        "color": 4294967295,
        "name": "Generic Point 025",
        "x": 3132.52001953125,
        "y": 357.4081115722656,
        "z": 9911.2138671875
    },
    {
        "color": 4294967295,
        "name": "Generic Point 026",
        "x": 3344.5849609375,
        "y": 408.8115539550781,
        "z": 9951.7021484375
    },
    {
        "color": 4294967295,
        "name": "Generic Point 027",
        "x": 3594.390625,
        "y": 236.72512817382812,
        "z": 9872.7255859375
    },
    {
        "color": 4294967295,
        "name": "Generic Point 028",
        "x": 3279.9755859375,
        "y": 153.06732177734375,
        "z": 10179.181640625
    },
    {
        "color": 4294967295,
        "name": "Generic Point 029",
        "x": 3321.62109375,
        "y": 93.35014343261719,
        "z": 10202.96875
    },
    {
        "color": 4294967295,
        "name": "Generic Point 030",
        "x": 3141.0048828125,
        "y": 203.32778930664062,
        "z": 10107.076171875
    },
    {
        "color": 4294967295,
        "name": "Generic Point 031",
        "x": 3543.5537109375,
        "y": 200.8279266357422,
        "z": 9309.279296875
    },
    {
        "color": 4294967295,
        "name": "Generic Point 032",
        "x": 3306.0224609375,
        "y": 202.9571533203125,
        "z": 9201.67578125
    },
    {
        "color": 4294967295,
        "name": "Generic Point 033",
        "x": 2847.38720703125,
        "y": 225.7637939453125,
        "z": 9188.0771484375
    },
    {
        "color": 4294967295,
        "name": "Generic Point 034",
        "x": 2522.6611328125,
        "y": 340.7589416503906,
        "z": 9213.42578125
    },
    {
        "color": 4294967295,
        "name": "Generic Point 035",
        "x": 2480.03076171875,
        "y": 195.93641662597656,
        "z": 9265.064453125
    },
    {
        "color": 4294967295,
        "name": "Generic Point 036",
        "x": 2349.232421875,
        "y": 212.5457000732422,
        "z": 9250.71484375
    },
    {
        "color": 4294967295,
        "name": "Generic Point 037",
        "x": 2239.209228515625,
        "y": 267.9105224609375,
        "z": 9228.564453125
    },
    {
        "color": 4294967295,
        "name": "Generic Point 038",
        "x": 2251.2646484375,
        "y": 220.01866149902344,
        "z": 9129.1171875
    },
    {
        "color": 4294967295,
        "name": "Generic Point 039",
        "x": 2300.36083984375,
        "y": 275.5868225097656,
        "z": 9095.38671875
    },
    {
        "color": 4294967295,
        "name": "Generic Point 040",
        "x": 2505.64501953125,
        "y": 326.60528564453125,
        "z": 8953.6162109375
    },
    {
        "color": 4294967295,
        "name": "Generic Point 041",
        "x": 2206.0224609375,
        "y": 203.7439422607422,
        "z": 8838.2685546875
    },
    {
        "color": 4294967295,
        "name": "Generic Point 042",
        "x": 1903.8245849609375,
        "y": 253.64910888671875,
        "z": 9219.6962890625
    },
    {
        "color": 4294967295,
        "name": "Generic Point 043",
        "x": 1858.2593994140625,
        "y": 238.85081481933594,
        "z": 9358.98046875
    },
    {
        "color": 4294967295,
        "name": "Generic Point 044",
        "x": 2108.187255859375,
        "y": 305.9974060058594,
        "z": 9354.6484375
    },
    {
        "color": 4294967295,
        "name": "Generic Point 045",
        "x": 2133.716796875,
        "y": 232.21246337890625,
        "z": 9560.09375
    }
]