[
    {
        "color": 4294967295,
        "name": "Generic Point 0",
        "x": -4221.4326171875,
        "y": 209.7729034423828,
        "z": -2434.79931640625
    },
    {
        "color": 4294967295,
        "name": "Generic Point 1",
        "x": -4302.9609375,
        "y": 206.58827209472656,
        "z": -2459.544677734375
    },
    {
        "color": 4294967295,
        "name": "Generic Point 2",
        "x": -4298.64306640625,
        "y": 204.84848022460938,
        "z": -2548.31689453125
    },
    {
        "color": 4294967295,
        "name": "Generic Point 3",
        "x": -4221.19091796875,
        "y": 203.4242706298828,
        "z": -2588.00390625
    }
]