[
    {
        "color": 4294967295,
        "name": "Generic Point 0",
        "x": -3446.48388671875,
        "y": 208.96627807617188,
        "z": -2763.6064453125
    },
    {
        "color": 4294967295,
        "name": "Generic Point 1",
        "x": -4046.03173828125,
        "y": 211.90850830078125,
        "z": -2187.93310546875
    },
    {
        "color": 4294967295,
        "name": "Generic Point 10",
        "x": -3896.993896484375,
        "y": 266.4593811035156,
        "z": -2243.4404296875
    },
    {
        "color": 4294967295,
        "name": "Generic Point 11",
        "x": -3434.976318359375,
        "y": 234.1951904296875,
        "z": -2636.581298828125
    },
    {
        "color": 4294967295,
        "name": "Generic Point 12",
        "x": -3914.324462890625,
        "y": 200.90196228027344,
        "z": -2253.679443359375
    },
    {
        "color": 4294967295,
        "name": "Generic Point 13",
        "x": -3590.53515625,
        "y": 226.7480926513672,
        "z": -1960.6968994140625
    },
    {
        "color": 4294967295,
        "name": "Generic Point 14",
        "x": -3567.796875,
        "y": 252.8546600341797,
        "z": -2130.3037109375
    },
    {
        "color": 4294967295,
        "name": "Generic Point 15",
        "x": -3597.7412109375,
        "y": 219.7791290283203,
        "z": -1709.21337890625
    },
    {
        "color": 4294967295,
        "name": "Generic Point 16",
        "x": -3500.729736328125,
        "y": 209.2330780029297,
        "z": -2640.114501953125
    },
    {
        "color": 4294967295,
        "name": "Generic Point 17",
        "x": -3600.1787109375,
        "y": 207.59085083007812,
        "z": -2399.51171875
    },
    {
        "color": 4294967295,
        "name": "Generic Point 18",
        "x": -3720.679443359375,
        "y": 225.60128784179688,
        "z": -2094.18017578125
    },
    {
        "color": 4294967295,
        "name": "Generic Point 19",
        "x": -3691.711181640625,
        "y": 237.14599609375,
        "z": -2262.965087890625
    },
    {
        "color": 4294967295,
        "name": "Generic Point 2",
        "x": -3635.974609375,
        "y": 277.8155212402344,
        "z": -2342.84814453125
    },
    {
        "color": 4294967295,
        "name": "Generic Point 20",
        "x": -3792.51416015625,
        "y": 247.1651611328125,
        "z": -2267.541259765625
    },
    {
        "color": 4294967295,
        "name": "Generic Point 21",
        "x": -3738.65966796875,
        "y": 236.96192932128906,
        "z": -2205.777587890625
    },
    {
        "color": 4294967295,
        "name": "Generic Point 22",
        "x": -4001.861328125,
        "y": 252.70578002929688,
        "z": -2185.423828125
    },
    {
        "color": 4294967295,
        "name": "Generic Point 3",
        "x": -3818.41015625,
        "y": 239.35264587402344,
        "z": -2372.410888671875
    },
    {
        "color": 4294967295,
        "name": "Generic Point 4",
        "x": -3654.749267578125,
        "y": 237.85423278808594,
        "z": -2379.422607421875
    },
    {
        "color": 4294967295,
        "name": "Generic Point 5",
        "x": -3943.40869140625,
        "y": 199.91708374023438,
        "z": -2420.978271484375
    },
    {
        "color": 4294967295,
        "name": "Generic Point 6",
        "x": -3886.273681640625,
        "y": 207.03817749023438,
        "z": -2555.072265625
    },
    {
        "color": 4294967295,
        "name": "Generic Point 7",
        "x": -3846.14990234375,
        "y": 245.93417358398438,
        "z": -2530.001708984375
    },
    {
        "color": 4294967295,
        "name": "Generic Point 8",
        "x": -3970.17578125,
        "y": 273.5274658203125,
        "z": -2471.1455078125
    },
    {
        "color": 4294967295,
        "name": "Generic Point 9",
        "x": -3910.388671875,
        "y": 275.7091979980469,
        "z": -2260.406494140625
    }
]