[
    {
        "color": 4294967295,
        "name": "Generic Point 00",
        "x": 1335.955810546875,
        "y": 202.39276123046875,
        "z": 10075.1015625
    },
    {
        "color": 4294967295,
        "name": "Generic Point 01",
        "x": 2220.185546875,
        "y": 251.37538146972656,
        "z": 9370.7158203125
    },
    {
        "color": 4294967295,
        "name": "Generic Point 02",
        "x": 3601.1669921875,
        "y": 201.5293731689453,
        "z": 9348.2822265625
    },
    {
        "color": 4294967295,
        "name": "Generic Point 03",
        "x": 2229.40478515625,
        "y": 200.58905029296875,
        "z": 10794.05859375
    }
]