[
    {
        "color": 4294967295,
        "name": "Generic Point 0",
        "x": -3562.865234375,
        "y": 201.57293701171875,
        "z": -2630.35546875
    },
    {
        "color": 4294967295,
        "name": "Generic Point 1",
        "x": -3730.987548828125,
        "y": 205.14642333984375,
        "z": -1674.186279296875
    },
    {
        "color": 4294967295,
        "name": "Generic Point 2",
        "x": -3755.230224609375,
        "y": 236.98487854003906,
        "z": -2214.2294921875
    },
    {
        "color": 4294967295,
        "name": "Generic Point 3",
        "x": -3821.607177734375,
        "y": 250.79864501953125,
        "z": -2345.71142578125
    },
    {
        "color": 4294967295,
        "name": "Generic Point 4",
        "x": -3859.09423828125,
        "y": 201.14297485351562,
        "z": -2624.6982421875
    },
    {
        "color": 4294967295,
        "name": "Generic Point 5",
        "x": -4072.29541015625,
        "y": 237.92506408691406,
        "z": -2399.543212890625
    },
    {
        "color": 4294967295,
        "name": "Generic Point 6",
        "x": -3986.56640625,
        "y": 201.07937622070312,
        "z": -2275.5341796875
    },
    {
        "color": 4294967295,
        "name": "Generic Point 7",
        "x": -3989.50048828125,
        "y": 271.08636474609375,
        "z": -2245.28564453125
    },
    {
        "color": 4294967295,
        "name": "Generic Point 8",
        "x": -3465.87255859375,
        "y": 201.42649841308594,
        "z": -1976.435791015625
    },
    {
        "color": 4294967295,
        "name": "Generic Point 9",
        "x": -3535.486328125,
        "y": 203.63331604003906,
        "z": -2358.07080078125
    }
]