[
    {
        "color": 4294967295,
        "name": "Generic Point 0",
        "x": 1538.24,
        "y": 532.467,
        "z": 4493.43
    },
    {
        "color": 4294967295,
        "name": "Generic Point 1",
        "x": 1293.96,
        "y": 279.816,
        "z": 3958.97
    },
    {
        "color": 4294967295,
        "name": "Generic Point 2",
        "x": 1408.06,
        "y": 99.0245,
        "z": 3997.76
    },
    {
        "color": 4294967295,
        "name": "Generic Point 3",
        "x": 1631.45,
        "y": 355.455,
        "z": 3814.28
    }
]