[
    {
        "color": 4294967295,
        "name": "Generic Point 00",
        "x": 2554.503662109375,
        "y": 297.97540283203125,
        "z": 8830.2880859375
    },
    {
        "color": 4294967295,
        "name": "Generic Point 01",
        "x": 2733.23779296875,
        "y": 376.3074951171875,
        "z": 9343.5107421875
    },
    {
        "color": 4294967295,
        "name": "Generic Point 02",
        "x": 3005.83349609375,
        "y": 207.1256561279297,
        "z": 10422.1875
    },
    {
        "color": 4294967295,
        "name": "Generic Point 03",
        "x": 2066.185546875,
        "y": 302.4808349609375,
        "z": 10763.6826171875
    },
    {
        "color": 4294967295,
        "name": "Generic Point 04",
        "x": 2013.3553466796875,
        "y": 289.02313232421875,
        "z": 10731.8173828125
    },
    {
        "color": 4294967295,
        "name": "Generic Point 05",
        "x": 1891.7672119140625,
        "y": 141.29713439941406,
        "z": 10455.12890625
    }
]