[
    {
        "color": 4294967295,
        "name": "Generic Point 0",
        "x": -2225.31982421875,
        "y": 228.0780487060547,
        "z": 7973.74755859375
    },
    {
        "color": 4294967295,
        "name": "Generic Point 1",
        "x": -2190.66455078125,
        "y": 213.6360626220703,
        "z": 7981.193359375
    },
    {
        "color": 4294967295,
        "name": "Generic Point 2",
        "x": -2197.665283203125,
        "y": 214.33164978027344,
        "z": 7979.3251953125
    },
    {
        "color": 4294967295,
        "name": "Generic Point 3",
        "x": -2208.414306640625,
        "y": 202.2142791748047,
        "z": 7901.02294921875
    },
    {
        "color": 4294967295,
        "name": "Generic Point 4",
        "x": -2211.712646484375,
        "y": 202.49049377441406,
        "z": 7938.017578125
    },
    {
        "color": 4294967295,
        "name": "Generic Point 5",
        "x": -2199.053955078125,
        "y": 202.2232208251953,
        "z": 7900.87158203125
    }
]