[
    {
        "color": 4294967295,
        "name": "Generic Point 0",
        "x": -1740.4222412109375,
        "y": 23.620203018188477,
        "z": 8302.8466796875
    },
    {
        "color": 4294967295,
        "name": "Generic Point 1",
        "x": -1935.651611328125,
        "y": 113.91870880126953,
        "z": 8591.2255859375
    },
    {
        "color": 4294967295,
        "name": "Generic Point 10",
        "x": -2210.006103515625,
        "y": 309.1873474121094,
        "z": 8410.564453125
    },
    {
        "color": 4294967295,
        "name": "Generic Point 100",
        "x": -2596.99072265625,
        "y": 384.5514221191406,
        "z": 8934.0234375
    },
    {
        "color": 4294967295,
        "name": "Generic Point 101",
        "x": -2823.79296875,
        "y": 122.30612182617188,
        "z": 8598.1328125
    },
    {
        "color": 4294967295,
        "name": "Generic Point 102",
        "x": -2802.211669921875,
        "y": 96.6094970703125,
        "z": 8534.212890625
    },
    {
        "color": 4294967295,
        "name": "Generic Point 103",
        "x": -2721.00244140625,
        "y": 40.97397232055664,
        "z": 8651.728515625
    },
    {
        "color": 4294967295,
        "name": "Generic Point 104",
        "x": -2794.68994140625,
        "y": 20.60696792602539,
        "z": 8612.78125
    },
    {
        "color": 4294967295,
        "name": "Generic Point 105",
        "x": -2807.943359375,
        "y": 421.8135681152344,
        "z": 8356.2373046875
    },
    {
        "color": 4294967295,
        "name": "Generic Point 106",
        "x": -1571.2227783203125,
        "y": 39.885398864746094,
        "z": 8273.509765625
    },
    {
        "color": 4294967295,
        "name": "Generic Point 107",
        "x": -1559.6949462890625,
        "y": 197.1063232421875,
        "z": 7521.9306640625
    },
    {
        "color": 4294967295,
        "name": "Generic Point 108",
        "x": -1543.431396484375,
        "y": 202.8919219970703,
        "z": 7537.11669921875
    },
    {
        "color": 4294967295,
        "name": "Generic Point 109",
        "x": -1687.3795166015625,
        "y": 197.7799835205078,
        "z": 7488.8544921875
    },
    {
        "color": 4294967295,
        "name": "Generic Point 11",
        "x": -2146.73974609375,
        "y": 286.0968933105469,
        "z": 8128.29150390625
    },
    {
        "color": 4294967295,
        "name": "Generic Point 110",
        "x": -2068.40087890625,
        "y": 105.42636108398438,
        "z": 7688.16015625
    },
    {
        "color": 4294967295,
        "name": "Generic Point 111",
        "x": -1757.6065673828125,
        "y": 50.86092758178711,
        "z": 8463.5537109375
    },
    {
        "color": 4294967295,
        "name": "Generic Point 112",
        "x": -2661.732177734375,
        "y": 225.58689880371094,
        "z": 8854.6904296875
    },
    {
        "color": 4294967295,
        "name": "Generic Point 113",
        "x": -2291.854736328125,
        "y": 341.9859619140625,
        "z": 8163.3115234375
    },
    {
        "color": 4294967295,
        "name": "Generic Point 114",
        "x": -2171.37646484375,
        "y": 105.04959869384766,
        "z": 7495.78515625
    },
    {
        "color": 4294967295,
        "name": "Generic Point 115",
        "x": -2315.83349609375,
        "y": 226.60488891601562,
        "z": 8084.88134765625
    },
    {
        "color": 4294967295,
        "name": "Generic Point 116",
        "x": -2419.30029296875,
        "y": 349.5648498535156,
        "z": 8294.75
    },
    {
        "color": 4294967295,
        "name": "Generic Point 117",
        "x": -1878.873779296875,
        "y": 7.686832427978516,
        "z": 8896.455078125
    },
    {
        "color": 4294967295,
        "name": "Generic Point 118",
        "x": -1611.4739990234375,
        "y": 152.45700073242188,
        "z": 9023.025390625
    },
    {
        "color": 4294967295,
        "name": "Generic Point 119",
        "x": -1982.728271484375,
        "y": 119.45730590820312,
        "z": 8745.5361328125
    },
    {
        "color": 4294967295,
        "name": "Generic Point 12",
        "x": -2045.579833984375,
        "y": 141.10694885253906,
        "z": 8668.5771484375
    },
    {
        "color": 4294967295,
        "name": "Generic Point 120",
        "x": -2022.596435546875,
        "y": 3.278085947036743,
        "z": 8993.8408203125
    },
    {
        "color": 4294967295,
        "name": "Generic Point 121",
        "x": -1865.959716796875,
        "y": 24.66459083557129,
        "z": 8889.55859375
    },
    {
        "color": 4294967295,
        "name": "Generic Point 122",
        "x": -2529.138671875,
        "y": 222.8098602294922,
        "z": 8415.71875
    },
    {
        "color": 4294967295,
        "name": "Generic Point 123",
        "x": -2636.27734375,
        "y": 242.75836181640625,
        "z": 8595.890625
    },
    {
        "color": 4294967295,
        "name": "Generic Point 124",
        "x": -2478.175537109375,
        "y": 226.93896484375,
        "z": 8347.8740234375
    },
    {
        "color": 4294967295,
        "name": "Generic Point 125",
        "x": -1639.2496337890625,
        "y": 126.66315460205078,
        "z": 8676.740234375
    },
    {
        "color": 4294967295,
        "name": "Generic Point 126",
        "x": -1257.601318359375,
        "y": 192.5581817626953,
        "z": 8895.68359375
    },
    {
        "color": 4294967295,
        "name": "Generic Point 127",
        "x": -1429.2720947265625,
        "y": 238.5645751953125,
        "z": 9027.208984375
    },
    {
        "color": 4294967295,
        "name": "Generic Point 128",
        "x": -1300.1180419921875,
        "y": 173.71217346191406,
        "z": 8792.4423828125
    },
    {
        "color": 4294967295,
        "name": "Generic Point 129",
        "x": -1774.4178466796875,
        "y": 39.74774932861328,
        "z": 9010.80078125
    },
    {
        "color": 4294967295,
        "name": "Generic Point 13",
        "x": -1331.228515625,
        "y": 179.90403747558594,
        "z": 7712.59716796875
    },
    {
        "color": 4294967295,
        "name": "Generic Point 130",
        "x": -1697.541015625,
        "y": 90.98356628417969,
        "z": 9007.4853515625
    },
    {
        "color": 4294967295,
        "name": "Generic Point 131",
        "x": -1775.6688232421875,
        "y": 69.68485260009766,
        "z": 8887.5419921875
    },
    {
        "color": 4294967295,
        "name": "Generic Point 132",
        "x": -1476.3763427734375,
        "y": 72.77592468261719,
        "z": 8102.23779296875
    },
    {
        "color": 4294967295,
        "name": "Generic Point 133",
        "x": -1389.51513671875,
        "y": 51.8437385559082,
        "z": 8441.9951171875
    },
    {
        "color": 4294967295,
        "name": "Generic Point 134",
        "x": -2714.420654296875,
        "y": 60.10167694091797,
        "z": 8498.2119140625
    },
    {
        "color": 4294967295,
        "name": "Generic Point 135",
        "x": -1386.720703125,
        "y": 62.12356948852539,
        "z": 8626.5869140625
    },
    {
        "color": 4294967295,
        "name": "Generic Point 136",
        "x": -1783.1248779296875,
        "y": -6.926753997802734,
        "z": 8658.4716796875
    },
    {
        "color": 4294967295,
        "name": "Generic Point 137",
        "x": -1947.263916015625,
        "y": 9.32418155670166,
        "z": 8907.3505859375
    },
    {
        "color": 4294967295,
        "name": "Generic Point 138",
        "x": -1455.020263671875,
        "y": 66.95682525634766,
        "z": 8278.9580078125
    },
    {
        "color": 4294967295,
        "name": "Generic Point 139",
        "x": -1456.7010498046875,
        "y": 82.14092254638672,
        "z": 8417.310546875
    },
    {
        "color": 4294967295,
        "name": "Generic Point 14",
        "x": -1378.9302978515625,
        "y": 151.98680114746094,
        "z": 7620.12548828125
    },
    {
        "color": 4294967295,
        "name": "Generic Point 140",
        "x": -1459.58544921875,
        "y": 126.965576171875,
        "z": 8471.94140625
    },
    {
        "color": 4294967295,
        "name": "Generic Point 141",
        "x": -1383.929443359375,
        "y": 178.62979125976562,
        "z": 7681.09326171875
    },
    {
        "color": 4294967295,
        "name": "Generic Point 142",
        "x": -1375.34375,
        "y": 151.61712646484375,
        "z": 7650.4912109375
    },
    {
        "color": 4294967295,
        "name": "Generic Point 143",
        "x": -1493.6585693359375,
        "y": 101.69549560546875,
        "z": 7931.61376953125
    },
    {
        "color": 4294967295,
        "name": "Generic Point 144",
        "x": -1569.0521240234375,
        "y": 104.21012115478516,
        "z": 7962.01904296875
    },
    {
        "color": 4294967295,
        "name": "Generic Point 145",
        "x": -2739.990966796875,
        "y": 43.61541748046875,
        "z": 8574.34375
    },
    {
        "color": 4294967295,
        "name": "Generic Point 146",
        "x": -1597.376708984375,
        "y": 92.6606674194336,
        "z": 8008.4384765625
    },
    {
        "color": 4294967295,
        "name": "Generic Point 147",
        "x": -1764.7706298828125,
        "y": 48.954898834228516,
        "z": 8239.4814453125
    },
    {
        "color": 4294967295,
        "name": "Generic Point 148",
        "x": -1777.6036376953125,
        "y": 34.506927490234375,
        "z": 8398.49609375
    },
    {
        "color": 4294967295,
        "name": "Generic Point 149",
        "x": -1758.7540283203125,
        "y": 52.1937141418457,
        "z": 8156.66455078125
    },
    {
        "color": 4294967295,
        "name": "Generic Point 15",
        "x": -1314.9521484375,
        "y": 154.7517852783203,
        "z": 7612.08935546875
    },
    {
        "color": 4294967295,
        "name": "Generic Point 150",
        "x": -1779.3453369140625,
        "y": 25.643293380737305,
        "z": 8146.41796875
    },
    {
        "color": 4294967295,
        "name": "Generic Point 151",
        "x": -1804.9559326171875,
        "y": -42.71882629394531,
        "z": 8091.20654296875
    },
    {
        "color": 4294967295,
        "name": "Generic Point 152",
        "x": -1883.5936279296875,
        "y": -151.05772399902344,
        "z": 7798.22802734375
    },
    {
        "color": 4294967295,
        "name": "Generic Point 153",
        "x": -1958.50634765625,
        "y": -136.36270141601562,
        "z": 7761.06591796875
    },
    {
        "color": 4294967295,
        "name": "Generic Point 154",
        "x": -1987.4007568359375,
        "y": -151.4757080078125,
        "z": 7801.53564453125
    },
    {
        "color": 4294967295,
        "name": "Generic Point 155",
        "x": -1968.5504150390625,
        "y": -152.06695556640625,
        "z": 7807.25634765625
    },
    {
        "color": 4294967295,
        "name": "Generic Point 156",
        "x": -2803.81591796875,
        "y": 64.47737884521484,
        "z": 8654.48046875
    },
    {
        "color": 4294967295,
        "name": "Generic Point 157",
        "x": -1883.530517578125,
        "y": 55.579795837402344,
        "z": 9114.677734375
    },
    {
        "color": 4294967295,
        "name": "Generic Point 158",
        "x": -1922.05419921875,
        "y": 57.32162857055664,
        "z": 8990.92578125
    },
    {
        "color": 4294967295,
        "name": "Generic Point 159",
        "x": -1943.9398193359375,
        "y": 53.78571701049805,
        "z": 8988.28125
    },
    {
        "color": 4294967295,
        "name": "Generic Point 16",
        "x": -1400.203125,
        "y": 153.1773681640625,
        "z": 7593.712890625
    },
    {
        "color": 4294967295,
        "name": "Generic Point 160",
        "x": -2109.9248046875,
        "y": 101.21991729736328,
        "z": 8760.787109375
    },
    {
        "color": 4294967295,
        "name": "Generic Point 161",
        "x": -2185.193603515625,
        "y": 87.59089660644531,
        "z": 8896.376953125
    },
    {
        "color": 4294967295,
        "name": "Generic Point 162",
        "x": -2255.97607421875,
        "y": 43.112937927246094,
        "z": 8856.642578125
    },
    {
        "color": 4294967295,
        "name": "Generic Point 163",
        "x": -2374.020751953125,
        "y": 108.56226348876953,
        "z": 7913.1923828125
    },
    {
        "color": 4294967295,
        "name": "Generic Point 164",
        "x": -2535.691162109375,
        "y": 206.78936767578125,
        "z": 8692.4111328125
    },
    {
        "color": 4294967295,
        "name": "Generic Point 165",
        "x": -2558.299072265625,
        "y": 206.3920135498047,
        "z": 8686.0068359375
    },
    {
        "color": 4294967295,
        "name": "Generic Point 166",
        "x": -2667.4365234375,
        "y": 203.28038024902344,
        "z": 8654.2587890625
    },
    {
        "color": 4294967295,
        "name": "Generic Point 167",
        "x": -2859.51123046875,
        "y": 38.809696197509766,
        "z": 8588.4267578125
    },
    {
        "color": 4294967295,
        "name": "Generic Point 168",
        "x": -2887.49560546875,
        "y": 202.62742614746094,
        "z": 8728.431640625
    },
    {
        "color": 4294967295,
        "name": "Generic Point 169",
        "x": -2512.847412109375,
        "y": 204.08937072753906,
        "z": 9089.7890625
    },
    {
        "color": 4294967295,
        "name": "Generic Point 17",
        "x": -1526.58544921875,
        "y": 105.44503784179688,
        "z": 7913.77490234375
    },
    {
        "color": 4294967295,
        "name": "Generic Point 170",
        "x": -2447.019287109375,
        "y": 223.96670532226562,
        "z": 9111.5419921875
    },
    {
        "color": 4294967295,
        "name": "Generic Point 171",
        "x": -2577.842529296875,
        "y": 307.92095947265625,
        "z": 8943.0517578125
    },
    {
        "color": 4294967295,
        "name": "Generic Point 172",
        "x": -2657.48974609375,
        "y": 216.63839721679688,
        "z": 8847.39453125
    },
    {
        "color": 4294967295,
        "name": "Generic Point 173",
        "x": -2480.903076171875,
        "y": 220.76243591308594,
        "z": 8884.3759765625
    },
    {
        "color": 4294967295,
        "name": "Generic Point 174",
        "x": -2703.77197265625,
        "y": 195.0868377685547,
        "z": 8553.6875
    },
    {
        "color": 4294967295,
        "name": "Generic Point 175",
        "x": -2521.528076171875,
        "y": 209.21658325195312,
        "z": 9063.947265625
    },
    {
        "color": 4294967295,
        "name": "Generic Point 176",
        "x": -2760.9765625,
        "y": 63.013275146484375,
        "z": 8524.6005859375
    },
    {
        "color": 4294967295,
        "name": "Generic Point 177",
        "x": -2788.7138671875,
        "y": 201.42831420898438,
        "z": 8279.26171875
    },
    {
        "color": 4294967295,
        "name": "Generic Point 178",
        "x": -2823.269287109375,
        "y": 28.14624786376953,
        "z": 8554.560546875
    },
    {
        "color": 4294967295,
        "name": "Generic Point 179",
        "x": -2920.1318359375,
        "y": 257.83721923828125,
        "z": 8308.814453125
    },
    {
        "color": 4294967295,
        "name": "Generic Point 18",
        "x": -1568.4656982421875,
        "y": 117.16702270507812,
        "z": 7937.755859375
    },
    {
        "color": 4294967295,
        "name": "Generic Point 180",
        "x": -2921.091552734375,
        "y": 257.7771911621094,
        "z": 8304.865234375
    },
    {
        "color": 4294967295,
        "name": "Generic Point 181",
        "x": -3007.148681640625,
        "y": 201.7756805419922,
        "z": 8537.154296875
    },
    {
        "color": 4294967295,
        "name": "Generic Point 182",
        "x": -3110.954833984375,
        "y": 260.1670227050781,
        "z": 8639.8876953125
    },
    {
        "color": 4294967295,
        "name": "Generic Point 183",
        "x": -3007.6220703125,
        "y": 208.8960418701172,
        "z": 8784.353515625
    },
    {
        "color": 4294967295,
        "name": "Generic Point 184",
        "x": -2140.629638671875,
        "y": 349.7756652832031,
        "z": 8326.0126953125
    },
    {
        "color": 4294967295,
        "name": "Generic Point 185",
        "x": -2256.589111328125,
        "y": 350.32208251953125,
        "z": 8275.1171875
    },
    {
        "color": 4294967295,
        "name": "Generic Point 186",
        "x": -2320.974365234375,
        "y": 358.09039306640625,
        "z": 8480.0732421875
    },
    {
        "color": 4294967295,
        "name": "Generic Point 187",
        "x": -2284.730224609375,
        "y": 337.8170166015625,
        "z": 8502.5908203125
    },
    {
        "color": 4294967295,
        "name": "Generic Point 188",
        "x": -2362.4462890625,
        "y": 214.958251953125,
        "z": 8634.0849609375
    },
    {
        "color": 4294967295,
        "name": "Generic Point 189",
        "x": -2996.8466796875,
        "y": 421.6251525878906,
        "z": 8395.904296875
    },
    {
        "color": 4294967295,
        "name": "Generic Point 19",
        "x": -1745.16455078125,
        "y": 88.64556121826172,
        "z": 8163.326171875
    },
    {
        "color": 4294967295,
        "name": "Generic Point 190",
        "x": -2440.265380859375,
        "y": 224.01150512695312,
        "z": 8542.1201171875
    },
    {
        "color": 4294967295,
        "name": "Generic Point 191",
        "x": -2118.512451171875,
        "y": 345.1523132324219,
        "z": 8179.56689453125
    },
    {
        "color": 4294967295,
        "name": "Generic Point 192",
        "x": -1601.43115234375,
        "y": 81.83476257324219,
        "z": 8028.63623046875
    },
    {
        "color": 4294967295,
        "name": "Generic Point 193",
        "x": -1721.5579833984375,
        "y": 50.496063232421875,
        "z": 8152.16943359375
    },
    {
        "color": 4294967295,
        "name": "Generic Point 194",
        "x": -1782.730712890625,
        "y": 34.72642135620117,
        "z": 8312.0
    },
    {
        "color": 4294967295,
        "name": "Generic Point 195",
        "x": -1761.9031982421875,
        "y": 48.988426208496094,
        "z": 8403.5322265625
    },
    {
        "color": 4294967295,
        "name": "Generic Point 196",
        "x": -1932.29931640625,
        "y": 79.01670837402344,
        "z": 8372.4638671875
    },
    {
        "color": 4294967295,
        "name": "Generic Point 197",
        "x": -1947.935791015625,
        "y": 146.8178253173828,
        "z": 8209.60546875
    },
    {
        "color": 4294967295,
        "name": "Generic Point 198",
        "x": -1966.875732421875,
        "y": 170.10049438476562,
        "z": 8193.357421875
    },
    {
        "color": 4294967295,
        "name": "Generic Point 199",
        "x": -1812.5255126953125,
        "y": 122.16544342041016,
        "z": 8170.74658203125
    },
    {
        "color": 4294967295,
        "name": "Generic Point 2",
        "x": -2809.96142578125,
        "y": 15.430782318115234,
        "z": 8676.162109375
    },
    {
        "color": 4294967295,
        "name": "Generic Point 20",
        "x": -1957.459716796875,
        "y": 180.33071899414062,
        "z": 8179.970703125
    },
    {
        "color": 4294967295,
        "name": "Generic Point 200",
        "x": -2700.8076171875,
        "y": 449.40435791015625,
        "z": 8597.1611328125
    },
    {
        "color": 4294967295,
        "name": "Generic Point 201",
        "x": -1781.231201171875,
        "y": -39.988948822021484,
        "z": 8096.12890625
    },
    {
        "color": 4294967295,
        "name": "Generic Point 202",
        "x": -1797.2734375,
        "y": -137.90853881835938,
        "z": 7868.95068359375
    },
    {
        "color": 4294967295,
        "name": "Generic Point 203",
        "x": -1916.4091796875,
        "y": -149.31504821777344,
        "z": 7864.10791015625
    },
    {
        "color": 4294967295,
        "name": "Generic Point 204",
        "x": -2007.42431640625,
        "y": -140.37135314941406,
        "z": 7816.9150390625
    },
    {
        "color": 4294967295,
        "name": "Generic Point 205",
        "x": -2085.514404296875,
        "y": 144.36827087402344,
        "z": 8594.9560546875
    },
    {
        "color": 4294967295,
        "name": "Generic Point 206",
        "x": -2126.34130859375,
        "y": 153.09405517578125,
        "z": 8704.9228515625
    },
    {
        "color": 4294967295,
        "name": "Generic Point 207",
        "x": -2081.681396484375,
        "y": 115.88212585449219,
        "z": 8846.623046875
    },
    {
        "color": 4294967295,
        "name": "Generic Point 208",
        "x": -2158.33544921875,
        "y": 146.36024475097656,
        "z": 8772.025390625
    },
    {
        "color": 4294967295,
        "name": "Generic Point 209",
        "x": -2248.245361328125,
        "y": 196.1890411376953,
        "z": 8879.064453125
    },
    {
        "color": 4294967295,
        "name": "Generic Point 21",
        "x": -1871.3477783203125,
        "y": -66.78602600097656,
        "z": 7983.1474609375
    },
    {
        "color": 4294967295,
        "name": "Generic Point 210",
        "x": -2281.84765625,
        "y": 221.77911376953125,
        "z": 9023.27734375
    },
    {
        "color": 4294967295,
        "name": "Generic Point 211",
        "x": -2822.9013671875,
        "y": 257.09619140625,
        "z": 8341.7353515625
    },
    {
        "color": 4294967295,
        "name": "Generic Point 212",
        "x": -2157.87109375,
        "y": 120.06946563720703,
        "z": 8972.84375
    },
    {
        "color": 4294967295,
        "name": "Generic Point 213",
        "x": -2292.03466796875,
        "y": 60.943504333496094,
        "z": 8930.0029296875
    },
    {
        "color": 4294967295,
        "name": "Generic Point 214",
        "x": -2460.66015625,
        "y": 208.39703369140625,
        "z": 8869.3173828125
    },
    {
        "color": 4294967295,
        "name": "Generic Point 215",
        "x": -2483.17333984375,
        "y": 208.40789794921875,
        "z": 8711.93359375
    },
    {
        "color": 4294967295,
        "name": "Generic Point 216",
        "x": -2693.387939453125,
        "y": 208.83480834960938,
        "z": 8681.6240234375
    },
    {
        "color": 4294967295,
        "name": "Generic Point 217",
        "x": -2907.91748046875,
        "y": 202.0232696533203,
        "z": 8742.9443359375
    },
    {
        "color": 4294967295,
        "name": "Generic Point 218",
        "x": -2404.299560546875,
        "y": 223.7610626220703,
        "z": 9007.19140625
    },
    {
        "color": 4294967295,
        "name": "Generic Point 219",
        "x": -2460.501220703125,
        "y": 206.0481719970703,
        "z": 9077.7978515625
    },
    {
        "color": 4294967295,
        "name": "Generic Point 22",
        "x": -1804.1295166015625,
        "y": -140.06143188476562,
        "z": 7818.41162109375
    },
    {
        "color": 4294967295,
        "name": "Generic Point 220",
        "x": -2516.9521484375,
        "y": 206.3799285888672,
        "z": 9064.44140625
    },
    {
        "color": 4294967295,
        "name": "Generic Point 221",
        "x": -2465.777587890625,
        "y": 220.93484497070312,
        "z": 9157.8828125
    },
    {
        "color": 4294967295,
        "name": "Generic Point 222",
        "x": -1888.502197265625,
        "y": 113.28435516357422,
        "z": 8269.6328125
    },
    {
        "color": 4294967295,
        "name": "Generic Point 223",
        "x": -3113.32763671875,
        "y": 357.86077880859375,
        "z": 8659.3779296875
    },
    {
        "color": 4294967295,
        "name": "Generic Point 224",
        "x": -2560.3212890625,
        "y": 206.4048309326172,
        "z": 8821.6904296875
    },
    {
        "color": 4294967295,
        "name": "Generic Point 225",
        "x": -1424.0032958984375,
        "y": 66.48223114013672,
        "z": 8961.5263671875
    },
    {
        "color": 4294967295,
        "name": "Generic Point 226",
        "x": -1707.6719970703125,
        "y": 123.02653503417969,
        "z": 8816.421875
    },
    {
        "color": 4294967295,
        "name": "Generic Point 227",
        "x": -1565.4150390625,
        "y": 198.47164916992188,
        "z": 7612.814453125
    },
    {
        "color": 4294967295,
        "name": "Generic Point 228",
        "x": -1545.3638916015625,
        "y": 164.9891357421875,
        "z": 7751.7265625
    },
    {
        "color": 4294967295,
        "name": "Generic Point 229",
        "x": -1737.9793701171875,
        "y": 185.31863403320312,
        "z": 7771.3623046875
    },
    {
        "color": 4294967295,
        "name": "Generic Point 23",
        "x": -2081.493408203125,
        "y": 136.96324157714844,
        "z": 8753.189453125
    },
    {
        "color": 4294967295,
        "name": "Generic Point 230",
        "x": -1855.640625,
        "y": 143.81068420410156,
        "z": 7995.03857421875
    },
    {
        "color": 4294967295,
        "name": "Generic Point 231",
        "x": -2197.4599609375,
        "y": 99.2013168334961,
        "z": 7590.49560546875
    },
    {
        "color": 4294967295,
        "name": "Generic Point 232",
        "x": -2299.542724609375,
        "y": 200.65664672851562,
        "z": 7810.8310546875
    },
    {
        "color": 4294967295,
        "name": "Generic Point 233",
        "x": -2222.5712890625,
        "y": 250.8002471923828,
        "z": 7778.76318359375
    },
    {
        "color": 4294967295,
        "name": "Generic Point 234",
        "x": -3001.701171875,
        "y": 202.85809326171875,
        "z": 8695.5322265625
    },
    {
        "color": 4294967295,
        "name": "Generic Point 235",
        "x": -2256.86962890625,
        "y": 203.3790740966797,
        "z": 7655.931640625
    },
    {
        "color": 4294967295,
        "name": "Generic Point 236",
        "x": -2119.34228515625,
        "y": 240.01153564453125,
        "z": 7551.09912109375
    },
    {
        "color": 4294967295,
        "name": "Generic Point 237",
        "x": -2484.544921875,
        "y": 201.28924560546875,
        "z": 7932.97802734375
    },
    {
        "color": 4294967295,
        "name": "Generic Point 238",
        "x": -2596.60693359375,
        "y": 202.2171173095703,
        "z": 7961.82373046875
    },
    {
        "color": 4294967295,
        "name": "Generic Point 239",
        "x": -2480.889892578125,
        "y": 214.6608123779297,
        "z": 8282.708984375
    },
    {
        "color": 4294967295,
        "name": "Generic Point 24",
        "x": -1954.601318359375,
        "y": -105.54288482666016,
        "z": 7810.689453125
    },
    {
        "color": 4294967295,
        "name": "Generic Point 240",
        "x": -2547.25732421875,
        "y": 207.7515869140625,
        "z": 8421.1533203125
    },
    {
        "color": 4294967295,
        "name": "Generic Point 241",
        "x": -2667.904296875,
        "y": 201.828857421875,
        "z": 8461.0234375
    },
    {
        "color": 4294967295,
        "name": "Generic Point 242",
        "x": -2817.232177734375,
        "y": 203.97714233398438,
        "z": 8516.712890625
    },
    {
        "color": 4294967295,
        "name": "Generic Point 243",
        "x": -2411.29541015625,
        "y": 354.7044372558594,
        "z": 8306.6826171875
    },
    {
        "color": 4294967295,
        "name": "Generic Point 244",
        "x": -2340.74658203125,
        "y": 353.1484069824219,
        "z": 8205.6484375
    },
    {
        "color": 4294967295,
        "name": "Generic Point 245",
        "x": -2107.006103515625,
        "y": 306.1036071777344,
        "z": 8437.0595703125
    },
    {
        "color": 4294967295,
        "name": "Generic Point 246",
        "x": -2288.66015625,
        "y": 354.416015625,
        "z": 8236.36328125
    },
    {
        "color": 4294967295,
        "name": "Generic Point 247",
        "x": -2267.717529296875,
        "y": 327.97235107421875,
        "z": 8170.408203125
    },
    {
        "color": 4294967295,
        "name": "Generic Point 248",
        "x": -1424.9178466796875,
        "y": 132.3453826904297,
        "z": 8092.7216796875
    },
    {
        "color": 4294967295,
        "name": "Generic Point 249",
        "x": -1522.508544921875,
        "y": 40.391258239746094,
        "z": 8267.2294921875
    },
    {
        "color": 4294967295,
        "name": "Generic Point 25",
        "x": -1889.2537841796875,
        "y": -214.8426971435547,
        "z": 8048.68310546875
    },
    {
        "color": 4294967295,
        "name": "Generic Point 250",
        "x": -1485.6787109375,
        "y": 71.49320220947266,
        "z": 8125.16162109375
    },
    {
        "color": 4294967295,
        "name": "Generic Point 251",
        "x": -1371.387451171875,
        "y": 67.16153717041016,
        "z": 8341.0322265625
    },
    {
        "color": 4294967295,
        "name": "Generic Point 252",
        "x": -1398.9150390625,
        "y": 71.10972595214844,
        "z": 8577.6728515625
    },
    {
        "color": 4294967295,
        "name": "Generic Point 253",
        "x": -1572.847900390625,
        "y": 29.26295280456543,
        "z": 8657.2314453125
    },
    {
        "color": 4294967295,
        "name": "Generic Point 254",
        "x": -1536.65771484375,
        "y": 74.02517700195312,
        "z": 8338.373046875
    },
    {
        "color": 4294967295,
        "name": "Generic Point 255",
        "x": -1551.072021484375,
        "y": 77.16039276123047,
        "z": 8375.71875
    },
    {
        "color": 4294967295,
        "name": "Generic Point 256",
        "x": -2329.4775390625,
        "y": 397.4273986816406,
        "z": 8389.6259765625
    },
    {
        "color": 4294967295,
        "name": "Generic Point 257",
        "x": -1508.79443359375,
        "y": 124.04650115966797,
        "z": 8501.4453125
    },
    {
        "color": 4294967295,
        "name": "Generic Point 258",
        "x": -1665.4432373046875,
        "y": 132.65390014648438,
        "z": 8451.8642578125
    },
    {
        "color": 4294967295,
        "name": "Generic Point 259",
        "x": -1506.827880859375,
        "y": 66.82976531982422,
        "z": 8530.3076171875
    },
    {
        "color": 4294967295,
        "name": "Generic Point 26",
        "x": -1742.900390625,
        "y": -223.38243103027344,
        "z": 7933.31298828125
    },
    {
        "color": 4294967295,
        "name": "Generic Point 260",
        "x": -1659.3466796875,
        "y": 125.11746215820312,
        "z": 8692.3310546875
    },
    {
        "color": 4294967295,
        "name": "Generic Point 261",
        "x": -1534.8511962890625,
        "y": 130.31515502929688,
        "z": 8626.9677734375
    },
    {
        "color": 4294967295,
        "name": "Generic Point 262",
        "x": -1420.7750244140625,
        "y": 146.56817626953125,
        "z": 8630.9912109375
    },
    {
        "color": 4294967295,
        "name": "Generic Point 263",
        "x": -1441.040283203125,
        "y": 75.9091796875,
        "z": 8105.337890625
    },
    {
        "color": 4294967295,
        "name": "Generic Point 264",
        "x": -1350.4423828125,
        "y": 147.39308166503906,
        "z": 8540.2255859375
    },
    {
        "color": 4294967295,
        "name": "Generic Point 265",
        "x": -1298.418212890625,
        "y": 151.92437744140625,
        "z": 8444.3544921875
    },
    {
        "color": 4294967295,
        "name": "Generic Point 266",
        "x": -1289.5313720703125,
        "y": 158.9100341796875,
        "z": 8212.4609375
    },
    {
        "color": 4294967295,
        "name": "Generic Point 267",
        "x": -2361.50634765625,
        "y": 223.1517791748047,
        "z": 8620.3818359375
    },
    {
        "color": 4294967295,
        "name": "Generic Point 268",
        "x": -1268.8548583984375,
        "y": 165.48355102539062,
        "z": 8072.97216796875
    },
    {
        "color": 4294967295,
        "name": "Generic Point 269",
        "x": -1322.272216796875,
        "y": 149.59121704101562,
        "z": 8010.58740234375
    },
    {
        "color": 4294967295,
        "name": "Generic Point 27",
        "x": -1945.0531005859375,
        "y": 56.698577880859375,
        "z": 9041.5048828125
    },
    {
        "color": 4294967295,
        "name": "Generic Point 270",
        "x": -1596.9061279296875,
        "y": 160.71519470214844,
        "z": 8972.515625
    },
    {
        "color": 4294967295,
        "name": "Generic Point 271",
        "x": -1274.0963134765625,
        "y": 194.44720458984375,
        "z": 8892.212890625
    },
    {
        "color": 4294967295,
        "name": "Generic Point 272",
        "x": -1256.012451171875,
        "y": 191.39601135253906,
        "z": 8907.3330078125
    },
    {
        "color": 4294967295,
        "name": "Generic Point 273",
        "x": -1368.298583984375,
        "y": 207.409423828125,
        "z": 8831.3759765625
    },
    {
        "color": 4294967295,
        "name": "Generic Point 274",
        "x": -1437.0078125,
        "y": 209.5638427734375,
        "z": 8832.7900390625
    },
    {
        "color": 4294967295,
        "name": "Generic Point 275",
        "x": -1465.011474609375,
        "y": 224.8574676513672,
        "z": 8974.7373046875
    },
    {
        "color": 4294967295,
        "name": "Generic Point 276",
        "x": -1811.671142578125,
        "y": 24.729719161987305,
        "z": 8973.3359375
    },
    {
        "color": 4294967295,
        "name": "Generic Point 277",
        "x": -1649.017333984375,
        "y": 132.74847412109375,
        "z": 8950.189453125
    },
    {
        "color": 4294967295,
        "name": "Generic Point 278",
        "x": -2347.760986328125,
        "y": 252.52938842773438,
        "z": 8554.5966796875
    },
    {
        "color": 4294967295,
        "name": "Generic Point 279",
        "x": -1754.5172119140625,
        "y": 66.13959503173828,
        "z": 9074.2041015625
    },
    {
        "color": 4294967295,
        "name": "Generic Point 28",
        "x": -1853.05859375,
        "y": 67.76570892333984,
        "z": 9116.8369140625
    },
    {
        "color": 4294967295,
        "name": "Generic Point 280",
        "x": -1979.4361572265625,
        "y": 105.85820770263672,
        "z": 8737.611328125
    },
    {
        "color": 4294967295,
        "name": "Generic Point 281",
        "x": -1958.3458251953125,
        "y": 10.255383491516113,
        "z": 8959.2138671875
    },
    {
        "color": 4294967295,
        "name": "Generic Point 282",
        "x": -2067.83544921875,
        "y": 234.5107879638672,
        "z": 7867.869140625
    },
    {
        "color": 4294967295,
        "name": "Generic Point 283",
        "x": -2015.08447265625,
        "y": 304.084228515625,
        "z": 8012.5205078125
    },
    {
        "color": 4294967295,
        "name": "Generic Point 284",
        "x": -1293.86669921875,
        "y": 169.33383178710938,
        "z": 8664.119140625
    },
    {
        "color": 4294967295,
        "name": "Generic Point 285",
        "x": -2148.863037109375,
        "y": 326.83514404296875,
        "z": 8108.64892578125
    },
    {
        "color": 4294967295,
        "name": "Generic Point 286",
        "x": -2143.272216796875,
        "y": 287.0796813964844,
        "z": 8127.626953125
    },
    {
        "color": 4294967295,
        "name": "Generic Point 287",
        "x": -1410.8109130859375,
        "y": 141.29615783691406,
        "z": 7374.44775390625
    },
    {
        "color": 4294967295,
        "name": "Generic Point 288",
        "x": -1366.2503662109375,
        "y": 173.35336303710938,
        "z": 7649.80029296875
    },
    {
        "color": 4294967295,
        "name": "Generic Point 289",
        "x": -2148.193603515625,
        "y": 344.1096496582031,
        "z": 8178.984375
    },
    {
        "color": 4294967295,
        "name": "Generic Point 29",
        "x": -1841.71044921875,
        "y": 71.84371948242188,
        "z": 9070.6806640625
    },
    {
        "color": 4294967295,
        "name": "Generic Point 290",
        "x": -1577.1768798828125,
        "y": 98.61473846435547,
        "z": 8011.41943359375
    },
    {
        "color": 4294967295,
        "name": "Generic Point 291",
        "x": -1638.0013427734375,
        "y": 64.53423309326172,
        "z": 8082.01318359375
    },
    {
        "color": 4294967295,
        "name": "Generic Point 292",
        "x": -1736.6717529296875,
        "y": 69.36800384521484,
        "z": 8174.6767578125
    },
    {
        "color": 4294967295,
        "name": "Generic Point 293",
        "x": -1940.643798828125,
        "y": 276.84576416015625,
        "z": 7537.8486328125
    },
    {
        "color": 4294967295,
        "name": "Generic Point 294",
        "x": -2315.0947265625,
        "y": 185.6212615966797,
        "z": 7958.2412109375
    },
    {
        "color": 4294967295,
        "name": "Generic Point 295",
        "x": -2463.14990234375,
        "y": 121.50125885009766,
        "z": 7876.63037109375
    },
    {
        "color": 4294967295,
        "name": "Generic Point 296",
        "x": -1958.0694580078125,
        "y": 186.17185974121094,
        "z": 8179.76123046875
    },
    {
        "color": 4294967295,
        "name": "Generic Point 297",
        "x": -2461.625244140625,
        "y": 107.80725860595703,
        "z": 7903.18017578125
    },
    {
        "color": 4294967295,
        "name": "Generic Point 298",
        "x": -2123.676513671875,
        "y": 214.6363067626953,
        "z": 7916.30419921875
    },
    {
        "color": 4294967295,
        "name": "Generic Point 299",
        "x": -2246.7958984375,
        "y": 186.84707641601562,
        "z": 8020.14599609375
    },
    {
        "color": 4294967295,
        "name": "Generic Point 3",
        "x": -2777.787841796875,
        "y": 30.118507385253906,
        "z": 8612.1455078125
    },
    {
        "color": 4294967295,
        "name": "Generic Point 30",
        "x": -1945.328369140625,
        "y": 73.24626159667969,
        "z": 9054.9580078125
    },
    {
        "color": 4294967295,
        "name": "Generic Point 300",
        "x": -2278.3916015625,
        "y": 243.13552856445312,
        "z": 8071.04833984375
    },
    {
        "color": 4294967295,
        "name": "Generic Point 301",
        "x": -2197.623046875,
        "y": 252.81346130371094,
        "z": 8096.2001953125
    },
    {
        "color": 4294967295,
        "name": "Generic Point 302",
        "x": -1801.798583984375,
        "y": 285.38775634765625,
        "z": 7779.73486328125
    },
    {
        "color": 4294967295,
        "name": "Generic Point 303",
        "x": -1560.0609130859375,
        "y": 211.97532653808594,
        "z": 7518.7255859375
    },
    {
        "color": 4294967295,
        "name": "Generic Point 304",
        "x": -1511.9423828125,
        "y": 256.6816711425781,
        "z": 7666.8837890625
    },
    {
        "color": 4294967295,
        "name": "Generic Point 305",
        "x": -1877.7445068359375,
        "y": 119.65306854248047,
        "z": 7856.55322265625
    },
    {
        "color": 4294967295,
        "name": "Generic Point 306",
        "x": -2135.462890625,
        "y": 142.73306274414062,
        "z": 7657.46435546875
    },
    {
        "color": 4294967295,
        "name": "Generic Point 307",
        "x": -1770.7567138671875,
        "y": 31.9148006439209,
        "z": 8150.4990234375
    },
    {
        "color": 4294967295,
        "name": "Generic Point 308",
        "x": -2178.14208984375,
        "y": 109.49594116210938,
        "z": 7490.37451171875
    },
    {
        "color": 4294967295,
        "name": "Generic Point 309",
        "x": -2253.321044921875,
        "y": 125.70335388183594,
        "z": 7658.39794921875
    },
    {
        "color": 4294967295,
        "name": "Generic Point 31",
        "x": -1880.530029296875,
        "y": 73.39010620117188,
        "z": 9033.3427734375
    },
    {
        "color": 4294967295,
        "name": "Generic Point 310",
        "x": -2279.376708984375,
        "y": 165.1711883544922,
        "z": 7820.10986328125
    },
    {
        "color": 4294967295,
        "name": "Generic Point 311",
        "x": -2302.54150390625,
        "y": 202.0366973876953,
        "z": 7674.400390625
    },
    {
        "color": 4294967295,
        "name": "Generic Point 312",
        "x": -2558.567626953125,
        "y": 201.53451538085938,
        "z": 7933.18310546875
    },
    {
        "color": 4294967295,
        "name": "Generic Point 313",
        "x": -2598.108642578125,
        "y": 226.7361602783203,
        "z": 8315.9580078125
    },
    {
        "color": 4294967295,
        "name": "Generic Point 314",
        "x": -2320.311279296875,
        "y": 346.01824951171875,
        "z": 8160.03515625
    },
    {
        "color": 4294967295,
        "name": "Generic Point 315",
        "x": -2348.904296875,
        "y": 272.39459228515625,
        "z": 8085.7080078125
    },
    {
        "color": 4294967295,
        "name": "Generic Point 316",
        "x": -2922.369140625,
        "y": 271.5968322753906,
        "z": 9032.55078125
    },
    {
        "color": 4294967295,
        "name": "Generic Point 317",
        "x": -1666.4384765625,
        "y": 153.7578125,
        "z": 7964.48486328125
    },
    {
        "color": 4294967295,
        "name": "Generic Point 318",
        "x": -1862.4456787109375,
        "y": -87.89372253417969,
        "z": 7997.759765625
    },
    {
        "color": 4294967295,
        "name": "Generic Point 319",
        "x": -1709.008056640625,
        "y": 57.45560836791992,
        "z": 8076.37841796875
    },
    {
        "color": 4294967295,
        "name": "Generic Point 32",
        "x": -1904.91357421875,
        "y": 66.81208038330078,
        "z": 9104.4658203125
    },
    {
        "color": 4294967295,
        "name": "Generic Point 320",
        "x": -1311.6636962890625,
        "y": 267.4159851074219,
        "z": 7759.6962890625
    },
    {
        "color": 4294967295,
        "name": "Generic Point 321",
        "x": -1453.9298095703125,
        "y": 134.3857421875,
        "z": 7976.95849609375
    },
    {
        "color": 4294967295,
        "name": "Generic Point 322",
        "x": -1643.864013671875,
        "y": 104.97149658203125,
        "z": 8239.9462890625
    },
    {
        "color": 4294967295,
        "name": "Generic Point 323",
        "x": -1436.65673828125,
        "y": 72.65699005126953,
        "z": 8190.1376953125
    },
    {
        "color": 4294967295,
        "name": "Generic Point 324",
        "x": -1351.160400390625,
        "y": 61.37698745727539,
        "z": 8531.1982421875
    },
    {
        "color": 4294967295,
        "name": "Generic Point 325",
        "x": -1400.276611328125,
        "y": 74.8099594116211,
        "z": 8611.134765625
    },
    {
        "color": 4294967295,
        "name": "Generic Point 326",
        "x": -1419.705810546875,
        "y": 33.10649871826172,
        "z": 8697.5302734375
    },
    {
        "color": 4294967295,
        "name": "Generic Point 327",
        "x": -1805.220703125,
        "y": -17.39206314086914,
        "z": 8602.0078125
    },
    {
        "color": 4294967295,
        "name": "Generic Point 328",
        "x": -1650.035400390625,
        "y": -32.34330368041992,
        "z": 8700.61328125
    },
    {
        "color": 4294967295,
        "name": "Generic Point 329",
        "x": -1806.514892578125,
        "y": -119.28192901611328,
        "z": 7866.04296875
    },
    {
        "color": 4294967295,
        "name": "Generic Point 33",
        "x": -1921.8564453125,
        "y": 142.4941864013672,
        "z": 9100.966796875
    },
    {
        "color": 4294967295,
        "name": "Generic Point 330",
        "x": -1515.03955078125,
        "y": 64.0467300415039,
        "z": 8313.7705078125
    },
    {
        "color": 4294967295,
        "name": "Generic Point 331",
        "x": -1497.2860107421875,
        "y": 92.3558349609375,
        "z": 8341.681640625
    },
    {
        "color": 4294967295,
        "name": "Generic Point 332",
        "x": -1575.081298828125,
        "y": 127.48163604736328,
        "z": 8515.107421875
    },
    {
        "color": 4294967295,
        "name": "Generic Point 333",
        "x": -1660.7203369140625,
        "y": 106.1046142578125,
        "z": 8357.9013671875
    },
    {
        "color": 4294967295,
        "name": "Generic Point 334",
        "x": -1594.2064208984375,
        "y": 90.09632110595703,
        "z": 8428.9755859375
    },
    {
        "color": 4294967295,
        "name": "Generic Point 335",
        "x": -1546.5823974609375,
        "y": 88.91741943359375,
        "z": 8427.416015625
    },
    {
        "color": 4294967295,
        "name": "Generic Point 336",
        "x": -1539.368896484375,
        "y": 97.07939147949219,
        "z": 8517.5205078125
    },
    {
        "color": 4294967295,
        "name": "Generic Point 337",
        "x": -1476.185546875,
        "y": 56.179527282714844,
        "z": 8552.3173828125
    },
    {
        "color": 4294967295,
        "name": "Generic Point 338",
        "x": -1396.4915771484375,
        "y": -70.8780517578125,
        "z": 8023.07470703125
    },
    {
        "color": 4294967295,
        "name": "Generic Point 339",
        "x": -1535.630859375,
        "y": -77.14018249511719,
        "z": 7976.953125
    },
    {
        "color": 4294967295,
        "name": "Generic Point 34",
        "x": -2344.814208984375,
        "y": 64.88895416259766,
        "z": 8972.2509765625
    },
    {
        "color": 4294967295,
        "name": "Generic Point 340",
        "x": -1932.642822265625,
        "y": -143.70001220703125,
        "z": 7827.4130859375
    },
    {
        "color": 4294967295,
        "name": "Generic Point 341",
        "x": -1927.8067626953125,
        "y": 241.9380340576172,
        "z": 8538.193359375
    },
    {
        "color": 4294967295,
        "name": "Generic Point 342",
        "x": -1658.7757568359375,
        "y": 138.9271697998047,
        "z": 8700.9453125
    },
    {
        "color": 4294967295,
        "name": "Generic Point 343",
        "x": -1301.8905029296875,
        "y": 154.25445556640625,
        "z": 8452.6904296875
    },
    {
        "color": 4294967295,
        "name": "Generic Point 344",
        "x": -1214.28271484375,
        "y": 191.5426483154297,
        "z": 8387.0986328125
    },
    {
        "color": 4294967295,
        "name": "Generic Point 345",
        "x": -1192.0645751953125,
        "y": 179.894775390625,
        "z": 8228.35546875
    },
    {
        "color": 4294967295,
        "name": "Generic Point 346",
        "x": -1276.2884521484375,
        "y": 172.09762573242188,
        "z": 8218.294921875
    },
    {
        "color": 4294967295,
        "name": "Generic Point 347",
        "x": -1342.32080078125,
        "y": 147.6667022705078,
        "z": 8099.4130859375
    },
    {
        "color": 4294967295,
        "name": "Generic Point 348",
        "x": -1276.7239990234375,
        "y": 227.0959014892578,
        "z": 8785.677734375
    },
    {
        "color": 4294967295,
        "name": "Generic Point 349",
        "x": -1279.888671875,
        "y": 208.70132446289062,
        "z": 8946.2275390625
    },
    {
        "color": 4294967295,
        "name": "Generic Point 35",
        "x": -2190.19775390625,
        "y": 173.71340942382812,
        "z": 8772.8251953125
    },
    {
        "color": 4294967295,
        "name": "Generic Point 350",
        "x": -1387.1636962890625,
        "y": 262.6155090332031,
        "z": 9127.1552734375
    },
    {
        "color": 4294967295,
        "name": "Generic Point 351",
        "x": -1857.990966796875,
        "y": -214.26068115234375,
        "z": 8074.02587890625
    },
    {
        "color": 4294967295,
        "name": "Generic Point 352",
        "x": -1604.57275390625,
        "y": 183.73831176757812,
        "z": 8953.759765625
    },
    {
        "color": 4294967295,
        "name": "Generic Point 353",
        "x": -1519.149169921875,
        "y": 151.6142120361328,
        "z": 8828.4462890625
    },
    {
        "color": 4294967295,
        "name": "Generic Point 354",
        "x": -1702.17529296875,
        "y": 128.4380340576172,
        "z": 8968.5478515625
    },
    {
        "color": 4294967295,
        "name": "Generic Point 355",
        "x": -2096.058837890625,
        "y": 49.1993522644043,
        "z": 8941.5087890625
    },
    {
        "color": 4294967295,
        "name": "Generic Point 356",
        "x": -2034.7236328125,
        "y": 47.20136260986328,
        "z": 9067.7607421875
    },
    {
        "color": 4294967295,
        "name": "Generic Point 357",
        "x": -2289.843505859375,
        "y": 286.1237487792969,
        "z": 8261.7939453125
    },
    {
        "color": 4294967295,
        "name": "Generic Point 358",
        "x": -2211.478515625,
        "y": 298.0885314941406,
        "z": 8454.283203125
    },
    {
        "color": 4294967295,
        "name": "Generic Point 359",
        "x": -2244.68994140625,
        "y": 194.71038818359375,
        "z": 8549.0673828125
    },
    {
        "color": 4294967295,
        "name": "Generic Point 36",
        "x": -2366.212890625,
        "y": 44.78327178955078,
        "z": 9032.8154296875
    },
    {
        "color": 4294967295,
        "name": "Generic Point 360",
        "x": -2720.263427734375,
        "y": 58.32386016845703,
        "z": 8485.4248046875
    },
    {
        "color": 4294967295,
        "name": "Generic Point 361",
        "x": -2782.613525390625,
        "y": 33.398162841796875,
        "z": 8701.6484375
    },
    {
        "color": 4294967295,
        "name": "Generic Point 37",
        "x": -2192.756103515625,
        "y": 49.459171295166016,
        "z": 8895.515625
    },
    {
        "color": 4294967295,
        "name": "Generic Point 38",
        "x": -2393.41259765625,
        "y": 206.23817443847656,
        "z": 8904.6396484375
    },
    {
        "color": 4294967295,
        "name": "Generic Point 39",
        "x": -2633.33154296875,
        "y": 242.12574768066406,
        "z": 8584.27734375
    },
    {
        "color": 4294967295,
        "name": "Generic Point 4",
        "x": -2858.150146484375,
        "y": 14.407958984375,
        "z": 8606.853515625
    },
    {
        "color": 4294967295,
        "name": "Generic Point 40",
        "x": -2278.885498046875,
        "y": 193.41336059570312,
        "z": 8048.0107421875
    },
    {
        "color": 4294967295,
        "name": "Generic Point 41",
        "x": -2196.884765625,
        "y": 253.6089630126953,
        "z": 8107.123046875
    },
    {
        "color": 4294967295,
        "name": "Generic Point 42",
        "x": -2183.0673828125,
        "y": 283.692138671875,
        "z": 8440.8603515625
    },
    {
        "color": 4294967295,
        "name": "Generic Point 43",
        "x": -1985.45849609375,
        "y": 240.1623077392578,
        "z": 7889.61962890625
    },
    {
        "color": 4294967295,
        "name": "Generic Point 44",
        "x": -1978.609619140625,
        "y": 223.16766357421875,
        "z": 7777.45654296875
    },
    {
        "color": 4294967295,
        "name": "Generic Point 45",
        "x": -2436.1201171875,
        "y": 73.27992248535156,
        "z": 8952.16015625
    },
    {
        "color": 4294967295,
        "name": "Generic Point 46",
        "x": -1967.4552001953125,
        "y": 234.260009765625,
        "z": 7748.720703125
    },
    {
        "color": 4294967295,
        "name": "Generic Point 47",
        "x": -1900.8179931640625,
        "y": 266.1004333496094,
        "z": 7684.6171875
    },
    {
        "color": 4294967295,
        "name": "Generic Point 48",
        "x": -1777.98046875,
        "y": 262.65838623046875,
        "z": 7585.9638671875
    },
    {
        "color": 4294967295,
        "name": "Generic Point 49",
        "x": -1675.11376953125,
        "y": 270.95135498046875,
        "z": 7615.259765625
    },
    {
        "color": 4294967295,
        "name": "Generic Point 5",
        "x": -2802.47998046875,
        "y": 25.64278221130371,
        "z": 8538.0517578125
    },
    {
        "color": 4294967295,
        "name": "Generic Point 50",
        "x": -1866.87939453125,
        "y": 117.51103973388672,
        "z": 7843.32275390625
    },
    {
        "color": 4294967295,
        "name": "Generic Point 51",
        "x": -2081.469970703125,
        "y": 259.830078125,
        "z": 7771.33837890625
    },
    {
        "color": 4294967295,
        "name": "Generic Point 52",
        "x": -2033.7581787109375,
        "y": 245.7462615966797,
        "z": 7719.7890625
    },
    {
        "color": 4294967295,
        "name": "Generic Point 53",
        "x": -2147.869140625,
        "y": 119.99854278564453,
        "z": 7670.7373046875
    },
    {
        "color": 4294967295,
        "name": "Generic Point 54",
        "x": -2120.86767578125,
        "y": 116.43724060058594,
        "z": 7606.1474609375
    },
    {
        "color": 4294967295,
        "name": "Generic Point 55",
        "x": -2158.241455078125,
        "y": 142.52804565429688,
        "z": 7574.17919921875
    },
    {
        "color": 4294967295,
        "name": "Generic Point 56",
        "x": -2380.96435546875,
        "y": 210.1537322998047,
        "z": 8835.330078125
    },
    {
        "color": 4294967295,
        "name": "Generic Point 57",
        "x": -2152.495361328125,
        "y": 94.44477081298828,
        "z": 7600.48876953125
    },
    {
        "color": 4294967295,
        "name": "Generic Point 58",
        "x": -2254.662109375,
        "y": 172.2842254638672,
        "z": 7887.9306640625
    },
    {
        "color": 4294967295,
        "name": "Generic Point 59",
        "x": -2083.27783203125,
        "y": 195.3994140625,
        "z": 7574.291015625
    },
    {
        "color": 4294967295,
        "name": "Generic Point 6",
        "x": -3055.421875,
        "y": 406.7854919433594,
        "z": 8391.791015625
    },
    {
        "color": 4294967295,
        "name": "Generic Point 60",
        "x": -2772.323974609375,
        "y": 200.97955322265625,
        "z": 8919.478515625
    },
    {
        "color": 4294967295,
        "name": "Generic Point 61",
        "x": -2836.4755859375,
        "y": 202.22398376464844,
        "z": 9073.6865234375
    },
    {
        "color": 4294967295,
        "name": "Generic Point 62",
        "x": -2793.169921875,
        "y": 218.5748291015625,
        "z": 9051.1171875
    },
    {
        "color": 4294967295,
        "name": "Generic Point 63",
        "x": -2780.21728515625,
        "y": 242.4141845703125,
        "z": 9067.3798828125
    },
    {
        "color": 4294967295,
        "name": "Generic Point 64",
        "x": -1646.5166015625,
        "y": -31.25192642211914,
        "z": 8697.888671875
    },
    {
        "color": 4294967295,
        "name": "Generic Point 65",
        "x": -1550.4219970703125,
        "y": 9.542691230773926,
        "z": 8755.640625
    },
    {
        "color": 4294967295,
        "name": "Generic Point 66",
        "x": -1483.5369873046875,
        "y": 61.97394943237305,
        "z": 8382.970703125
    },
    {
        "color": 4294967295,
        "name": "Generic Point 67",
        "x": -2442.64599609375,
        "y": 207.6230926513672,
        "z": 8841.111328125
    },
    {
        "color": 4294967295,
        "name": "Generic Point 68",
        "x": -1809.9012451171875,
        "y": 229.15647888183594,
        "z": 8606.185546875
    },
    {
        "color": 4294967295,
        "name": "Generic Point 69",
        "x": -1527.554443359375,
        "y": -65.37652587890625,
        "z": 7997.58056640625
    },
    {
        "color": 4294967295,
        "name": "Generic Point 7",
        "x": -2921.1416015625,
        "y": 257.7791442871094,
        "z": 8304.74609375
    },
    {
        "color": 4294967295,
        "name": "Generic Point 70",
        "x": -1423.859130859375,
        "y": 148.70254516601562,
        "z": 8435.5146484375
    },
    {
        "color": 4294967295,
        "name": "Generic Point 71",
        "x": -1791.8309326171875,
        "y": 30.359657287597656,
        "z": 8824.990234375
    },
    {
        "color": 4294967295,
        "name": "Generic Point 72",
        "x": -1426.21044921875,
        "y": 145.98898315429688,
        "z": 8112.30908203125
    },
    {
        "color": 4294967295,
        "name": "Generic Point 73",
        "x": -1637.2032470703125,
        "y": 80.67395782470703,
        "z": 8243.3740234375
    },
    {
        "color": 4294967295,
        "name": "Generic Point 74",
        "x": -1822.5137939453125,
        "y": 239.12850952148438,
        "z": 8591.849609375
    },
    {
        "color": 4294967295,
        "name": "Generic Point 75",
        "x": -2158.84228515625,
        "y": 313.76068115234375,
        "z": 8570.8251953125
    },
    {
        "color": 4294967295,
        "name": "Generic Point 76",
        "x": -2093.83984375,
        "y": 241.20201110839844,
        "z": 8459.1748046875
    },
    {
        "color": 4294967295,
        "name": "Generic Point 77",
        "x": -2107.35107421875,
        "y": 213.98648071289062,
        "z": 8434.521484375
    },
    {
        "color": 4294967295,
        "name": "Generic Point 78",
        "x": -2457.3671875,
        "y": 272.27728271484375,
        "z": 8663.703125
    },
    {
        "color": 4294967295,
        "name": "Generic Point 79",
        "x": -2344.7138671875,
        "y": 254.07598876953125,
        "z": 8395.6240234375
    },
    {
        "color": 4294967295,
        "name": "Generic Point 8",
        "x": -2738.81103515625,
        "y": 400.8444519042969,
        "z": 8499.470703125
    },
    {
        "color": 4294967295,
        "name": "Generic Point 80",
        "x": -2074.055908203125,
        "y": 240.37860107421875,
        "z": 8430.6923828125
    },
    {
        "color": 4294967295,
        "name": "Generic Point 81",
        "x": -1342.7181396484375,
        "y": 60.420249938964844,
        "z": 7984.1455078125
    },
    {
        "color": 4294967295,
        "name": "Generic Point 82",
        "x": -1272.5472412109375,
        "y": 177.0547637939453,
        "z": 8070.109375
    },
    {
        "color": 4294967295,
        "name": "Generic Point 83",
        "x": -1602.40478515625,
        "y": 176.60850524902344,
        "z": 8950.9736328125
    },
    {
        "color": 4294967295,
        "name": "Generic Point 84",
        "x": -1621.8350830078125,
        "y": 150.35682678222656,
        "z": 8978.146484375
    },
    {
        "color": 4294967295,
        "name": "Generic Point 85",
        "x": -1315.6329345703125,
        "y": 67.70652770996094,
        "z": 8428.73828125
    },
    {
        "color": 4294967295,
        "name": "Generic Point 86",
        "x": -2112.721923828125,
        "y": 256.15167236328125,
        "z": 8000.01513671875
    },
    {
        "color": 4294967295,
        "name": "Generic Point 87",
        "x": -2073.533447265625,
        "y": 271.64739990234375,
        "z": 7975.498046875
    },
    {
        "color": 4294967295,
        "name": "Generic Point 88",
        "x": -2220.2431640625,
        "y": 239.40667724609375,
        "z": 7973.56982421875
    },
    {
        "color": 4294967295,
        "name": "Generic Point 89",
        "x": -2455.71435546875,
        "y": 221.18075561523438,
        "z": 9107.1298828125
    },
    {
        "color": 4294967295,
        "name": "Generic Point 9",
        "x": -2687.07470703125,
        "y": 440.5143737792969,
        "z": 8598.369140625
    },
    {
        "color": 4294967295,
        "name": "Generic Point 90",
        "x": -2455.362060546875,
        "y": 108.2204818725586,
        "z": 7860.8408203125
    },
    {
        "color": 4294967295,
        "name": "Generic Point 91",
        "x": -2467.177001953125,
        "y": 131.59869384765625,
        "z": 7890.30859375
    },
    {
        "color": 4294967295,
        "name": "Generic Point 92",
        "x": -2231.469482421875,
        "y": 253.40586853027344,
        "z": 8064.18017578125
    },
    {
        "color": 4294967295,
        "name": "Generic Point 93",
        "x": -2251.3408203125,
        "y": 351.7977294921875,
        "z": 8299.4697265625
    },
    {
        "color": 4294967295,
        "name": "Generic Point 94",
        "x": -2143.4443359375,
        "y": 312.2987365722656,
        "z": 8165.25341796875
    },
    {
        "color": 4294967295,
        "name": "Generic Point 95",
        "x": -2226.30615234375,
        "y": 228.09921264648438,
        "z": 7976.26025390625
    },
    {
        "color": 4294967295,
        "name": "Generic Point 96",
        "x": -2075.648193359375,
        "y": 348.1229248046875,
        "z": 8166.98828125
    },
    {
        "color": 4294967295,
        "name": "Generic Point 97",
        "x": -2167.559814453125,
        "y": 228.0390167236328,
        "z": 8049.6796875
    },
    {
        "color": 4294967295,
        "name": "Generic Point 98",
        "x": -2230.42919921875,
        "y": 230.49232482910156,
        "z": 8101.8701171875
    },
    {
        "color": 4294967295,
        "name": "Generic Point 99",
        "x": -2239.423583984375,
        "y": 217.80259704589844,
        "z": 8040.3974609375
    }
]