[
    {
        "color": 4294967295,
        "name": "Generic Point 0",
        "x": 5122.11376953125,
        "y": 560.059814453125,
        "z": 4408.93701171875
    },
    {
        "color": 4294967295,
        "name": "Generic Point 1",
        "x": 4926.58447265625,
        "y": 446.6176452636719,
        "z": 4574.73486328125
    },
    {
        "color": 4294967295,
        "name": "Generic Point 10",
        "x": 4156.548828125,
        "y": 632.4572143554688,
        "z": 3884.6845703125
    },
    {
        "color": 4294967295,
        "name": "Generic Point 11",
        "x": 4691.82080078125,
        "y": 653.258544921875,
        "z": 3983.614990234375
    },
    {
        "color": 4294967295,
        "name": "Generic Point 2",
        "x": 4817.640625,
        "y": 539.5874633789062,
        "z": 4157.47509765625
    },
    {
        "color": 4294967295,
        "name": "Generic Point 3",
        "x": 5008.90185546875,
        "y": 560.1461791992188,
        "z": 4080.29150390625
    },
    {
        "color": 4294967295,
        "name": "Generic Point 4",
        "x": 4715.892578125,
        "y": 643.6211547851562,
        "z": 3850.664306640625
    },
    {
        "color": 4294967295,
        "name": "Generic Point 5",
        "x": 4749.43408203125,
        "y": 673.2747192382812,
        "z": 3892.822265625
    },
    {
        "color": 4294967295,
        "name": "Generic Point 6",
        "x": 4697.546875,
        "y": 670.671875,
        "z": 3901.3623046875
    },
    {
        "color": 4294967295,
        "name": "Generic Point 7",
        "x": 4735.0966796875,
        "y": 668.1188354492188,
        "z": 3876.8828125
    },
    {
        "color": 4294967295,
        "name": "Generic Point 8",
        "x": 4248.0986328125,
        "y": 624.2213745117188,
        "z": 3891.996337890625
    },
    {
        "color": 4294967295,
        "name": "Generic Point 9",
        "x": 4392.890625,
        "y": 442.4941711425781,
        "z": 4919.18017578125
    }
]