[
    {
        "color": 4294967295,
        "name": "Generic Point 0",
        "x": 65.68299865722656,
        "y": 211.58018493652344,
        "z": 748.7081298828125
    },
    {
        "color": 4294967295,
        "name": "Generic Point 1",
        "x": 252.93276977539062,
        "y": 237.20095825195312,
        "z": 533.2403564453125
    },
    {
        "color": 4294967295,
        "name": "Generic Point 2",
        "x": 241.54006958007812,
        "y": 244.98643493652344,
        "z": 807.223876953125
    },
    {
        "color": 4294967295,
        "name": "Generic Point 3",
        "x": 246.43003845214844,
        "y": 243.42596435546875,
        "z": 802.9359130859375
    },
    {
        "color": 4294967295,
        "name": "Generic Point 4",
        "x": 34.67765808105469,
        "y": 237.8900146484375,
        "z": 735.3936767578125
    },
    {
        "color": 4294967295,
        "name": "Generic Point 5",
        "x": 54.828125,
        "y": 238.5172576904297,
        "z": 775.3677978515625
    },
    {
        "color": 4294967295,
        "name": "Generic Point 6",
        "x": 248.4615936279297,
        "y": 236.73524475097656,
        "z": 536.8721923828125
    }
]