[
    {
        "color": 4294967295,
        "name": "Generic Point 0",
        "x": 1671.06,
        "y": 573.506,
        "z": 4665.78
    },
    {
        "color": 4294967295,
        "name": "Generic Point 1",
        "x": 1671.06005859375,
        "y": 573.5059814453125,
        "z": 4665.77978515625
    },
    {
        "color": 4294967295,
        "name": "Generic Point 10",
        "x": 1459.77001953125,
        "y": 752.31298828125,
        "z": 4491.25
    },
    {
        "color": 4294967295,
        "name": "Generic Point 11",
        "x": 1401.5899658203125,
        "y": 637.447998046875,
        "z": 4407.75
    },
    {
        "color": 4294967295,
        "name": "Generic Point 12",
        "x": 1611.800048828125,
        "y": 588.8380126953125,
        "z": 4329.02001953125
    },
    {
        "color": 4294967295,
        "name": "Generic Point 13",
        "x": 1514.47998046875,
        "y": 593.677978515625,
        "z": 4451.35986328125
    },
    {
        "color": 4294967295,
        "name": "Generic Point 14",
        "x": 1581.2900390625,
        "y": 721.97802734375,
        "z": 4429.02978515625
    },
    {
        "color": 4294967295,
        "name": "Generic Point 15",
        "x": 1570.3800048828125,
        "y": 641.8809814453125,
        "z": 4572.9501953125
    },
    {
        "color": 4294967295,
        "name": "Generic Point 16",
        "x": 1749.219970703125,
        "y": 578.9559936523438,
        "z": 4605.7998046875
    },
    {
        "color": 4294967295,
        "name": "Generic Point 17",
        "x": 1741.1099853515625,
        "y": 521.7540283203125,
        "z": 4478.8701171875
    },
    {
        "color": 4294967295,
        "name": "Generic Point 18",
        "x": 1469.8900146484375,
        "y": 91.12349700927734,
        "z": 3952.169921875
    },
    {
        "color": 4294967295,
        "name": "Generic Point 19",
        "x": 1383.8299560546875,
        "y": 158.2480010986328,
        "z": 3668.0400390625
    },
    {
        "color": 4294967295,
        "name": "Generic Point 2",
        "x": 1254.469970703125,
        "y": 146.5570068359375,
        "z": 3933.18994140625
    },
    {
        "color": 4294967295,
        "name": "Generic Point 20",
        "x": 1486.18994140625,
        "y": 244.4709930419922,
        "z": 3552.739990234375
    },
    {
        "color": 4294967295,
        "name": "Generic Point 21",
        "x": 1409.3299560546875,
        "y": 272.81201171875,
        "z": 3683.6298828125
    },
    {
        "color": 4294967295,
        "name": "Generic Point 22",
        "x": 1490.3199462890625,
        "y": 403.1409912109375,
        "z": 3577.080078125
    },
    {
        "color": 4294967295,
        "name": "Generic Point 23",
        "x": 1585.1400146484375,
        "y": 344.177001953125,
        "z": 3671.969970703125
    },
    {
        "color": 4294967295,
        "name": "Generic Point 24",
        "x": 1635.969970703125,
        "y": 146.427001953125,
        "z": 3937.489990234375
    },
    {
        "color": 4294967295,
        "name": "Generic Point 25",
        "x": 1585.43994140625,
        "y": -491.47900390625,
        "z": 3571.800048828125
    },
    {
        "color": 4294967295,
        "name": "Generic Point 26",
        "x": 1540.969970703125,
        "y": -411.78399658203125,
        "z": 3566.8701171875
    },
    {
        "color": 4294967295,
        "name": "Generic Point 27",
        "x": 1747.800048828125,
        "y": 683.9400024414062,
        "z": 4546.9501953125
    },
    {
        "color": 4294967295,
        "name": "Generic Point 28",
        "x": 1657.4100341796875,
        "y": 698.1820068359375,
        "z": 4592.2001953125
    },
    {
        "color": 4294967295,
        "name": "Generic Point 29",
        "x": 1638.530029296875,
        "y": 564.7670288085938,
        "z": 4481.02001953125
    },
    {
        "color": 4294967295,
        "name": "Generic Point 3",
        "x": 1419.43994140625,
        "y": 820.8709716796875,
        "z": 4850.31005859375
    },
    {
        "color": 4294967295,
        "name": "Generic Point 30",
        "x": 1555.9100341796875,
        "y": 556.8200073242188,
        "z": 4458.490234375
    },
    {
        "color": 4294967295,
        "name": "Generic Point 31",
        "x": 1294.489990234375,
        "y": 228.88900756835938,
        "z": 3726.719970703125
    },
    {
        "color": 4294967295,
        "name": "Generic Point 32",
        "x": 1315.0400390625,
        "y": 222.98599243164062,
        "z": 3853.68994140625
    },
    {
        "color": 4294967295,
        "name": "Generic Point 33",
        "x": 1362.7099609375,
        "y": 347.9989929199219,
        "z": 3873.47998046875
    },
    {
        "color": 4294967295,
        "name": "Generic Point 34",
        "x": 1256.3800048828125,
        "y": 281.7749938964844,
        "z": 3943.909912109375
    },
    {
        "color": 4294967295,
        "name": "Generic Point 35",
        "x": 1376.780029296875,
        "y": 214.18299865722656,
        "z": 3979.530029296875
    },
    {
        "color": 4294967295,
        "name": "Generic Point 36",
        "x": 1589.300048828125,
        "y": 246.92300415039062,
        "z": 3879.889892578125
    },
    {
        "color": 4294967295,
        "name": "Generic Point 37",
        "x": 1591.1600341796875,
        "y": 343.34698486328125,
        "z": 3814.300048828125
    },
    {
        "color": 4294967295,
        "name": "Generic Point 38",
        "x": 1620.239990234375,
        "y": 171.27200317382812,
        "z": 3794.280029296875
    },
    {
        "color": 4294967295,
        "name": "Generic Point 39",
        "x": 1363.1300048828125,
        "y": 366.12701416015625,
        "z": 3544.43994140625
    },
    {
        "color": 4294967295,
        "name": "Generic Point 4",
        "x": 1286.280029296875,
        "y": 625.9970092773438,
        "z": 4604.41015625
    },
    {
        "color": 4294967295,
        "name": "Generic Point 40",
        "x": 1254.47,
        "y": 146.557,
        "z": 3933.19
    },
    {
        "color": 4294967295,
        "name": "Generic Point 41",
        "x": 1459.3699951171875,
        "y": 215.3979949951172,
        "z": 3915.409912109375
    },
    {
        "color": 4294967295,
        "name": "Generic Point 42",
        "x": 1505.030029296875,
        "y": 265.7250061035156,
        "z": 3749.360107421875
    },
    {
        "color": 4294967295,
        "name": "Generic Point 5",
        "x": 1433.6500244140625,
        "y": 678.7570190429688,
        "z": 4489.64990234375
    },
    {
        "color": 4294967295,
        "name": "Generic Point 6",
        "x": 1442.1700439453125,
        "y": 682.1699829101562,
        "z": 4624.97998046875
    },
    {
        "color": 4294967295,
        "name": "Generic Point 7",
        "x": 1406.489990234375,
        "y": 631.364013671875,
        "z": 4674.25
    },
    {
        "color": 4294967295,
        "name": "Generic Point 8",
        "x": 1259.719970703125,
        "y": 651.5599975585938,
        "z": 4690.43017578125
    },
    {
        "color": 4294967295,
        "name": "Generic Point 9",
        "x": 1325.0799560546875,
        "y": 606.1339721679688,
        "z": 4729.72021484375
    }
]