[
    {
        "color": 4294967295,
        "name": "Generic Point 0",
        "x": -202.56930541992188,
        "y": 300.30975341796875,
        "z": 1611.6019287109375
    },
    {
        "color": 4294967295,
        "name": "Generic Point 1",
        "x": -415.2960510253906,
        "y": 221.87600708007812,
        "z": 1753.218505859375
    },
    {
        "color": 4294967295,
        "name": "Generic Point 10",
        "x": -903.7410888671875,
        "y": 192.37864685058594,
        "z": 1773.22900390625
    },
    {
        "color": 4294967295,
        "name": "Generic Point 11",
        "x": -1007.7518310546875,
        "y": 244.1114044189453,
        "z": 1756.308349609375
    },
    {
        "color": 4294967295,
        "name": "Generic Point 12",
        "x": -1026.7352294921875,
        "y": 279.7694396972656,
        "z": 1692.7803955078125
    },
    {
        "color": 4294967295,
        "name": "Generic Point 13",
        "x": -976.4200439453125,
        "y": 250.0869140625,
        "z": 1684.6112060546875
    },
    {
        "color": 4294967295,
        "name": "Generic Point 14",
        "x": -959.4810791015625,
        "y": 250.67356872558594,
        "z": 1616.030517578125
    },
    {
        "color": 4294967295,
        "name": "Generic Point 15",
        "x": -699.8917846679688,
        "y": 178.63848876953125,
        "z": 1535.326171875
    },
    {
        "color": 4294967295,
        "name": "Generic Point 16",
        "x": -786.9921875,
        "y": 121.05352020263672,
        "z": 1696.0921630859375
    },
    {
        "color": 4294967295,
        "name": "Generic Point 17",
        "x": -675.9092407226562,
        "y": 117.88662719726562,
        "z": 1792.9630126953125
    },
    {
        "color": 4294967295,
        "name": "Generic Point 18",
        "x": -660.508544921875,
        "y": 118.17103576660156,
        "z": 1807.8271484375
    },
    {
        "color": 4294967295,
        "name": "Generic Point 19",
        "x": -885.1687622070312,
        "y": 135.56967163085938,
        "z": 1807.4884033203125
    },
    {
        "color": 4294967295,
        "name": "Generic Point 2",
        "x": -500.931396484375,
        "y": 268.21014404296875,
        "z": 1876.5982666015625
    },
    {
        "color": 4294967295,
        "name": "Generic Point 20",
        "x": -862.3824462890625,
        "y": 151.61480712890625,
        "z": 1835.792724609375
    },
    {
        "color": 4294967295,
        "name": "Generic Point 21",
        "x": -849.7909545898438,
        "y": 123.40975952148438,
        "z": 1735.604248046875
    },
    {
        "color": 4294967295,
        "name": "Generic Point 22",
        "x": -414.6816711425781,
        "y": 309.2841796875,
        "z": 1699.879150390625
    },
    {
        "color": 4294967295,
        "name": "Generic Point 23",
        "x": -461.7572021484375,
        "y": 195.48211669921875,
        "z": 1663.554931640625
    },
    {
        "color": 4294967295,
        "name": "Generic Point 24",
        "x": -505.2861022949219,
        "y": 186.47975158691406,
        "z": 1657.777099609375
    },
    {
        "color": 4294967295,
        "name": "Generic Point 25",
        "x": -571.29443359375,
        "y": 178.95062255859375,
        "z": 1668.6402587890625
    },
    {
        "color": 4294967295,
        "name": "Generic Point 26",
        "x": -538.4140625,
        "y": 175.94960021972656,
        "z": 1606.459716796875
    },
    {
        "color": 4294967295,
        "name": "Generic Point 27",
        "x": -604.7013549804688,
        "y": 153.73606872558594,
        "z": 1609.8450927734375
    },
    {
        "color": 4294967295,
        "name": "Generic Point 28",
        "x": -610.78173828125,
        "y": 159.70944213867188,
        "z": 1749.6978759765625
    },
    {
        "color": 4294967295,
        "name": "Generic Point 29",
        "x": -581.766845703125,
        "y": 167.1492462158203,
        "z": 1751.0067138671875
    },
    {
        "color": 4294967295,
        "name": "Generic Point 3",
        "x": -410.67584228515625,
        "y": 246.88021850585938,
        "z": 1893.709716796875
    },
    {
        "color": 4294967295,
        "name": "Generic Point 30",
        "x": -632.7239990234375,
        "y": 152.7958984375,
        "z": 1729.300537109375
    },
    {
        "color": 4294967295,
        "name": "Generic Point 31",
        "x": -563.2053833007812,
        "y": 174.18319702148438,
        "z": 1807.743896484375
    },
    {
        "color": 4294967295,
        "name": "Generic Point 32",
        "x": -626.6553344726562,
        "y": 186.06446838378906,
        "z": 2003.1201171875
    },
    {
        "color": 4294967295,
        "name": "Generic Point 33",
        "x": -614.1839599609375,
        "y": 179.4446258544922,
        "z": 1955.0924072265625
    },
    {
        "color": 4294967295,
        "name": "Generic Point 34",
        "x": -579.3204345703125,
        "y": 182.73692321777344,
        "z": 1952.406494140625
    },
    {
        "color": 4294967295,
        "name": "Generic Point 35",
        "x": -554.309814453125,
        "y": 224.68508911132812,
        "z": 1946.5008544921875
    },
    {
        "color": 4294967295,
        "name": "Generic Point 36",
        "x": -537.0938110351562,
        "y": 180.2874755859375,
        "z": 1879.5391845703125
    },
    {
        "color": 4294967295,
        "name": "Generic Point 37",
        "x": -775.1395874023438,
        "y": 242.7036590576172,
        "z": 2031.2235107421875
    },
    {
        "color": 4294967295,
        "name": "Generic Point 4",
        "x": -508.6016845703125,
        "y": 263.1965637207031,
        "z": 1974.2547607421875
    },
    {
        "color": 4294967295,
        "name": "Generic Point 5",
        "x": -542.3703002929688,
        "y": 310.2043151855469,
        "z": 2017.940185546875
    },
    {
        "color": 4294967295,
        "name": "Generic Point 6",
        "x": -593.5452880859375,
        "y": 340.1832275390625,
        "z": 2054.52392578125
    },
    {
        "color": 4294967295,
        "name": "Generic Point 7",
        "x": -745.3382568359375,
        "y": 255.96461486816406,
        "z": 2075.584716796875
    },
    {
        "color": 4294967295,
        "name": "Generic Point 8",
        "x": -682.9127197265625,
        "y": 283.35638427734375,
        "z": 2101.168701171875
    },
    {
        "color": 4294967295,
        "name": "Generic Point 9",
        "x": -796.2288818359375,
        "y": 180.7281494140625,
        "z": 1965.6126708984375
    }
]