[
    {
        "color": 4294967295,
        "name": "Generic Point 0",
        "x": -1448.5469970703125,
        "y": 155.36033630371094,
        "z": 7315.60205078125
    },
    {
        "color": 4294967295,
        "name": "Generic Point 1",
        "x": -1323.6397705078125,
        "y": -5.191864013671875,
        "z": 7517.6962890625
    },
    {
        "color": 4294967295,
        "name": "Generic Point 2",
        "x": -1337.4013671875,
        "y": -5.186861991882324,
        "z": 7494.75048828125
    }
]