[
    {
        "color": 4294967295,
        "name": "Generic Point 0",
        "x": -3370.8100585938,
        "y": 201.25239562988,
        "z": 10406.624023438
    },
    {
        "color": 4294967295,
        "name": "Generic Point 1",
        "x": -2305.3012695312,
        "y": 201.22329711914,
        "z": 10814.1953125
    },
    {
        "color": 4294967295,
        "name": "Generic Point 2",
        "x": -2361.7741699219,
        "y": 207.9609375,
        "z": 9596.3544921875
    },
    {
        "color": 4294967295,
        "name": "Generic Point 3",
        "x": -2244.1291503906,
        "y": 130.35314941406,
        "z": 9208.8935546875
    },
    {
        "color": 4294967295,
        "name": "Generic Point 4",
        "x": -2155.0278320312,
        "y": 238.0350189209,
        "z": 9716.16796875
    },
    {
        "color": 4294967295,
        "name": "Generic Point 5",
        "x": -2671.052734375,
        "y": 201.0923614502,
        "z": 9507.4541015625
    },
    {
        "color": 4294967295,
        "name": "Generic Point 6",
        "x": -2655.2336425781,
        "y": 243.75238037109,
        "z": 9699.7626953125
    },
    {
        "color": 4294967295,
        "name": "Generic Point 7",
        "x": -3299.3032226562,
        "y": 207.69915771484,
        "z": 9817.9794921875
    }
]