[
    {
        "color": 4294967295,
        "name": "Generic Point 0",
        "x": -3212.234619140625,
        "y": 221.5808563232422,
        "z": -3434.795654296875
    },
    {
        "color": 4294967295,
        "name": "Generic Point 1",
        "x": -3197.42041015625,
        "y": 201.51231384277344,
        "z": -3584.03076171875
    },
    {
        "color": 4294967295,
        "name": "Generic Point 2",
        "x": -3747.5703125,
        "y": 202.63209533691406,
        "z": -3281.069091796875
    },
    {
        "color": 4294967295,
        "name": "Generic Point 3",
        "x": -3372.66748046875,
        "y": 224.67185974121094,
        "z": -3709.193359375
    },
    {
        "color": 4294967295,
        "name": "Generic Point 4",
        "x": -3362.52978515625,
        "y": 201.16917419433594,
        "z": -2975.905517578125
    },
    {
        "color": 4294967295,
        "name": "Generic Point 5",
        "x": -3404.40478515625,
        "y": 201.17225646972656,
        "z": -2995.592529296875
    },
    {
        "color": 4294967295,
        "name": "Generic Point 6",
        "x": -3951.025390625,
        "y": 201.75262451171875,
        "z": -3309.566162109375
    },
    {
        "color": 4294967295,
        "name": "Generic Point 7",
        "x": -3513.796142578125,
        "y": 201.68247985839844,
        "z": -2903.570556640625
    }
]