[
    {
        "color": 4294967295,
        "name": "Generic Point 0",
        "x": -2666.19970703125,
        "y": 209.40101623535156,
        "z": -4090.868896484375
    },
    {
        "color": 4294967295,
        "name": "Generic Point 1",
        "x": -2538.4189453125,
        "y": 233.79673767089844,
        "z": -4188.68310546875
    },
    {
        "color": 4294967295,
        "name": "Generic Point 10",
        "x": -2686.829833984375,
        "y": 208.2409210205078,
        "z": -4167.7783203125
    },
    {
        "color": 4294967295,
        "name": "Generic Point 11",
        "x": -2594.94091796875,
        "y": 253.8844451904297,
        "z": -4350.15576171875
    },
    {
        "color": 4294967295,
        "name": "Generic Point 12",
        "x": -2822.023681640625,
        "y": 211.8350067138672,
        "z": -4212.95263671875
    },
    {
        "color": 4294967295,
        "name": "Generic Point 13",
        "x": -2724.20703125,
        "y": 258.020751953125,
        "z": -4392.791015625
    },
    {
        "color": 4294967295,
        "name": "Generic Point 14",
        "x": -2426.121337890625,
        "y": 325.4346923828125,
        "z": -4367.8408203125
    },
    {
        "color": 4294967295,
        "name": "Generic Point 15",
        "x": -2385.923583984375,
        "y": 252.3444061279297,
        "z": -4415.5380859375
    },
    {
        "color": 4294967295,
        "name": "Generic Point 16",
        "x": -2369.700927734375,
        "y": 221.79946899414062,
        "z": -4500.38134765625
    },
    {
        "color": 4294967295,
        "name": "Generic Point 2",
        "x": -2724.20703125,
        "y": 258.020751953125,
        "z": -4392.791015625
    },
    {
        "color": 4294967295,
        "name": "Generic Point 3",
        "x": -2332.248291015625,
        "y": 225.80410766601562,
        "z": -4237.94970703125
    },
    {
        "color": 4294967295,
        "name": "Generic Point 4",
        "x": -3009.800537109375,
        "y": 206.25315856933594,
        "z": -4490.32080078125
    },
    {
        "color": 4294967295,
        "name": "Generic Point 5",
        "x": -2329.226806640625,
        "y": 201.7330322265625,
        "z": -4223.08984375
    },
    {
        "color": 4294967295,
        "name": "Generic Point 6",
        "x": -2311.95556640625,
        "y": 201.17677307128906,
        "z": -4277.3037109375
    },
    {
        "color": 4294967295,
        "name": "Generic Point 7",
        "x": -2160.936767578125,
        "y": 162.90065002441406,
        "z": -4502.4599609375
    },
    {
        "color": 4294967295,
        "name": "Generic Point 8",
        "x": -2176.001953125,
        "y": 162.9342803955078,
        "z": -4481.73681640625
    },
    {
        "color": 4294967295,
        "name": "Generic Point 9",
        "x": -2582.67138671875,
        "y": 254.03793334960938,
        "z": -4223.05810546875
    }
]