[
    {
        "color": 4294967295,
        "name": "Generic Point 0",
        "x": 2098.18896484375,
        "y": 207.31483459472656,
        "z": -1222.0396728515625
    },
    {
        "color": 4294967295,
        "name": "Generic Point 1",
        "x": 2046.0711669921875,
        "y": 201.77308654785156,
        "z": -1124.8408203125
    },
    {
        "color": 4294967295,
        "name": "Generic Point 2",
        "x": 1995.0433349609375,
        "y": 268.4349365234375,
        "z": -542.4916381835938
    },
    {
        "color": 4294967295,
        "name": "Generic Point 3",
        "x": 2375.11474609375,
        "y": 290.64263916015625,
        "z": -195.09396362304688
    },
    {
        "color": 4294967295,
        "name": "Generic Point 4",
        "x": 2640.699462890625,
        "y": 230.3799591064453,
        "z": 22.6810302734375
    },
    {
        "color": 4294967295,
        "name": "Generic Point 5",
        "x": 1462.72314453125,
        "y": 268.2719421386719,
        "z": -1627.625732421875
    }
]