[
    {
        "color": 4294967295,
        "name": "Generic Point 10",
        "x": 1992.160400390625,
        "y": 212.31910705566406,
        "z": -875.0277099609375
    },
    {
        "color": 4294967295,
        "name": "Generic Point 11",
        "x": 2276.005126953125,
        "y": 220.9314727783203,
        "z": -875.301025390625
    },
    {
        "color": 4294967295,
        "name": "Generic Point 12",
        "x": 2260.215087890625,
        "y": 273.10943603515625,
        "z": -747.6814575195312
    },
    {
        "color": 4294967295,
        "name": "Generic Point 13",
        "x": 2178.29931640625,
        "y": 213.47311401367188,
        "z": -523.2017822265625
    },
    {
        "color": 4294967295,
        "name": "Generic Point 14",
        "x": 2292.93017578125,
        "y": 255.04086303710938,
        "z": -383.5112609863281
    },
    {
        "color": 4294967295,
        "name": "Generic Point 15",
        "x": 2582.499755859375,
        "y": 266.9957580566406,
        "z": -436.64666748046875
    },
    {
        "color": 4294967295,
        "name": "Generic Point 16",
        "x": 2785.004150390625,
        "y": 216.59414672851562,
        "z": -88.81454467773438
    },
    {
        "color": 4294967295,
        "name": "Generic Point 17",
        "x": 2919.99609375,
        "y": 209.4150848388672,
        "z": 267.2240905761719
    },
    {
        "color": 4294967295,
        "name": "Generic Point 18",
        "x": 2580.371826171875,
        "y": 207.13710021972656,
        "z": 342.97747802734375
    },
    {
        "color": 4294967295,
        "name": "Generic Point 19",
        "x": 2377.079833984375,
        "y": 227.31748962402344,
        "z": 35.86344909667969
    },
    {
        "color": 4294967295,
        "name": "Generic Point 20",
        "x": 2651.893310546875,
        "y": 300.78704833984375,
        "z": 118.67108917236328
    },
    {
        "color": 4294967295,
        "name": "Generic Point 21",
        "x": 1863.4453125,
        "y": 203.86212158203125,
        "z": -201.57049560546875
    },
    {
        "color": 4294967295,
        "name": "Generic Point 3",
        "x": 2296.9619140625,
        "y": 264.62255859375,
        "z": -1509.7763671875
    },
    {
        "color": 4294967295,
        "name": "Generic Point 4",
        "x": 2196.29443359375,
        "y": 214.8262481689453,
        "z": -1121.819091796875
    },
    {
        "color": 4294967295,
        "name": "Generic Point 5",
        "x": 1976.3763427734375,
        "y": 236.94461059570312,
        "z": -1532.376708984375
    },
    {
        "color": 4294967295,
        "name": "Generic Point 6",
        "x": 1439.2978515625,
        "y": 329.73992919921875,
        "z": -2002.74169921875
    },
    {
        "color": 4294967295,
        "name": "Generic Point 7",
        "x": 1460.173095703125,
        "y": 258.5778503417969,
        "z": -1436.280029296875
    },
    {
        "color": 4294967295,
        "name": "Generic Point 8",
        "x": 1595.359619140625,
        "y": 288.4757385253906,
        "z": -1133.36572265625
    },
    {
        "color": 4294967295,
        "name": "Generic Point 9",
        "x": 1789.58935546875,
        "y": 236.285888671875,
        "z": -913.6317138671875
    }
]