[
    {
        "color": 4294967295,
        "name": "Generic Point 00",
        "x": 1630.8489990234375,
        "y": 254.90805053710938,
        "z": 9403.650390625
    },
    {
        "color": 4294967295,
        "name": "Generic Point 01",
        "x": 1706.8524169921875,
        "y": 199.4002685546875,
        "z": 9832.521484375
    },
    {
        "color": 4294967295,
        "name": "Generic Point 02",
        "x": 1960.8712158203125,
        "y": 209.15992736816406,
        "z": 9773.4267578125
    },
    {
        "color": 4294967295,
        "name": "Generic Point 03",
        "x": 2082.927734375,
        "y": 200.67385864257812,
        "z": 9903.2421875
    }
]