[
    {
        "color": 4294967295,
        "name": "Generic Point 0",
        "x": 94.98875427246094,
        "y": 192.1958770751953,
        "z": 1402.5396728515625
    },
    {
        "color": 4294967295,
        "name": "Generic Point 1",
        "x": 95.04873657226562,
        "y": 199.47958374023438,
        "z": 1402.5640869140625
    },
    {
        "color": 4294967295,
        "name": "Generic Point 2",
        "x": 109.70437622070312,
        "y": 207.09957885742188,
        "z": 1400.0478515625
    },
    {
        "color": 4294967295,
        "name": "Generic Point 3",
        "x": 196.38180541992188,
        "y": 198.8834228515625,
        "z": 1391.8089599609375
    },
    {
        "color": 4294967295,
        "name": "Generic Point 4",
        "x": 203.43807983398438,
        "y": 206.41311645507812,
        "z": 1381.14453125
    },
    {
        "color": 4294967295,
        "name": "Generic Point 5",
        "x": 203.8960418701172,
        "y": 213.8795166015625,
        "z": 1390.156982421875
    },
    {
        "color": 4294967295,
        "name": "Generic Point 6",
        "x": 156.7328643798828,
        "y": 213.46792602539062,
        "z": 1437.2364501953125
    },
    {
        "color": 4294967295,
        "name": "Generic Point 7",
        "x": 156.57115173339844,
        "y": 195.24014282226562,
        "z": 1399.655517578125
    }
]