[
    {
        "color": 4294967295,
        "name": "Generic Point 0",
        "x": 835.5767822265625,
        "y": 481.498291015625,
        "z": 1425.8656005859375
    },
    {
        "color": 4294967295,
        "name": "Generic Point 1",
        "x": 1061.718994140625,
        "y": 432.75201416015625,
        "z": 1596.177734375
    },
    {
        "color": 4294967295,
        "name": "Generic Point 2",
        "x": 773.0317993164062,
        "y": 407.11181640625,
        "z": 1790.4862060546875
    },
    {
        "color": 4294967295,
        "name": "Generic Point 3",
        "x": 720.7240600585938,
        "y": 421.4940490722656,
        "z": 1442.7850341796875
    },
    {
        "color": 4294967295,
        "name": "Generic Point 4",
        "x": 835.0432739257812,
        "y": 481.54193115234375,
        "z": 1428.2159423828125
    }
]