[
    {
        "color": 4294967295,
        "name": "Generic Point 0",
        "x": 1726.0645751953125,
        "y": 554.2847900390625,
        "z": 4620.02490234375
    },
    {
        "color": 4294967295,
        "name": "Generic Point 1",
        "x": 1747.2852783203125,
        "y": 578.4452514648438,
        "z": 4603.9658203125
    },
    {
        "color": 4294967295,
        "name": "Generic Point 2",
        "x": 1706.40087890625,
        "y": 567.8101806640625,
        "z": 4562.775390625
    },
    {
        "color": 4294967295,
        "name": "Generic Point 3",
        "x": 1389.9561767578125,
        "y": 219.92578125,
        "z": 3602.74169921875
    },
    {
        "color": 4294967295,
        "name": "Generic Point 4",
        "x": 1421.9013671875,
        "y": 237.9025115966797,
        "z": 3885.251220703125
    },
    {
        "color": 4294967295,
        "name": "Generic Point 5",
        "x": 1425.755859375,
        "y": 346.8069763183594,
        "z": 3638.5703125
    },
    {
        "color": 4294967295,
        "name": "Generic Point 6",
        "x": 1493.72265625,
        "y": 388.3805236816406,
        "z": 3549.371826171875
    }
]