[
    {
        "color": 4294967295,
        "name": "Generic Point 0000",
        "x": 1548.07080078125,
        "y": 225.76007080078125,
        "z": 9379.7041015625
    },
    {
        "color": 4294967295,
        "name": "Generic Point 0001",
        "x": 1614.6102294921875,
        "y": 275.53076171875,
        "z": 9409.0771484375
    },
    {
        "color": 4294967295,
        "name": "Generic Point 0002",
        "x": 1718.061767578125,
        "y": 291.6525573730469,
        "z": 9425.3251953125
    },
    {
        "color": 4294967295,
        "name": "Generic Point 0003",
        "x": 1638.41552734375,
        "y": 316.2952880859375,
        "z": 9523.9814453125
    },
    {
        "color": 4294967295,
        "name": "Generic Point 0004",
        "x": 1812.8250732421875,
        "y": 239.62843322753906,
        "z": 9664.1748046875
    },
    {
        "color": 4294967295,
        "name": "Generic Point 0005",
        "x": 1815.3062744140625,
        "y": 265.2082824707031,
        "z": 9772.787109375
    },
    {
        "color": 4294967295,
        "name": "Generic Point 0006",
        "x": 1754.227783203125,
        "y": 231.16787719726562,
        "z": 9780.5185546875
    },
    {
        "color": 4294967295,
        "name": "Generic Point 0007",
        "x": 1677.5213623046875,
        "y": 269.8131408691406,
        "z": 9799.552734375
    },
    {
        "color": 4294967295,
        "name": "Generic Point 0008",
        "x": 1739.886962890625,
        "y": 277.44635009765625,
        "z": 9868.8603515625
    },
    {
        "color": 4294967295,
        "name": "Generic Point 0009",
        "x": 1653.0299072265625,
        "y": 222.58021545410156,
        "z": 9948.890625
    },
    {
        "color": 4294967295,
        "name": "Generic Point 0010",
        "x": 1561.0172119140625,
        "y": 205.64898681640625,
        "z": 9896.04296875
    },
    {
        "color": 4294967295,
        "name": "Generic Point 0011",
        "x": 1572.651123046875,
        "y": 235.76248168945312,
        "z": 9778.0625
    },
    {
        "color": 4294967295,
        "name": "Generic Point 0012",
        "x": 1468.3056640625,
        "y": 216.81948852539062,
        "z": 9697.0390625
    },
    {
        "color": 4294967295,
        "name": "Generic Point 0013",
        "x": 1287.6339111328125,
        "y": 200.64370727539062,
        "z": 10074.3642578125
    },
    {
        "color": 4294967295,
        "name": "Generic Point 0014",
        "x": 1652.9000244140625,
        "y": 205.99496459960938,
        "z": 10094.6044921875
    },
    {
        "color": 4294967295,
        "name": "Generic Point 0015",
        "x": 1891.7293701171875,
        "y": 207.4895477294922,
        "z": 9985.2626953125
    },
    {
        "color": 4294967295,
        "name": "Generic Point 0016",
        "x": 2011.03173828125,
        "y": 260.88958740234375,
        "z": 9858.0888671875
    },
    {
        "color": 4294967295,
        "name": "Generic Point 0017",
        "x": 2072.470947265625,
        "y": 217.13290405273438,
        "z": 9774.697265625
    },
    {
        "color": 4294967295,
        "name": "Generic Point 0018",
        "x": 1881.8955078125,
        "y": 307.1739196777344,
        "z": 9811.0126953125
    },
    {
        "color": 4294967295,
        "name": "Generic Point 0019",
        "x": 1861.568359375,
        "y": 344.3067321777344,
        "z": 9361.580078125
    },
    {
        "color": 4294967295,
        "name": "Generic Point 0020",
        "x": 1820.445556640625,
        "y": 241.3819580078125,
        "z": 9235.3759765625
    },
    {
        "color": 4294967295,
        "name": "Generic Point 0021",
        "x": 1905.0145263671875,
        "y": 206.11087036132812,
        "z": 9063.3330078125
    },
    {
        "color": 4294967295,
        "name": "Generic Point 0022",
        "x": 2076.27734375,
        "y": 210.90994262695312,
        "z": 9064.3896484375
    },
    {
        "color": 4294967295,
        "name": "Generic Point 0023",
        "x": 2149.634033203125,
        "y": 279.75079345703125,
        "z": 9090.1640625
    },
    {
        "color": 4294967295,
        "name": "Generic Point 0024",
        "x": 2175.762451171875,
        "y": 283.2283630371094,
        "z": 9129.4921875
    },
    {
        "color": 4294967295,
        "name": "Generic Point 0025",
        "x": 2290.359375,
        "y": 295.4295654296875,
        "z": 9112.2666015625
    },
    {
        "color": 4294967295,
        "name": "Generic Point 0026",
        "x": 2320.029296875,
        "y": 266.4364929199219,
        "z": 9118.423828125
    },
    {
        "color": 4294967295,
        "name": "Generic Point 0027",
        "x": 2410.669921875,
        "y": 272.9320068359375,
        "z": 9121.2890625
    },
    {
        "color": 4294967295,
        "name": "Generic Point 0028",
        "x": 2476.12353515625,
        "y": 213.59100341796875,
        "z": 9059.2734375
    },
    {
        "color": 4294967295,
        "name": "Generic Point 0029",
        "x": 2604.72021484375,
        "y": 233.76263427734375,
        "z": 9072.056640625
    },
    {
        "color": 4294967295,
        "name": "Generic Point 0030",
        "x": 2774.05078125,
        "y": 225.15798950195312,
        "z": 9125.47265625
    },
    {
        "color": 4294967295,
        "name": "Generic Point 0031",
        "x": 2846.88134765625,
        "y": 215.08750915527344,
        "z": 9219.2060546875
    },
    {
        "color": 4294967295,
        "name": "Generic Point 0032",
        "x": 2703.423583984375,
        "y": 469.41375732421875,
        "z": 9156.642578125
    },
    {
        "color": 4294967295,
        "name": "Generic Point 0033",
        "x": 2660.157470703125,
        "y": 419.5260009765625,
        "z": 9046.2099609375
    },
    {
        "color": 4294967295,
        "name": "Generic Point 0034",
        "x": 2570.6728515625,
        "y": 417.2407531738281,
        "z": 8981.9345703125
    },
    {
        "color": 4294967295,
        "name": "Generic Point 0035",
        "x": 2542.012939453125,
        "y": 262.9516906738281,
        "z": 8848.4091796875
    },
    {
        "color": 4294967295,
        "name": "Generic Point 0036",
        "x": 2383.337890625,
        "y": 296.8822021484375,
        "z": 8991.9501953125
    },
    {
        "color": 4294967295,
        "name": "Generic Point 0037",
        "x": 2372.472412109375,
        "y": 227.91412353515625,
        "z": 9217.0302734375
    },
    {
        "color": 4294967295,
        "name": "Generic Point 0038",
        "x": 2367.329345703125,
        "y": 210.6343994140625,
        "z": 9338.029296875
    },
    {
        "color": 4294967295,
        "name": "Generic Point 0039",
        "x": 2244.100341796875,
        "y": 252.04327392578125,
        "z": 9391.9404296875
    },
    {
        "color": 4294967295,
        "name": "Generic Point 0040",
        "x": 2193.354736328125,
        "y": 224.16354370117188,
        "z": 9476.9912109375
    },
    {
        "color": 4294967295,
        "name": "Generic Point 0041",
        "x": 2160.253173828125,
        "y": 210.62998962402344,
        "z": 9331.9091796875
    },
    {
        "color": 4294967295,
        "name": "Generic Point 0042",
        "x": 2203.144287109375,
        "y": 306.1969299316406,
        "z": 9283.798828125
    },
    {
        "color": 4294967295,
        "name": "Generic Point 0043",
        "x": 2050.45703125,
        "y": 231.62405395507812,
        "z": 9204.201171875
    },
    {
        "color": 4294967295,
        "name": "Generic Point 0044",
        "x": 2018.8768310546875,
        "y": 268.8105773925781,
        "z": 9310.8583984375
    },
    {
        "color": 4294967295,
        "name": "Generic Point 0045",
        "x": 2439.906982421875,
        "y": 213.33677673339844,
        "z": 9505.0009765625
    },
    {
        "color": 4294967295,
        "name": "Generic Point 0046",
        "x": 2474.65478515625,
        "y": 346.1039733886719,
        "z": 9205.501953125
    },
    {
        "color": 4294967295,
        "name": "Generic Point 0047",
        "x": 2554.2783203125,
        "y": 371.4950256347656,
        "z": 9219.859375
    },
    {
        "color": 4294967295,
        "name": "Generic Point 0048",
        "x": 2345.11376953125,
        "y": 202.42453002929688,
        "z": 8737.373046875
    },
    {
        "color": 4294967295,
        "name": "Generic Point 0049",
        "x": 2270.464111328125,
        "y": 211.99636840820312,
        "z": 8659.509765625
    },
    {
        "color": 4294967295,
        "name": "Generic Point 0050",
        "x": 2204.427490234375,
        "y": 206.1398468017578,
        "z": 8591.6943359375
    },
    {
        "color": 4294967295,
        "name": "Generic Point 0051",
        "x": 2259.618408203125,
        "y": -161.75076293945312,
        "z": 8750.876953125
    },
    {
        "color": 4294967295,
        "name": "Generic Point 0052",
        "x": 2207.745361328125,
        "y": -195.43133544921875,
        "z": 8756.7109375
    },
    {
        "color": 4294967295,
        "name": "Generic Point 0053",
        "x": 3262.37841796875,
        "y": 202.1724395751953,
        "z": 9282.0
    },
    {
        "color": 4294967295,
        "name": "Generic Point 0054",
        "x": 3354.3154296875,
        "y": 207.4944305419922,
        "z": 9271.4521484375
    },
    {
        "color": 4294967295,
        "name": "Generic Point 0055",
        "x": 3466.451904296875,
        "y": 223.41064453125,
        "z": 9291.7998046875
    },
    {
        "color": 4294967295,
        "name": "Generic Point 0056",
        "x": 3468.734375,
        "y": 203.0729522705078,
        "z": 9329.63671875
    },
    {
        "color": 4294967295,
        "name": "Generic Point 0057",
        "x": 3480.658935546875,
        "y": 202.3026580810547,
        "z": 9402.787109375
    },
    {
        "color": 4294967295,
        "name": "Generic Point 0058",
        "x": 3549.4580078125,
        "y": 205.52838134765625,
        "z": 9471.9794921875
    },
    {
        "color": 4294967295,
        "name": "Generic Point 0059",
        "x": 3425.459228515625,
        "y": 200.28428649902344,
        "z": 9520.9228515625
    },
    {
        "color": 4294967295,
        "name": "Generic Point 0060",
        "x": 3430.45849609375,
        "y": 269.55645751953125,
        "z": 9498.4912109375
    },
    {
        "color": 4294967295,
        "name": "Generic Point 0061",
        "x": 3207.191650390625,
        "y": 229.52285766601562,
        "z": 9635.337890625
    },
    {
        "color": 4294967295,
        "name": "Generic Point 0062",
        "x": 3087.261962890625,
        "y": 219.3987579345703,
        "z": 9680.8779296875
    },
    {
        "color": 4294967295,
        "name": "Generic Point 0063",
        "x": 3107.616455078125,
        "y": 243.7047119140625,
        "z": 9744.5703125
    },
    {
        "color": 4294967295,
        "name": "Generic Point 0064",
        "x": 3145.354248046875,
        "y": 360.2931823730469,
        "z": 9881.765625
    },
    {
        "color": 4294967295,
        "name": "Generic Point 0065",
        "x": 3262.03125,
        "y": 418.13677978515625,
        "z": 9957.5830078125
    },
    {
        "color": 4294967295,
        "name": "Generic Point 0066",
        "x": 3262.504150390625,
        "y": 492.07171630859375,
        "z": 9899.201171875
    },
    {
        "color": 4294967295,
        "name": "Generic Point 0067",
        "x": 3304.272216796875,
        "y": 293.41741943359375,
        "z": 9951.2802734375
    },
    {
        "color": 4294967295,
        "name": "Generic Point 0068",
        "x": 3403.914794921875,
        "y": 333.27386474609375,
        "z": 9844.578125
    },
    {
        "color": 4294967295,
        "name": "Generic Point 0069",
        "x": 3538.77734375,
        "y": 268.361328125,
        "z": 9872.884765625
    },
    {
        "color": 4294967295,
        "name": "Generic Point 0070",
        "x": 3594.19677734375,
        "y": 224.78115844726562,
        "z": 9932.0712890625
    },
    {
        "color": 4294967295,
        "name": "Generic Point 0071",
        "x": 3271.509765625,
        "y": 147.86160278320312,
        "z": 10094.4072265625
    },
    {
        "color": 4294967295,
        "name": "Generic Point 0072",
        "x": 3263.19873046875,
        "y": 248.55099487304688,
        "z": 10195.6220703125
    },
    {
        "color": 4294967295,
        "name": "Generic Point 0073",
        "x": 3017.69677734375,
        "y": 234.98956298828125,
        "z": 9991.2841796875
    },
    {
        "color": 4294967295,
        "name": "Generic Point 0074",
        "x": 2877.29638671875,
        "y": 226.0164031982422,
        "z": 9916.201171875
    },
    {
        "color": 4294967295,
        "name": "Generic Point 0075",
        "x": 3099.722412109375,
        "y": 222.3221893310547,
        "z": 9521.392578125
    },
    {
        "color": 4294967295,
        "name": "Generic Point 0076",
        "x": 3386.712890625,
        "y": 201.42547607421875,
        "z": 9146.466796875
    },
    {
        "color": 4294967295,
        "name": "Generic Point 0077",
        "x": 3713.341796875,
        "y": 257.7031555175781,
        "z": 9186.6630859375
    },
    {
        "color": 4294967295,
        "name": "Generic Point 0078",
        "x": 2492.551513671875,
        "y": 210.78915405273438,
        "z": 10640.6552734375
    },
    {
        "color": 4294967295,
        "name": "Generic Point 0079",
        "x": 2353.22314453125,
        "y": 261.8975524902344,
        "z": 10689.265625
    },
    {
        "color": 4294967295,
        "name": "Generic Point 0080",
        "x": 2252.92041015625,
        "y": 221.68426513671875,
        "z": 10710.265625
    },
    {
        "color": 4294967295,
        "name": "Generic Point 0081",
        "x": 2230.9931640625,
        "y": 246.95016479492188,
        "z": 10734.892578125
    },
    {
        "color": 4294967295,
        "name": "Generic Point 0082",
        "x": 2125.142822265625,
        "y": 228.1089630126953,
        "z": 10798.294921875
    },
    {
        "color": 4294967295,
        "name": "Generic Point 0083",
        "x": 2035.774169921875,
        "y": 218.831298828125,
        "z": 10880.8564453125
    },
    {
        "color": 4294967295,
        "name": "Generic Point 0084",
        "x": 1993.298828125,
        "y": 206.46954345703125,
        "z": 10996.50390625
    },
    {
        "color": 4294967295,
        "name": "Generic Point 0085",
        "x": 1799.990966796875,
        "y": 201.6448211669922,
        "z": 10945.2197265625
    },
    {
        "color": 4294967295,
        "name": "Generic Point 0086",
        "x": 1679.04541015625,
        "y": 206.02183532714844,
        "z": 10920.296875
    },
    {
        "color": 4294967295,
        "name": "Generic Point 0087",
        "x": 1659.12353515625,
        "y": 239.57571411132812,
        "z": 11039.59765625
    },
    {
        "color": 4294967295,
        "name": "Generic Point 0088",
        "x": 1650.1363525390625,
        "y": 230.9033203125,
        "z": 11165.650390625
    },
    {
        "color": 4294967295,
        "name": "Generic Point 0089",
        "x": 1522.0789794921875,
        "y": 222.25404357910156,
        "z": 11110.50390625
    },
    {
        "color": 4294967295,
        "name": "Generic Point 0090",
        "x": 1494.891357421875,
        "y": 210.2966766357422,
        "z": 11010.8037109375
    },
    {
        "color": 4294967295,
        "name": "Generic Point 0091",
        "x": 1440.406494140625,
        "y": 217.46737670898438,
        "z": 10630.4150390625
    },
    {
        "color": 4294967295,
        "name": "Generic Point 0092",
        "x": 1717.564208984375,
        "y": 200.12066650390625,
        "z": 10461.6845703125
    },
    {
        "color": 4294967295,
        "name": "Generic Point 0093",
        "x": 1699.1171875,
        "y": 237.2195281982422,
        "z": 10418.8994140625
    },
    {
        "color": 4294967295,
        "name": "Generic Point 0094",
        "x": 1747.16845703125,
        "y": 222.2149658203125,
        "z": 10513.0771484375
    },
    {
        "color": 4294967295,
        "name": "Generic Point 0095",
        "x": 1803.8675537109375,
        "y": 177.57574462890625,
        "z": 10524.3955078125
    },
    {
        "color": 4294967295,
        "name": "Generic Point 0096",
        "x": 1816.6300048828125,
        "y": 214.12615966796875,
        "z": 10566.642578125
    },
    {
        "color": 4294967295,
        "name": "Generic Point 0097",
        "x": 1881.8255615234375,
        "y": 237.94839477539062,
        "z": 10563.1796875
    },
    {
        "color": 4294967295,
        "name": "Generic Point 0098",
        "x": 1947.372802734375,
        "y": 265.98199462890625,
        "z": 10561.787109375
    },
    {
        "color": 4294967295,
        "name": "Generic Point 0099",
        "x": 2011.769775390625,
        "y": 263.70257568359375,
        "z": 10632.9716796875
    },
    {
        "color": 4294967295,
        "name": "Generic Point 0100",
        "x": 2026.7236328125,
        "y": 340.437744140625,
        "z": 10646.5224609375
    },
    {
        "color": 4294967295,
        "name": "Generic Point 0101",
        "x": 2036.91064453125,
        "y": 344.5093688964844,
        "z": 10534.6103515625
    },
    {
        "color": 4294967295,
        "name": "Generic Point 0102",
        "x": 1927.602294921875,
        "y": 286.09912109375,
        "z": 10372.751953125
    },
    {
        "color": 4294967295,
        "name": "Generic Point 0103",
        "x": 1811.3828125,
        "y": 202.6683807373047,
        "z": 10319.1552734375
    },
    {
        "color": 4294967295,
        "name": "Generic Point 0104",
        "x": 1851.578125,
        "y": 122.19975280761719,
        "z": 10421.5751953125
    },
    {
        "color": 4294967295,
        "name": "Generic Point 0105",
        "x": 1960.8564453125,
        "y": 204.2184295654297,
        "z": 10685.9912109375
    },
    {
        "color": 4294967295,
        "name": "Generic Point 0106",
        "x": 1847.093994140625,
        "y": 210.47213745117188,
        "z": 10829.841796875
    },
    {
        "color": 4294967295,
        "name": "Generic Point 0107",
        "x": 1778.6558837890625,
        "y": 209.58004760742188,
        "z": 10715.2060546875
    },
    {
        "color": 4294967295,
        "name": "Generic Point 0108",
        "x": 1954.359619140625,
        "y": 12.704419136047363,
        "z": 10771.765625
    },
    {
        "color": 4294967295,
        "name": "Generic Point 0109",
        "x": 2357.129638671875,
        "y": 204.7431640625,
        "z": 10861.97265625
    },
    {
        "color": 4294967295,
        "name": "Generic Point 0110",
        "x": 2082.013671875,
        "y": 114.72004699707031,
        "z": 11226.2421875
    }
]