[
    {
        "color": 4294967295,
        "name": "Generic Point 0",
        "x": -3355.1826171875,
        "y": 203.73634338379,
        "z": 10989.264648438
    },
    {
        "color": 4294967295,
        "name": "Generic Point 1",
        "x": -2948.7902832031,
        "y": 618.87994384766,
        "z": 10563.90625
    },
    {
        "color": 4294967295,
        "name": "Generic Point 10",
        "x": -2372.4553222656,
        "y": 202.75617980957,
        "z": 9985.09375
    },
    {
        "color": 4294967295,
        "name": "Generic Point 11",
        "x": -2985.4328613281,
        "y": 262.99420166016,
        "z": 10775.440429688
    },
    {
        "color": 4294967295,
        "name": "Generic Point 12",
        "x": -2328.5483398438,
        "y": 205.87350463867,
        "z": 9781.708984375
    },
    {
        "color": 4294967295,
        "name": "Generic Point 13",
        "x": -2361.7749023438,
        "y": 207.96101379395,
        "z": 9596.3544921875
    },
    {
        "color": 4294967295,
        "name": "Generic Point 14",
        "x": -2571.4089355469,
        "y": 204.72355651855,
        "z": 9639.326171875
    },
    {
        "color": 4294967295,
        "name": "Generic Point 15",
        "x": -2341.3149414062,
        "y": 219.21170043945,
        "z": 9446.99609375
    },
    {
        "color": 4294967295,
        "name": "Generic Point 16",
        "x": -2155.0280761719,
        "y": 238.03509521484,
        "z": 9716.16796875
    },
    {
        "color": 4294967295,
        "name": "Generic Point 17",
        "x": -2202.544921875,
        "y": 201.87748718262,
        "z": 9848.4111328125
    },
    {
        "color": 4294967295,
        "name": "Generic Point 18",
        "x": -2395.1928710938,
        "y": 224.2368927002,
        "z": 9737.525390625
    },
    {
        "color": 4294967295,
        "name": "Generic Point 19",
        "x": -2671.0529785156,
        "y": 201.09245300293,
        "z": 9507.4541015625
    },
    {
        "color": 4294967295,
        "name": "Generic Point 2",
        "x": -2765.4208984375,
        "y": 279.47946166992,
        "z": 10441.686523438
    },
    {
        "color": 4294967295,
        "name": "Generic Point 20",
        "x": -2746.1052246094,
        "y": 228.27865600586,
        "z": 9691.7900390625
    },
    {
        "color": 4294967295,
        "name": "Generic Point 21",
        "x": -2655.2336425781,
        "y": 243.75241088867,
        "z": 9699.7626953125
    },
    {
        "color": 4294967295,
        "name": "Generic Point 22",
        "x": -3358.3400878906,
        "y": 201.33514404297,
        "z": 10698.104492188
    },
    {
        "color": 4294967295,
        "name": "Generic Point 23",
        "x": -2793.7646484375,
        "y": 200.91513061523,
        "z": 9678.6240234375
    },
    {
        "color": 4294967295,
        "name": "Generic Point 24",
        "x": -2852.1625976562,
        "y": 115.45291137695,
        "z": 9640.005859375
    },
    {
        "color": 4294967295,
        "name": "Generic Point 25",
        "x": -2944.7880859375,
        "y": 204.80955505371,
        "z": 9785.4892578125
    },
    {
        "color": 4294967295,
        "name": "Generic Point 26",
        "x": -3298.5749511719,
        "y": 201.2564239502,
        "z": 9820.8154296875
    },
    {
        "color": 4294967295,
        "name": "Generic Point 27",
        "x": -3154.0900878906,
        "y": 311.47241210938,
        "z": 10134.057617188
    },
    {
        "color": 4294967295,
        "name": "Generic Point 28",
        "x": -2849.349609375,
        "y": 325.91741943359,
        "z": 10133.571289062
    },
    {
        "color": 4294967295,
        "name": "Generic Point 29",
        "x": -2892.283203125,
        "y": 258.47351074219,
        "z": 9921.5537109375
    },
    {
        "color": 4294967295,
        "name": "Generic Point 3",
        "x": -2547.3103027344,
        "y": 266.81872558594,
        "z": 10533.33984375
    },
    {
        "color": 4294967295,
        "name": "Generic Point 30",
        "x": -2804.6716308594,
        "y": 258.93667602539,
        "z": 9907.0009765625
    },
    {
        "color": 4294967295,
        "name": "Generic Point 31",
        "x": -2985.1416015625,
        "y": 284.14990234375,
        "z": 9966.341796875
    },
    {
        "color": 4294967295,
        "name": "Generic Point 32",
        "x": -2831.4328613281,
        "y": 767.79931640625,
        "z": 10445.60546875
    },
    {
        "color": 4294967295,
        "name": "Generic Point 33",
        "x": -3406.2893066406,
        "y": 202.08125305176,
        "z": 10419.494140625
    },
    {
        "color": 4294967295,
        "name": "Generic Point 34",
        "x": -3406.2893066406,
        "y": 202.08120727539,
        "z": 10419.494140625
    },
    {
        "color": 4294967295,
        "name": "Generic Point 35",
        "x": -3329.6818847656,
        "y": 227.48509216309,
        "z": 10331.442382812
    },
    {
        "color": 4294967295,
        "name": "Generic Point 36",
        "x": -3309.8510742188,
        "y": 226.19581604004,
        "z": 10466.967773438
    },
    {
        "color": 4294967295,
        "name": "Generic Point 37",
        "x": -3197.6787109375,
        "y": 270.31930541992,
        "z": 10487.873046875
    },
    {
        "color": 4294967295,
        "name": "Generic Point 38",
        "x": -3213.7790527344,
        "y": 560.66955566406,
        "z": 10520.59375
    },
    {
        "color": 4294967295,
        "name": "Generic Point 4",
        "x": -2541.9711914062,
        "y": 208.79850769043,
        "z": 10700.50390625
    },
    {
        "color": 4294967295,
        "name": "Generic Point 5",
        "x": -2871.8962402344,
        "y": 201.19488525391,
        "z": 11010.16015625
    },
    {
        "color": 4294967295,
        "name": "Generic Point 6",
        "x": -2472.642578125,
        "y": 259.05920410156,
        "z": 10383.510742188
    },
    {
        "color": 4294967295,
        "name": "Generic Point 7",
        "x": -2550.9428710938,
        "y": 267.20474243164,
        "z": 10379.40234375
    },
    {
        "color": 4294967295,
        "name": "Generic Point 8",
        "x": -2486.626953125,
        "y": 252.44566345215,
        "z": 10433.138671875
    },
    {
        "color": 4294967295,
        "name": "Generic Point 9",
        "x": -2320.7163085938,
        "y": 200.93737792969,
        "z": 10286.486328125
    }
]