[
    {
        "color": 4294967295,
        "name": "Generic Point 0",
        "x": 1019.1152954101562,
        "y": 205.6951446533203,
        "z": 70.34870910644531
    },
    {
        "color": 4294967295,
        "name": "Generic Point 1",
        "x": 1040.7821044921875,
        "y": 200.70462036132812,
        "z": 327.06878662109375
    },
    {
        "color": 4294967295,
        "name": "Generic Point 10",
        "x": 1567.5294189453125,
        "y": 260.5477600097656,
        "z": -11.849777221679688
    },
    {
        "color": 4294967295,
        "name": "Generic Point 11",
        "x": 171.34158325195312,
        "y": 284.149658203125,
        "z": 1640.1336669921875
    },
    {
        "color": 4294967295,
        "name": "Generic Point 12",
        "x": 1682.386962890625,
        "y": 260.4043273925781,
        "z": -87.304931640625
    },
    {
        "color": 4294967295,
        "name": "Generic Point 13",
        "x": -246.10647583007812,
        "y": 196.54641723632812,
        "z": 994.7247314453125
    },
    {
        "color": 4294967295,
        "name": "Generic Point 14",
        "x": 1781.357177734375,
        "y": 222.2156524658203,
        "z": 684.9085083007812
    },
    {
        "color": 4294967295,
        "name": "Generic Point 15",
        "x": -35.35662841796875,
        "y": 273.25616455078125,
        "z": 307.0074157714844
    },
    {
        "color": 4294967295,
        "name": "Generic Point 16",
        "x": 36.28163146972656,
        "y": 248.70069885253906,
        "z": 433.452880859375
    },
    {
        "color": 4294967295,
        "name": "Generic Point 17",
        "x": 1307.5810546875,
        "y": 202.92562866210938,
        "z": 226.5674591064453
    },
    {
        "color": 4294967295,
        "name": "Generic Point 18",
        "x": 1210.55224609375,
        "y": 270.9819641113281,
        "z": 1418.186767578125
    },
    {
        "color": 4294967295,
        "name": "Generic Point 19",
        "x": 829.0408325195312,
        "y": 211.72523498535156,
        "z": 583.71533203125
    },
    {
        "color": 4294967295,
        "name": "Generic Point 2",
        "x": 365.9405517578125,
        "y": 205.2744140625,
        "z": 582.9641723632812
    },
    {
        "color": 4294967295,
        "name": "Generic Point 20",
        "x": -182.7948760986328,
        "y": 209.44784545898438,
        "z": -1029.834228515625
    },
    {
        "color": 4294967295,
        "name": "Generic Point 21",
        "x": 793.349365234375,
        "y": 323.5936584472656,
        "z": 1425.755615234375
    },
    {
        "color": 4294967295,
        "name": "Generic Point 22",
        "x": 22.46472930908203,
        "y": 272.465087890625,
        "z": 178.7220458984375
    },
    {
        "color": 4294967295,
        "name": "Generic Point 23",
        "x": -233.98757934570312,
        "y": 182.82232666015625,
        "z": 843.7971801757812
    },
    {
        "color": 4294967295,
        "name": "Generic Point 3",
        "x": 842.6165161132812,
        "y": 282.92083740234375,
        "z": -230.13009643554688
    },
    {
        "color": 4294967295,
        "name": "Generic Point 4",
        "x": 570.6569213867188,
        "y": 221.69290161132812,
        "z": -317.2239074707031
    },
    {
        "color": 4294967295,
        "name": "Generic Point 5",
        "x": 592.7947998046875,
        "y": 295.54766845703125,
        "z": -235.23829650878906
    },
    {
        "color": 4294967295,
        "name": "Generic Point 6",
        "x": 1322.424072265625,
        "y": 201.32774353027344,
        "z": 278.8273010253906
    },
    {
        "color": 4294967295,
        "name": "Generic Point 7",
        "x": -259.7683410644531,
        "y": 267.8365478515625,
        "z": -988.6185302734375
    },
    {
        "color": 4294967295,
        "name": "Generic Point 8",
        "x": -368.46148681640625,
        "y": 201.16653442382812,
        "z": -589.2001953125
    },
    {
        "color": 4294967295,
        "name": "Generic Point 9",
        "x": -374.94989013671875,
        "y": 223.06565856933594,
        "z": 822.2407836914062
    }
]