[
    {
        "color": 4294967295,
        "name": "Generic Point 0",
        "x": 604.6751098632812,
        "y": 317.2930603027344,
        "z": -236.23793029785156
    },
    {
        "color": 4294967295,
        "name": "Generic Point 1",
        "x": 934.7264404296875,
        "y": 209.36460876464844,
        "z": 310.25018310546875
    },
    {
        "color": 4294967295,
        "name": "Generic Point 2",
        "x": 1942.072509765625,
        "y": 243.45962524414062,
        "z": 613.2649536132812
    },
    {
        "color": 4294967295,
        "name": "Generic Point 3",
        "x": 1443.7486572265625,
        "y": 244.8460235595703,
        "z": 1287.7640380859375
    }
]