[
    {
        "color": 4294967295,
        "name": "Generic Point 0",
        "x": 411.6477355957031,
        "y": 181.92550659179688,
        "z": 851.4041748046875
    },
    {
        "color": 4294967295,
        "name": "Generic Point 1",
        "x": 285.6116943359375,
        "y": 229.1058349609375,
        "z": 918.0546875
    },
    {
        "color": 4294967295,
        "name": "Generic Point 10",
        "x": 354.1767578125,
        "y": 153.77197265625,
        "z": 964.2376098632812
    },
    {
        "color": 4294967295,
        "name": "Generic Point 11",
        "x": 332.84942626953125,
        "y": 155.30992126464844,
        "z": 1004.6221313476562
    },
    {
        "color": 4294967295,
        "name": "Generic Point 2",
        "x": 339.9610290527344,
        "y": 221.38021850585938,
        "z": 966.9217529296875
    },
    {
        "color": 4294967295,
        "name": "Generic Point 3",
        "x": 297.6020202636719,
        "y": 209.5648956298828,
        "z": 857.075927734375
    },
    {
        "color": 4294967295,
        "name": "Generic Point 4",
        "x": 396.96173095703125,
        "y": 199.79086303710938,
        "z": 957.3231201171875
    },
    {
        "color": 4294967295,
        "name": "Generic Point 5",
        "x": 451.64190673828125,
        "y": 218.2541961669922,
        "z": 892.7449340820312
    },
    {
        "color": 4294967295,
        "name": "Generic Point 6",
        "x": 439.43060302734375,
        "y": 190.43736267089844,
        "z": 855.1328735351562
    },
    {
        "color": 4294967295,
        "name": "Generic Point 7",
        "x": 403.49566650390625,
        "y": 196.7261505126953,
        "z": 810.460693359375
    },
    {
        "color": 4294967295,
        "name": "Generic Point 8",
        "x": 454.806396484375,
        "y": 214.14151000976562,
        "z": 811.4388427734375
    },
    {
        "color": 4294967295,
        "name": "Generic Point 9",
        "x": 342.9234924316406,
        "y": 217.13768005371094,
        "z": 820.2320556640625
    }
]