[
    {
        "color": 4294967295,
        "name": "Generic Point 00",
        "x": 1869.6072998046875,
        "y": 235.8766632080078,
        "z": 9365.3408203125
    },
    {
        "color": 4294967295,
        "name": "Generic Point 01",
        "x": 2072.120361328125,
        "y": 288.2484130859375,
        "z": 9378.4384765625
    },
    {
        "color": 4294967295,
        "name": "Generic Point 02",
        "x": 2162.469970703125,
        "y": 201.2958984375,
        "z": 9556.9521484375
    },
    {
        "color": 4294967295,
        "name": "Generic Point 03",
        "x": 1913.05419921875,
        "y": 200.39108276367188,
        "z": 9599.607421875
    },
    {
        "color": 4294967295,
        "name": "Generic Point 04",
        "x": 1571.8170166015625,
        "y": 202.1864471435547,
        "z": 9888.365234375
    },
    {
        "color": 4294967295,
        "name": "Generic Point 05",
        "x": 2283.815673828125,
        "y": 270.3955993652344,
        "z": 9112.4990234375
    },
    {
        "color": 4294967295,
        "name": "Generic Point 06",
        "x": 2577.76904296875,
        "y": 342.4815368652344,
        "z": 9282.4140625
    }
]