[
    {
        "color": 4294967295,
        "name": "Generic Point 0",
        "x": 1925.73,
        "y": 331.714,
        "z": 1447.1
    },
    {
        "color": 4294967295,
        "name": "Generic Point 1",
        "x": 1713.21,
        "y": 251.315,
        "z": 1612.94
    },
    {
        "color": 4294967295,
        "name": "Generic Point 10",
        "x": 1536.42,
        "y": 187.496,
        "z": 1828.52
    },
    {
        "color": 4294967295,
        "name": "Generic Point 11",
        "x": 1953.95,
        "y": 279.947,
        "z": 1639.62
    },
    {
        "color": 4294967295,
        "name": "Generic Point 12",
        "x": 1627.87,
        "y": 228.944,
        "z": 1604.06
    },
    {
        "color": 4294967295,
        "name": "Generic Point 13",
        "x": 1614.61,
        "y": 224.976,
        "z": 1492.47
    },
    {
        "color": 4294967295,
        "name": "Generic Point 14",
        "x": 2180.5,
        "y": 356.561,
        "z": 1739.26
    },
    {
        "color": 4294967295,
        "name": "Generic Point 15",
        "x": 2266.08,
        "y": 286.179,
        "z": 1550.12
    },
    {
        "color": 4294967295,
        "name": "Generic Point 16",
        "x": 2291.51,
        "y": 310.094,
        "z": 1475.02
    },
    {
        "color": 4294967295,
        "name": "Generic Point 17",
        "x": 2255.72,
        "y": 295.689,
        "z": 1480.37
    },
    {
        "color": 4294967295,
        "name": "Generic Point 18",
        "x": 2244.16,
        "y": 295.442,
        "z": 1503.38
    },
    {
        "color": 4294967295,
        "name": "Generic Point 19",
        "x": 2172.13,
        "y": 298.794,
        "z": 1388.6
    },
    {
        "color": 4294967295,
        "name": "Generic Point 2",
        "x": 1951.27,
        "y": 200.125,
        "z": 1071.91
    },
    {
        "color": 4294967295,
        "name": "Generic Point 20",
        "x": 2358.47,
        "y": 330.469,
        "z": 1689.69
    },
    {
        "color": 4294967295,
        "name": "Generic Point 21",
        "x": 2419.71,
        "y": 360.417,
        "z": 1815.17
    },
    {
        "color": 4294967295,
        "name": "Generic Point 22",
        "x": 1897.44,
        "y": 282.286,
        "z": 1858.06
    },
    {
        "color": 4294967295,
        "name": "Generic Point 23",
        "x": 2533.51,
        "y": 361.071,
        "z": 1782.85
    },
    {
        "color": 4294967295,
        "name": "Generic Point 24",
        "x": 2486.81,
        "y": 322.63,
        "z": 1829.52
    },
    {
        "color": 4294967295,
        "name": "Generic Point 25",
        "x": 2479.87,
        "y": 324.582,
        "z": 1858.72
    },
    {
        "color": 4294967295,
        "name": "Generic Point 26",
        "x": 2304.16,
        "y": 346.056,
        "z": 1900.99
    },
    {
        "color": 4294967295,
        "name": "Generic Point 27",
        "x": 2293.32,
        "y": 326.166,
        "z": 1852.77
    },
    {
        "color": 4294967295,
        "name": "Generic Point 28",
        "x": 2230.09,
        "y": 302.193,
        "z": 1703.34
    },
    {
        "color": 4294967295,
        "name": "Generic Point 29",
        "x": 2376.33,
        "y": 312.183,
        "z": 1551.09
    },
    {
        "color": 4294967295,
        "name": "Generic Point 3",
        "x": 1734.88,
        "y": 250.849,
        "z": 1173.3
    },
    {
        "color": 4294967295,
        "name": "Generic Point 30",
        "x": 2387.71,
        "y": 315.416,
        "z": 1529.45
    },
    {
        "color": 4294967295,
        "name": "Generic Point 31",
        "x": 2443.26,
        "y": 332.23,
        "z": 1429.9
    },
    {
        "color": 4294967295,
        "name": "Generic Point 32",
        "x": 2161.46,
        "y": 352.836,
        "z": 1822.8
    },
    {
        "color": 4294967295,
        "name": "Generic Point 33",
        "x": 1977.97,
        "y": 362.299,
        "z": 2125.65
    },
    {
        "color": 4294967295,
        "name": "Generic Point 34",
        "x": 2246.27,
        "y": 436.636,
        "z": 2052.05
    },
    {
        "color": 4294967295,
        "name": "Generic Point 35",
        "x": 2178.69,
        "y": 421.326,
        "z": 2175.71
    },
    {
        "color": 4294967295,
        "name": "Generic Point 36",
        "x": 2280.17,
        "y": 422.067,
        "z": 2132.19
    },
    {
        "color": 4294967295,
        "name": "Generic Point 37",
        "x": 2331.35,
        "y": 362.588,
        "z": 2079.51
    },
    {
        "color": 4294967295,
        "name": "Generic Point 38",
        "x": 2080.95,
        "y": 434.057,
        "z": 2094.67
    },
    {
        "color": 4294967295,
        "name": "Generic Point 39",
        "x": 2196.98,
        "y": 345.405,
        "z": 2070.95
    },
    {
        "color": 4294967295,
        "name": "Generic Point 4",
        "x": 1718.12,
        "y": 298.095,
        "z": 1349.03
    },
    {
        "color": 4294967295,
        "name": "Generic Point 40",
        "x": 2106.69,
        "y": 293.065,
        "z": 2343.8
    },
    {
        "color": 4294967295,
        "name": "Generic Point 41",
        "x": 1843.64,
        "y": 214.316,
        "z": 2250.46
    },
    {
        "color": 4294967295,
        "name": "Generic Point 42",
        "x": 1776.78,
        "y": 177.811,
        "z": 2179.77
    },
    {
        "color": 4294967295,
        "name": "Generic Point 43",
        "x": 1935.07,
        "y": 161.204,
        "z": 2121.93
    },
    {
        "color": 4294967295,
        "name": "Generic Point 44",
        "x": 2036.91,
        "y": 283.189,
        "z": 1692.96
    },
    {
        "color": 4294967295,
        "name": "Generic Point 45",
        "x": 1965.2,
        "y": 163.632,
        "z": 2151.14
    },
    {
        "color": 4294967295,
        "name": "Generic Point 46",
        "x": 1969.93,
        "y": 219.388,
        "z": 2339.25
    },
    {
        "color": 4294967295,
        "name": "Generic Point 47",
        "x": 1953.69,
        "y": 220.081,
        "z": 2396.19
    },
    {
        "color": 4294967295,
        "name": "Generic Point 48",
        "x": 2392.64,
        "y": 384.8,
        "z": 2074.49
    },
    {
        "color": 4294967295,
        "name": "Generic Point 49",
        "x": 2365.87,
        "y": 287.724,
        "z": 2103.32
    },
    {
        "color": 4294967295,
        "name": "Generic Point 5",
        "x": 1751.95,
        "y": 349.166,
        "z": 1426.56
    },
    {
        "color": 4294967295,
        "name": "Generic Point 50",
        "x": 2505.55,
        "y": 436.983,
        "z": 2156.84
    },
    {
        "color": 4294967295,
        "name": "Generic Point 51",
        "x": 2580.38,
        "y": 345.998,
        "z": 2227.24
    },
    {
        "color": 4294967295,
        "name": "Generic Point 52",
        "x": 2420.38,
        "y": 347.691,
        "z": 2402.78
    },
    {
        "color": 4294967295,
        "name": "Generic Point 53",
        "x": 2384.97,
        "y": 355.151,
        "z": 2396.37
    },
    {
        "color": 4294967295,
        "name": "Generic Point 54",
        "x": 2440.91,
        "y": 340.2,
        "z": 2342.14
    },
    {
        "color": 4294967295,
        "name": "Generic Point 55",
        "x": 1774.53,
        "y": 306.235,
        "z": 1749.04
    },
    {
        "color": 4294967295,
        "name": "Generic Point 56",
        "x": 2396.99,
        "y": 333.277,
        "z": 2294.03
    },
    {
        "color": 4294967295,
        "name": "Generic Point 57",
        "x": 2507.67,
        "y": 362.663,
        "z": 2373.36
    },
    {
        "color": 4294967295,
        "name": "Generic Point 58",
        "x": 2474.44,
        "y": 345.757,
        "z": 2429.04
    },
    {
        "color": 4294967295,
        "name": "Generic Point 59",
        "x": 2441.75,
        "y": 284.207,
        "z": 2847.78
    },
    {
        "color": 4294967295,
        "name": "Generic Point 6",
        "x": 1626.33,
        "y": 307.162,
        "z": 1476.15
    },
    {
        "color": 4294967295,
        "name": "Generic Point 60",
        "x": 2175.34,
        "y": 430.705,
        "z": 2613.98
    },
    {
        "color": 4294967295,
        "name": "Generic Point 61",
        "x": 2373.68,
        "y": 416.047,
        "z": 2723.03
    },
    {
        "color": 4294967295,
        "name": "Generic Point 62",
        "x": 2195.91,
        "y": 280.225,
        "z": 2826.5
    },
    {
        "color": 4294967295,
        "name": "Generic Point 63",
        "x": 2402.85,
        "y": 396.418,
        "z": 2489.26
    },
    {
        "color": 4294967295,
        "name": "Generic Point 64",
        "x": 2390.53,
        "y": 366.408,
        "z": 2491
    },
    {
        "color": 4294967295,
        "name": "Generic Point 65",
        "x": 2006.3,
        "y": 337.395,
        "z": 2800.43
    },
    {
        "color": 4294967295,
        "name": "Generic Point 66",
        "x": 1855.24,
        "y": 287.099,
        "z": 1771.44
    },
    {
        "color": 4294967295,
        "name": "Generic Point 67",
        "x": 1860.95,
        "y": 303.551,
        "z": 2746.83
    },
    {
        "color": 4294967295,
        "name": "Generic Point 68",
        "x": 1963.65,
        "y": 422.223,
        "z": 2646.21
    },
    {
        "color": 4294967295,
        "name": "Generic Point 69",
        "x": 1895.25,
        "y": 367.843,
        "z": 2698.03
    },
    {
        "color": 4294967295,
        "name": "Generic Point 7",
        "x": 1490.78,
        "y": 290.712,
        "z": 1720.71
    },
    {
        "color": 4294967295,
        "name": "Generic Point 70",
        "x": 1893.85,
        "y": 410.136,
        "z": 2621.24
    },
    {
        "color": 4294967295,
        "name": "Generic Point 71",
        "x": 1902.2,
        "y": 380.181,
        "z": 2567.48
    },
    {
        "color": 4294967295,
        "name": "Generic Point 72",
        "x": 1885.44,
        "y": 326.423,
        "z": 2445.02
    },
    {
        "color": 4294967295,
        "name": "Generic Point 73",
        "x": 1650.5,
        "y": 366.301,
        "z": 2804.14
    },
    {
        "color": 4294967295,
        "name": "Generic Point 74",
        "x": 1664.99,
        "y": 334.888,
        "z": 2754.99
    },
    {
        "color": 4294967295,
        "name": "Generic Point 75",
        "x": 1517.31,
        "y": 345.918,
        "z": 2894.85
    },
    {
        "color": 4294967295,
        "name": "Generic Point 76",
        "x": 1504.6,
        "y": 334.363,
        "z": 2841.11
    },
    {
        "color": 4294967295,
        "name": "Generic Point 77",
        "x": 1784.51,
        "y": 287,
        "z": 1621.81
    },
    {
        "color": 4294967295,
        "name": "Generic Point 78",
        "x": 1437.41,
        "y": 319.127,
        "z": 2638.5
    },
    {
        "color": 4294967295,
        "name": "Generic Point 79",
        "x": 1365.22,
        "y": 306.117,
        "z": 2617.12
    },
    {
        "color": 4294967295,
        "name": "Generic Point 8",
        "x": 1460.7,
        "y": 234.967,
        "z": 1624.61
    },
    {
        "color": 4294967295,
        "name": "Generic Point 80",
        "x": 1188.81,
        "y": 216.3,
        "z": 1858.51
    },
    {
        "color": 4294967295,
        "name": "Generic Point 81",
        "x": 1214.03,
        "y": 216.13,
        "z": 1834.88
    },
    {
        "color": 4294967295,
        "name": "Generic Point 82",
        "x": 1695.06,
        "y": 293.906,
        "z": 1799.04
    },
    {
        "color": 4294967295,
        "name": "Generic Point 9",
        "x": 1496.89,
        "y": 185.019,
        "z": 1828.24
    }
]