[
    {
        "color": 4294967295,
        "name": "Generic Point 000",
        "x": 1637.7738037109375,
        "y": 227.8964080810547,
        "z": 9464.662109375
    },
    {
        "color": 4294967295,
        "name": "Generic Point 001",
        "x": 1804.3017578125,
        "y": 254.34298706054688,
        "z": 9705.2119140625
    },
    {
        "color": 4294967295,
        "name": "Generic Point 002",
        "x": 1773.7996826171875,
        "y": 254.33193969726562,
        "z": 9753.5986328125
    },
    {
        "color": 4294967295,
        "name": "Generic Point 003",
        "x": 1774.2236328125,
        "y": 256.7923889160156,
        "z": 9796.3115234375
    },
    {
        "color": 4294967295,
        "name": "Generic Point 004",
        "x": 1831.0380859375,
        "y": 171.92979431152344,
        "z": 10376.11328125
    },
    {
        "color": 4294967295,
        "name": "Generic Point 005",
        "x": 1815.001220703125,
        "y": 185.70103454589844,
        "z": 10450.7890625
    },
    {
        "color": 4294967295,
        "name": "Generic Point 006",
        "x": 1852.418212890625,
        "y": 220.05191040039062,
        "z": 10448.740234375
    },
    {
        "color": 4294967295,
        "name": "Generic Point 007",
        "x": 1838.20947265625,
        "y": 210.7234344482422,
        "z": 10509.296875
    },
    {
        "color": 4294967295,
        "name": "Generic Point 008",
        "x": 1992.37646484375,
        "y": 287.1503601074219,
        "z": 10746.0517578125
    },
    {
        "color": 4294967295,
        "name": "Generic Point 009",
        "x": 2027.7718505859375,
        "y": 305.2142333984375,
        "z": 10779.671875
    },
    {
        "color": 4294967295,
        "name": "Generic Point 010",
        "x": 2054.101806640625,
        "y": 305.49615478515625,
        "z": 10776.9208984375
    },
    {
        "color": 4294967295,
        "name": "Generic Point 011",
        "x": 2189.98046875,
        "y": 267.5550231933594,
        "z": 9088.3017578125
    },
    {
        "color": 4294967295,
        "name": "Generic Point 012",
        "x": 2309.86572265625,
        "y": 275.8644104003906,
        "z": 9089.6220703125
    },
    {
        "color": 4294967295,
        "name": "Generic Point 013",
        "x": 2580.637451171875,
        "y": 352.9293518066406,
        "z": 8986.7626953125
    },
    {
        "color": 4294967295,
        "name": "Generic Point 014",
        "x": 3703.9033203125,
        "y": 221.48291015625,
        "z": 9214.0458984375
    },
    {
        "color": 4294967295,
        "name": "Generic Point 015",
        "x": 3687.57080078125,
        "y": 200.0254669189453,
        "z": 9279.7861328125
    }
]