[
    {
        "color": 4294967295,
        "name": "Generic Point 0",
        "x": -6331.04931640625,
        "y": 234.89834594726562,
        "z": -2835.407470703125
    },
    {
        "color": 4294967295,
        "name": "Generic Point 1",
        "x": -5969.0673828125,
        "y": 196.3323516845703,
        "z": -2594.849365234375
    },
    {
        "color": 4294967295,
        "name": "Generic Point 2",
        "x": -5985.45849609375,
        "y": 188.41468811035156,
        "z": -2591.92041015625
    },
    {
        "color": 4294967295,
        "name": "Generic Point 3",
        "x": -5998.37548828125,
        "y": 191.19273376464844,
        "z": -2581.9443359375
    },
    {
        "color": 4294967295,
        "name": "Generic Point 4",
        "x": -5951.62646484375,
        "y": 197.3153533935547,
        "z": -2579.06005859375
    }
]