[
    {
        "color": 4294967295,
        "name": "Generic Point 000",
        "x": 1713.478271484375,
        "y": 200.83511352539062,
        "z": 10125.3642578125
    },
    {
        "color": 4294967295,
        "name": "Generic Point 001",
        "x": 1734.390625,
        "y": 203.01332092285156,
        "z": 10581.4873046875
    },
    {
        "color": 4294967295,
        "name": "Generic Point 002",
        "x": 1813.0712890625,
        "y": 202.39178466796875,
        "z": 10581.2294921875
    },
    {
        "color": 4294967295,
        "name": "Generic Point 003",
        "x": 2072.16259765625,
        "y": 233.1480255126953,
        "z": 10756.1953125
    },
    {
        "color": 4294967295,
        "name": "Generic Point 004",
        "x": 1779.24560546875,
        "y": 200.10443115234375,
        "z": 11078.5146484375
    },
    {
        "color": 4294967295,
        "name": "Generic Point 005",
        "x": 1683.4140625,
        "y": 202.0445556640625,
        "z": 11189.392578125
    },
    {
        "color": 4294967295,
        "name": "Generic Point 006",
        "x": 2359.62890625,
        "y": 200.90464782714844,
        "z": 9640.9638671875
    },
    {
        "color": 4294967295,
        "name": "Generic Point 007",
        "x": 2533.436767578125,
        "y": 294.057373046875,
        "z": 9347.302734375
    },
    {
        "color": 4294967295,
        "name": "Generic Point 008",
        "x": 2444.23779296875,
        "y": 299.3460693359375,
        "z": 9286.4208984375
    },
    {
        "color": 4294967295,
        "name": "Generic Point 009",
        "x": 2248.044189453125,
        "y": 270.2878112792969,
        "z": 9223.515625
    },
    {
        "color": 4294967295,
        "name": "Generic Point 010",
        "x": 2259.958740234375,
        "y": 230.52163696289062,
        "z": 9143.3095703125
    },
    {
        "color": 4294967295,
        "name": "Generic Point 011",
        "x": 2156.55224609375,
        "y": 209.6470947265625,
        "z": 9333.3212890625
    },
    {
        "color": 4294967295,
        "name": "Generic Point 012",
        "x": 2710.189697265625,
        "y": 383.5483093261719,
        "z": 9290.669921875
    },
    {
        "color": 4294967295,
        "name": "Generic Point 013",
        "x": 3066.308837890625,
        "y": 206.9529571533203,
        "z": 9390.33984375
    },
    {
        "color": 4294967295,
        "name": "Generic Point 014",
        "x": 3214.454833984375,
        "y": 206.0966033935547,
        "z": 9149.533203125
    },
    {
        "color": 4294967295,
        "name": "Generic Point 015",
        "x": 3555.948486328125,
        "y": 200.24359130859375,
        "z": 9248.4287109375
    },
    {
        "color": 4294967295,
        "name": "Generic Point 016",
        "x": 3463.383056640625,
        "y": 264.7520751953125,
        "z": 9466.865234375
    },
    {
        "color": 4294967295,
        "name": "Generic Point 017",
        "x": 3389.6533203125,
        "y": 203.45777893066406,
        "z": 9710.6826171875
    },
    {
        "color": 4294967295,
        "name": "Generic Point 018",
        "x": 3373.448486328125,
        "y": 204.967041015625,
        "z": 10060.3076171875
    },
    {
        "color": 4294967295,
        "name": "Generic Point 019",
        "x": 3203.95703125,
        "y": 234.7098388671875,
        "z": 10208.4208984375
    }
]