[
    {
        "color": 4294967295,
        "name": "Generic Point 0",
        "x": 2853.560546875,
        "y": 254.44888305664062,
        "z": -1735.632568359375
    },
    {
        "color": 4294967295,
        "name": "Generic Point 1",
        "x": 2694.158203125,
        "y": 196.1936492919922,
        "z": -1789.444580078125
    },
    {
        "color": 4294967295,
        "name": "Generic Point 2",
        "x": 2204.897216796875,
        "y": 211.1313018798828,
        "z": -513.6171875
    },
    {
        "color": 4294967295,
        "name": "Generic Point 3",
        "x": 2376.5751953125,
        "y": 282.61029052734375,
        "z": -340.70379638671875
    },
    {
        "color": 4294967295,
        "name": "Generic Point 4",
        "x": 2767.85009765625,
        "y": 212.08226013183594,
        "z": 105.4415512084961
    },
    {
        "color": 4294967295,
        "name": "Generic Point 5",
        "x": 1639.093017578125,
        "y": 258.0067138671875,
        "z": -598.08935546875
    },
    {
        "color": 4294967295,
        "name": "Generic Point 6",
        "x": 1401.533203125,
        "y": 304.974365234375,
        "z": -1268.8514404296875
    },
    {
        "color": 4294967295,
        "name": "Generic Point 7",
        "x": 1249.1463623046875,
        "y": 254.58482360839844,
        "z": -1473.75048828125
    },
    {
        "color": 4294967295,
        "name": "Generic Point 8",
        "x": 1261.25341796875,
        "y": 258.7056579589844,
        "z": -1681.8465576171875
    },
    {
        "color": 4294967295,
        "name": "Generic Point 9",
        "x": 1212.983642578125,
        "y": 274.16986083984375,
        "z": -1696.0072021484375
    }
]