[
    {
        "color": 4294967295,
        "name": "Generic Point 0",
        "x": 142.5800018310547,
        "y": 185.9459991455078,
        "z": -414.10400390625
    },
    {
        "color": 4294967295,
        "name": "Generic Point 1",
        "x": -295.1440124511719,
        "y": 258.7569885253906,
        "z": 308.0320129394531
    },
    {
        "color": 4294967295,
        "name": "Generic Point 10",
        "x": 466.24700927734375,
        "y": 167.79200744628906,
        "z": 884.5050048828125
    },
    {
        "color": 4294967295,
        "name": "Generic Point 100",
        "x": 170.9530029296875,
        "y": 207.343994140625,
        "z": -405.1669921875
    },
    {
        "color": 4294967295,
        "name": "Generic Point 101",
        "x": 260.25299072265625,
        "y": 171.4149932861328,
        "z": 90.63999938964844
    },
    {
        "color": 4294967295,
        "name": "Generic Point 102",
        "x": 373.05499267578125,
        "y": 208.55999755859375,
        "z": 86.70500183105469
    },
    {
        "color": 4294967295,
        "name": "Generic Point 103",
        "x": 305.9119873046875,
        "y": 301.0480041503906,
        "z": 368.0459899902344
    },
    {
        "color": 4294967295,
        "name": "Generic Point 104",
        "x": 374.44000244140625,
        "y": 180.02200317382812,
        "z": 136.61399841308594
    },
    {
        "color": 4294967295,
        "name": "Generic Point 105",
        "x": 405.35198974609375,
        "y": 293.6600036621094,
        "z": 282.8070068359375
    },
    {
        "color": 4294967295,
        "name": "Generic Point 106",
        "x": -98.13099670410156,
        "y": 184.9929962158203,
        "z": 20.424999237060547
    },
    {
        "color": 4294967295,
        "name": "Generic Point 107",
        "x": 468.72698974609375,
        "y": 173.93600463867188,
        "z": 852.0770263671875
    },
    {
        "color": 4294967295,
        "name": "Generic Point 108",
        "x": 912.708984375,
        "y": 232.23300170898438,
        "z": 129.53700256347656
    },
    {
        "color": 4294967295,
        "name": "Generic Point 109",
        "x": 520.2730102539062,
        "y": 198.3939971923828,
        "z": -400.9639892578125
    },
    {
        "color": 4294967295,
        "name": "Generic Point 11",
        "x": 1311.344970703125,
        "y": 180.52099609375,
        "z": 824.2650146484375
    },
    {
        "color": 4294967295,
        "name": "Generic Point 110",
        "x": 198.59500122070312,
        "y": 288.92498779296875,
        "z": 352.7850036621094
    },
    {
        "color": 4294967295,
        "name": "Generic Point 111",
        "x": 454.16400146484375,
        "y": 175.8000030517578,
        "z": -192.32899475097656
    },
    {
        "color": 4294967295,
        "name": "Generic Point 112",
        "x": 87.81500244140625,
        "y": 199.5489959716797,
        "z": 1325.06494140625
    },
    {
        "color": 4294967295,
        "name": "Generic Point 113",
        "x": 324.7130126953125,
        "y": 168.9810028076172,
        "z": -265.4960021972656
    },
    {
        "color": 4294967295,
        "name": "Generic Point 114",
        "x": 467.20098876953125,
        "y": 168.18800354003906,
        "z": -235.22000122070312
    },
    {
        "color": 4294967295,
        "name": "Generic Point 115",
        "x": 209.7480010986328,
        "y": 243.76800537109375,
        "z": -363.6300048828125
    },
    {
        "color": 4294967295,
        "name": "Generic Point 116",
        "x": 135.0019989013672,
        "y": 194.052001953125,
        "z": -365.0119934082031
    },
    {
        "color": 4294967295,
        "name": "Generic Point 117",
        "x": 497.7049865722656,
        "y": 137.13400268554688,
        "z": -247.4219970703125
    },
    {
        "color": 4294967295,
        "name": "Generic Point 118",
        "x": 325.7720031738281,
        "y": 115.94100189208984,
        "z": -251.4709930419922
    },
    {
        "color": 4294967295,
        "name": "Generic Point 119",
        "x": -425.1919860839844,
        "y": 206.4080047607422,
        "z": 1608.0660400390625
    },
    {
        "color": 4294967295,
        "name": "Generic Point 12",
        "x": 254.92100524902344,
        "y": 142.09100341796875,
        "z": -226.33599853515625
    },
    {
        "color": 4294967295,
        "name": "Generic Point 120",
        "x": -367.2040100097656,
        "y": 214.8249969482422,
        "z": 1509.2320556640625
    },
    {
        "color": 4294967295,
        "name": "Generic Point 121",
        "x": -280.0790100097656,
        "y": 197.45799255371094,
        "z": 1584.3079833984375
    },
    {
        "color": 4294967295,
        "name": "Generic Point 122",
        "x": -146.8179931640625,
        "y": 197.78199768066406,
        "z": 1550.626953125
    },
    {
        "color": 4294967295,
        "name": "Generic Point 123",
        "x": 538.927001953125,
        "y": 213.7760009765625,
        "z": 610.3400268554688
    },
    {
        "color": 4294967295,
        "name": "Generic Point 124",
        "x": 95.30400085449219,
        "y": 211.92100524902344,
        "z": 1260.3409423828125
    },
    {
        "color": 4294967295,
        "name": "Generic Point 125",
        "x": -165.02499389648438,
        "y": 217.8040008544922,
        "z": 1494.93603515625
    },
    {
        "color": 4294967295,
        "name": "Generic Point 126",
        "x": -37.71500015258789,
        "y": 198.57400512695312,
        "z": 1572.1839599609375
    },
    {
        "color": 4294967295,
        "name": "Generic Point 127",
        "x": -178.90199279785156,
        "y": 204.55799865722656,
        "z": 1622.876953125
    },
    {
        "color": 4294967295,
        "name": "Generic Point 128",
        "x": 50.8390007019043,
        "y": 204.822998046875,
        "z": 1327.364013671875
    },
    {
        "color": 4294967295,
        "name": "Generic Point 129",
        "x": -1.2719999551773071,
        "y": 215.2209930419922,
        "z": 1380.7349853515625
    },
    {
        "color": 4294967295,
        "name": "Generic Point 13",
        "x": 653.7999877929688,
        "y": 264.5530090332031,
        "z": 572.5150146484375
    },
    {
        "color": 4294967295,
        "name": "Generic Point 130",
        "x": -244.43699645996094,
        "y": 205.16200256347656,
        "z": 492.35198974609375
    },
    {
        "color": 4294967295,
        "name": "Generic Point 131",
        "x": -146.5970001220703,
        "y": 240.78700256347656,
        "z": 156.96800231933594
    },
    {
        "color": 4294967295,
        "name": "Generic Point 132",
        "x": -196.7779998779297,
        "y": 218.3730010986328,
        "z": 205.32400512695312
    },
    {
        "color": 4294967295,
        "name": "Generic Point 133",
        "x": -141.79800415039062,
        "y": 254.01699829101562,
        "z": 379.6600036621094
    },
    {
        "color": 4294967295,
        "name": "Generic Point 134",
        "x": 535.6740112304688,
        "y": 190.03500366210938,
        "z": 532.9190063476562
    },
    {
        "color": 4294967295,
        "name": "Generic Point 135",
        "x": -244.48300170898438,
        "y": 205.92300415039062,
        "z": 476.5400085449219
    },
    {
        "color": 4294967295,
        "name": "Generic Point 136",
        "x": 627.239990234375,
        "y": 173.88299560546875,
        "z": 799.3350219726562
    },
    {
        "color": 4294967295,
        "name": "Generic Point 137",
        "x": -122.35199737548828,
        "y": 182.3679962158203,
        "z": 447.0060119628906
    },
    {
        "color": 4294967295,
        "name": "Generic Point 138",
        "x": -549.7570190429688,
        "y": 217.91099548339844,
        "z": 527.52001953125
    },
    {
        "color": 4294967295,
        "name": "Generic Point 139",
        "x": -236.25399780273438,
        "y": 238.3470001220703,
        "z": 131.8769989013672
    },
    {
        "color": 4294967295,
        "name": "Generic Point 14",
        "x": 679.3200073242188,
        "y": 186.6790008544922,
        "z": 630.5549926757812
    },
    {
        "color": 4294967295,
        "name": "Generic Point 140",
        "x": -271.9670104980469,
        "y": 224.75999450683594,
        "z": 414.9830017089844
    },
    {
        "color": 4294967295,
        "name": "Generic Point 141",
        "x": 721.8779907226562,
        "y": 209.8769989013672,
        "z": 627.9929809570312
    },
    {
        "color": 4294967295,
        "name": "Generic Point 142",
        "x": 713.7630004882812,
        "y": 247.05999755859375,
        "z": 586.7949829101562
    },
    {
        "color": 4294967295,
        "name": "Generic Point 143",
        "x": 566.8090209960938,
        "y": 217.97000122070312,
        "z": 860.4749755859375
    },
    {
        "color": 4294967295,
        "name": "Generic Point 144",
        "x": 566.1409912109375,
        "y": 217.94400024414062,
        "z": 850.3560180664062
    },
    {
        "color": 4294967295,
        "name": "Generic Point 145",
        "x": 602.7659912109375,
        "y": 250.25399780273438,
        "z": 565.9929809570312
    },
    {
        "color": 4294967295,
        "name": "Generic Point 146",
        "x": 413.1709899902344,
        "y": 175.99899291992188,
        "z": -229.0800018310547
    },
    {
        "color": 4294967295,
        "name": "Generic Point 147",
        "x": -536.9509887695312,
        "y": 232.5050048828125,
        "z": 477.50201416015625
    },
    {
        "color": 4294967295,
        "name": "Generic Point 148",
        "x": -161.552001953125,
        "y": 235.8249969482422,
        "z": 243.47900390625
    },
    {
        "color": 4294967295,
        "name": "Generic Point 149",
        "x": 595.02001953125,
        "y": 1931.0369873046875,
        "z": 623.114013671875
    },
    {
        "color": 4294967295,
        "name": "Generic Point 15",
        "x": 782.9949951171875,
        "y": 215.66200256347656,
        "z": 591.2210083007812
    },
    {
        "color": 4294967295,
        "name": "Generic Point 150",
        "x": 292.15301513671875,
        "y": 336.8210144042969,
        "z": 195.23199462890625
    },
    {
        "color": 4294967295,
        "name": "Generic Point 151",
        "x": 294.36700439453125,
        "y": 301.6709899902344,
        "z": 348.0060119628906
    },
    {
        "color": 4294967295,
        "name": "Generic Point 152",
        "x": 381.7489929199219,
        "y": 122.322998046875,
        "z": 858.1580200195312
    },
    {
        "color": 4294967295,
        "name": "Generic Point 153",
        "x": 191.21800231933594,
        "y": 248.677001953125,
        "z": -363.0270080566406
    },
    {
        "color": 4294967295,
        "name": "Generic Point 154",
        "x": 139.64100646972656,
        "y": 196.83700561523438,
        "z": -429.4070129394531
    },
    {
        "color": 4294967295,
        "name": "Generic Point 155",
        "x": 341.885009765625,
        "y": 165.8040008544922,
        "z": -324.49798583984375
    },
    {
        "color": 4294967295,
        "name": "Generic Point 156",
        "x": 671.3300170898438,
        "y": 259.2879943847656,
        "z": 523.2589721679688
    },
    {
        "color": 4294967295,
        "name": "Generic Point 157",
        "x": -137.43600463867188,
        "y": 204.80599975585938,
        "z": 430.0429992675781
    },
    {
        "color": 4294967295,
        "name": "Generic Point 158",
        "x": 271.9570007324219,
        "y": 145.05099487304688,
        "z": 916.18701171875
    },
    {
        "color": 4294967295,
        "name": "Generic Point 159",
        "x": 140.73699951171875,
        "y": 260.0840148925781,
        "z": 367.6610107421875
    },
    {
        "color": 4294967295,
        "name": "Generic Point 16",
        "x": 309.77801513671875,
        "y": 121.2229995727539,
        "z": 888.8460083007812
    },
    {
        "color": 4294967295,
        "name": "Generic Point 160",
        "x": 345.4360046386719,
        "y": 289.2919921875,
        "z": 363.68499755859375
    },
    {
        "color": 4294967295,
        "name": "Generic Point 161",
        "x": 319.4599914550781,
        "y": 338.08599853515625,
        "z": 260.5719909667969
    },
    {
        "color": 4294967295,
        "name": "Generic Point 162",
        "x": 372.2820129394531,
        "y": 329.9230041503906,
        "z": 267.2850036621094
    },
    {
        "color": 4294967295,
        "name": "Generic Point 163",
        "x": 313.58099365234375,
        "y": 134.5279998779297,
        "z": -271.8760070800781
    },
    {
        "color": 4294967295,
        "name": "Generic Point 164",
        "x": 404.5920104980469,
        "y": 307.4649963378906,
        "z": 272.9410095214844
    },
    {
        "color": 4294967295,
        "name": "Generic Point 165",
        "x": 107.89099884033203,
        "y": 205.62399291992188,
        "z": 1214.26904296875
    },
    {
        "color": 4294967295,
        "name": "Generic Point 166",
        "x": 245.3520050048828,
        "y": 341.1969909667969,
        "z": 151.45599365234375
    },
    {
        "color": 4294967295,
        "name": "Generic Point 167",
        "x": 348.50299072265625,
        "y": 334.05499267578125,
        "z": 178.13800048828125
    },
    {
        "color": 4294967295,
        "name": "Generic Point 168",
        "x": 423.2099914550781,
        "y": 214.25,
        "z": 317.8789978027344
    },
    {
        "color": 4294967295,
        "name": "Generic Point 169",
        "x": 127.6240005493164,
        "y": 299.3580017089844,
        "z": 211.85499572753906
    },
    {
        "color": 4294967295,
        "name": "Generic Point 17",
        "x": 349.0849914550781,
        "y": 120.35800170898438,
        "z": 871.593994140625
    },
    {
        "color": 4294967295,
        "name": "Generic Point 170",
        "x": 457.77301025390625,
        "y": 227.85299682617188,
        "z": 239.90699768066406
    },
    {
        "color": 4294967295,
        "name": "Generic Point 171",
        "x": 143.50999450683594,
        "y": 305.6940002441406,
        "z": 302.28399658203125
    },
    {
        "color": 4294967295,
        "name": "Generic Point 172",
        "x": 357.0270080566406,
        "y": 189.44200134277344,
        "z": 52.57500076293945
    },
    {
        "color": 4294967295,
        "name": "Generic Point 173",
        "x": 330.2349853515625,
        "y": 187.65699768066406,
        "z": 118.22699737548828
    },
    {
        "color": 4294967295,
        "name": "Generic Point 174",
        "x": 533.1409912109375,
        "y": 165.46600341796875,
        "z": -225.6929931640625
    },
    {
        "color": 4294967295,
        "name": "Generic Point 175",
        "x": 125.76100158691406,
        "y": 259.5530090332031,
        "z": 229.58999633789062
    },
    {
        "color": 4294967295,
        "name": "Generic Point 176",
        "x": 321.5060119628906,
        "y": 222.10000610351562,
        "z": 84.8219985961914
    },
    {
        "color": 4294967295,
        "name": "Generic Point 177",
        "x": 35.516998291015625,
        "y": 201.69900512695312,
        "z": 1572.0479736328125
    },
    {
        "color": 4294967295,
        "name": "Generic Point 178",
        "x": 494.0350036621094,
        "y": 205.98899841308594,
        "z": 581.3900146484375
    },
    {
        "color": 4294967295,
        "name": "Generic Point 179",
        "x": 371.3009948730469,
        "y": 165.4810028076172,
        "z": -202.0229949951172
    },
    {
        "color": 4294967295,
        "name": "Generic Point 18",
        "x": 237.83299255371094,
        "y": 325.5119934082031,
        "z": 208.91000366210938
    },
    {
        "color": 4294967295,
        "name": "Generic Point 180",
        "x": 265.6210021972656,
        "y": 204.2239990234375,
        "z": -203.0330047607422
    },
    {
        "color": 4294967295,
        "name": "Generic Point 181",
        "x": 247.677001953125,
        "y": 204.2899932861328,
        "z": -336.1969909667969
    },
    {
        "color": 4294967295,
        "name": "Generic Point 182",
        "x": 245.36300659179688,
        "y": 196.4010009765625,
        "z": -447.86199951171875
    },
    {
        "color": 4294967295,
        "name": "Generic Point 183",
        "x": 416.1820068359375,
        "y": 168.1699981689453,
        "z": -164.13400268554688
    },
    {
        "color": 4294967295,
        "name": "Generic Point 184",
        "x": 392.6669921875,
        "y": 135.20899963378906,
        "z": -241.3179931640625
    },
    {
        "color": 4294967295,
        "name": "Generic Point 185",
        "x": -110.37699890136719,
        "y": 240.55099487304688,
        "z": 156.46600341796875
    },
    {
        "color": 4294967295,
        "name": "Generic Point 186",
        "x": -443.1050109863281,
        "y": 189.17100524902344,
        "z": 1518.1199951171875
    },
    {
        "color": 4294967295,
        "name": "Generic Point 187",
        "x": -429.8059997558594,
        "y": 181.65199279785156,
        "z": 1443.7049560546875
    },
    {
        "color": 4294967295,
        "name": "Generic Point 188",
        "x": -255.37600708007812,
        "y": 196.61199951171875,
        "z": 1587.68701171875
    },
    {
        "color": 4294967295,
        "name": "Generic Point 189",
        "x": 492.7900085449219,
        "y": 147.6280059814453,
        "z": 925.6380004882812
    },
    {
        "color": 4294967295,
        "name": "Generic Point 19",
        "x": 199.3730010986328,
        "y": 197.23800659179688,
        "z": -450.35400390625
    },
    {
        "color": 4294967295,
        "name": "Generic Point 190",
        "x": -37.76100158691406,
        "y": 196.6999969482422,
        "z": 1549.095947265625
    },
    {
        "color": 4294967295,
        "name": "Generic Point 191",
        "x": -12.496999740600586,
        "y": 197.84500122070312,
        "z": 1438.260986328125
    },
    {
        "color": 4294967295,
        "name": "Generic Point 192",
        "x": -386.95599365234375,
        "y": 183.41000366210938,
        "z": 1616.2979736328125
    },
    {
        "color": 4294967295,
        "name": "Generic Point 193",
        "x": -120.51100158691406,
        "y": 164.9949951171875,
        "z": 217.54200744628906
    },
    {
        "color": 4294967295,
        "name": "Generic Point 194",
        "x": -295.55499267578125,
        "y": 254.53399658203125,
        "z": 406.375
    },
    {
        "color": 4294967295,
        "name": "Generic Point 195",
        "x": -566.364013671875,
        "y": 217.11099243164062,
        "z": 552.8599853515625
    },
    {
        "color": 4294967295,
        "name": "Generic Point 196",
        "x": -245.5760040283203,
        "y": 228.40899658203125,
        "z": 330.10699462890625
    },
    {
        "color": 4294967295,
        "name": "Generic Point 197",
        "x": -243.1649932861328,
        "y": 193.4080047607422,
        "z": 108.02300262451172
    },
    {
        "color": 4294967295,
        "name": "Generic Point 198",
        "x": -265.8349914550781,
        "y": 208.49400329589844,
        "z": 131.2779998779297
    },
    {
        "color": 4294967295,
        "name": "Generic Point 199",
        "x": -133.30799865722656,
        "y": 234.56500244140625,
        "z": 309.8580017089844
    },
    {
        "color": 4294967295,
        "name": "Generic Point 2",
        "x": 599.8170166015625,
        "y": 235.31700134277344,
        "z": 510.510009765625
    },
    {
        "color": 4294967295,
        "name": "Generic Point 20",
        "x": 220.41299438476562,
        "y": 215.3939971923828,
        "z": -223.968994140625
    },
    {
        "color": 4294967295,
        "name": "Generic Point 200",
        "x": 467.010009765625,
        "y": 251.1790008544922,
        "z": 295.8590087890625
    },
    {
        "color": 4294967295,
        "name": "Generic Point 201",
        "x": 554.7130126953125,
        "y": 203.64100646972656,
        "z": 478.6960144042969
    },
    {
        "color": 4294967295,
        "name": "Generic Point 202",
        "x": 448.2139892578125,
        "y": 218.281005859375,
        "z": 319.75201416015625
    },
    {
        "color": 4294967295,
        "name": "Generic Point 203",
        "x": 466.9159851074219,
        "y": 188.81500244140625,
        "z": 767.8939819335938
    },
    {
        "color": 4294967295,
        "name": "Generic Point 204",
        "x": 425.2560119628906,
        "y": 263.6470031738281,
        "z": 276.4460144042969
    },
    {
        "color": 4294967295,
        "name": "Generic Point 205",
        "x": 357.3190002441406,
        "y": 188.08099365234375,
        "z": 125.95800018310547
    },
    {
        "color": 4294967295,
        "name": "Generic Point 206",
        "x": 538.8469848632812,
        "y": 174.79800415039062,
        "z": -376.6910095214844
    },
    {
        "color": 4294967295,
        "name": "Generic Point 207",
        "x": -339.052001953125,
        "y": 264.3949890136719,
        "z": 388.81201171875
    },
    {
        "color": 4294967295,
        "name": "Generic Point 208",
        "x": -183.14300537109375,
        "y": 254.13400268554688,
        "z": 396.1929931640625
    },
    {
        "color": 4294967295,
        "name": "Generic Point 209",
        "x": 514.1190185546875,
        "y": 189.4429931640625,
        "z": 785.447021484375
    },
    {
        "color": 4294967295,
        "name": "Generic Point 21",
        "x": 337.3089904785156,
        "y": 168.28500366210938,
        "z": -367.427001953125
    },
    {
        "color": 4294967295,
        "name": "Generic Point 210",
        "x": 313.7539978027344,
        "y": 145.125,
        "z": 886.1409912109375
    },
    {
        "color": 4294967295,
        "name": "Generic Point 211",
        "x": 587.1420288085938,
        "y": 222.08999633789062,
        "z": 731.3200073242188
    },
    {
        "color": 4294967295,
        "name": "Generic Point 212",
        "x": 368.04400634765625,
        "y": 146.14100646972656,
        "z": 927.3510131835938
    },
    {
        "color": 4294967295,
        "name": "Generic Point 213",
        "x": -145.2100067138672,
        "y": 264.1719970703125,
        "z": 430.5539855957031
    },
    {
        "color": 4294967295,
        "name": "Generic Point 214",
        "x": 661.9310302734375,
        "y": 261.5150146484375,
        "z": 640.2509765625
    },
    {
        "color": 4294967295,
        "name": "Generic Point 215",
        "x": 447.0790100097656,
        "y": 165.06399536132812,
        "z": -278.0920104980469
    },
    {
        "color": 4294967295,
        "name": "Generic Point 216",
        "x": -328.60400390625,
        "y": 268.28399658203125,
        "z": 324.8059997558594
    },
    {
        "color": 4294967295,
        "name": "Generic Point 217",
        "x": -328.5920104980469,
        "y": 215.04299926757812,
        "z": 374.302001953125
    },
    {
        "color": 4294967295,
        "name": "Generic Point 218",
        "x": -478.7669982910156,
        "y": 222.78700256347656,
        "z": 530.6320190429688
    },
    {
        "color": 4294967295,
        "name": "Generic Point 219",
        "x": 520.47802734375,
        "y": 130.52000427246094,
        "z": -292.7449951171875
    },
    {
        "color": 4294967295,
        "name": "Generic Point 22",
        "x": 497.65899658203125,
        "y": 133.22900390625,
        "z": -331.2030029296875
    },
    {
        "color": 4294967295,
        "name": "Generic Point 220",
        "x": 707.6170043945312,
        "y": 242.19500732421875,
        "z": 552.6519775390625
    },
    {
        "color": 4294967295,
        "name": "Generic Point 221",
        "x": 513.1849975585938,
        "y": 196.87100219726562,
        "z": -428.1050109863281
    },
    {
        "color": 4294967295,
        "name": "Generic Point 222",
        "x": -138.76499938964844,
        "y": 252.05599975585938,
        "z": 496.8919982910156
    },
    {
        "color": 4294967295,
        "name": "Generic Point 223",
        "x": -231.54400634765625,
        "y": 246.02200317382812,
        "z": 154.28799438476562
    },
    {
        "color": 4294967295,
        "name": "Generic Point 224",
        "x": -486.1570129394531,
        "y": 217.197998046875,
        "z": 375.3819885253906
    },
    {
        "color": 4294967295,
        "name": "Generic Point 225",
        "x": 636.4509887695312,
        "y": 245.14100646972656,
        "z": 776.916015625
    },
    {
        "color": 4294967295,
        "name": "Generic Point 226",
        "x": 1330.010986328125,
        "y": 216.54400634765625,
        "z": 795.0
    },
    {
        "color": 4294967295,
        "name": "Generic Point 227",
        "x": 164.39700317382812,
        "y": 268.7340087890625,
        "z": 364.156005859375
    },
    {
        "color": 4294967295,
        "name": "Generic Point 228",
        "x": 165.08200073242188,
        "y": 268.47198486328125,
        "z": 370.3559875488281
    },
    {
        "color": 4294967295,
        "name": "Generic Point 229",
        "x": -52.87300109863281,
        "y": 167.62399291992188,
        "z": 49.9010009765625
    },
    {
        "color": 4294967295,
        "name": "Generic Point 23",
        "x": 290.8810119628906,
        "y": 156.81100463867188,
        "z": 845.614013671875
    },
    {
        "color": 4294967295,
        "name": "Generic Point 230",
        "x": 535.6589965820312,
        "y": 216.34300231933594,
        "z": 808.5759887695312
    },
    {
        "color": 4294967295,
        "name": "Generic Point 231",
        "x": 230.7010040283203,
        "y": 325.5050048828125,
        "z": 291.19000244140625
    },
    {
        "color": 4294967295,
        "name": "Generic Point 232",
        "x": 293.77398681640625,
        "y": 153.6959991455078,
        "z": 858.5289916992188
    },
    {
        "color": 4294967295,
        "name": "Generic Point 233",
        "x": 446.1199951171875,
        "y": 136.33200073242188,
        "z": 1006.1630249023438
    },
    {
        "color": 4294967295,
        "name": "Generic Point 234",
        "x": 492.92401123046875,
        "y": 187.72300720214844,
        "z": 725.9569702148438
    },
    {
        "color": 4294967295,
        "name": "Generic Point 235",
        "x": 467.5589904785156,
        "y": 195.12600708007812,
        "z": 814.1890258789062
    },
    {
        "color": 4294967295,
        "name": "Generic Point 236",
        "x": 659.4669799804688,
        "y": 242.96200561523438,
        "z": 712.4580078125
    },
    {
        "color": 4294967295,
        "name": "Generic Point 237",
        "x": 592.1489868164062,
        "y": 219.6580047607422,
        "z": 643.072021484375
    },
    {
        "color": 4294967295,
        "name": "Generic Point 238",
        "x": 1268.5059814453125,
        "y": 180.677001953125,
        "z": 852.8569946289062
    },
    {
        "color": 4294967295,
        "name": "Generic Point 239",
        "x": 549.3619995117188,
        "y": 191.41799926757812,
        "z": 542.2369995117188
    },
    {
        "color": 4294967295,
        "name": "Generic Point 24",
        "x": 1313.9090576171875,
        "y": 186.5570068359375,
        "z": 819.14501953125
    },
    {
        "color": 4294967295,
        "name": "Generic Point 240",
        "x": 852.7449340820312,
        "y": 216.8025360107422,
        "z": 164.5674285888672
    },
    {
        "color": 4294967295,
        "name": "Generic Point 241",
        "x": 349.9977111816406,
        "y": 121.40997314453125,
        "z": 870.58642578125
    },
    {
        "color": 4294967295,
        "name": "Generic Point 242",
        "x": 521.0776977539062,
        "y": 174.76527404785156,
        "z": 645.7139892578125
    },
    {
        "color": 4294967295,
        "name": "Generic Point 243",
        "x": -742.2598266601562,
        "y": 160.61495971679688,
        "z": -174.8522186279297
    },
    {
        "color": 4294967295,
        "name": "Generic Point 244",
        "x": 1268.0849609375,
        "y": 181.82566833496094,
        "z": 853.7720336914062
    },
    {
        "color": 4294967295,
        "name": "Generic Point 245",
        "x": 1313.0006103515625,
        "y": 187.55056762695312,
        "z": 818.2838134765625
    },
    {
        "color": 4294967295,
        "name": "Generic Point 246",
        "x": 1310.72900390625,
        "y": 181.5558624267578,
        "z": 825.1973266601562
    },
    {
        "color": 4294967295,
        "name": "Generic Point 247",
        "x": 1329.52490234375,
        "y": 217.56405639648438,
        "z": 795.5360107421875
    },
    {
        "color": 4294967295,
        "name": "Generic Point 248",
        "x": 851.3821411132812,
        "y": 229.16380310058594,
        "z": 141.17459106445312
    },
    {
        "color": 4294967295,
        "name": "Generic Point 249",
        "x": 879.6469116210938,
        "y": 226.8139190673828,
        "z": 184.3142852783203
    },
    {
        "color": 4294967295,
        "name": "Generic Point 25",
        "x": 538.7379760742188,
        "y": 190.3679962158203,
        "z": -423.87799072265625
    },
    {
        "color": 4294967295,
        "name": "Generic Point 250",
        "x": 887.3324584960938,
        "y": 217.92324829101562,
        "z": 124.70024108886719
    },
    {
        "color": 4294967295,
        "name": "Generic Point 251",
        "x": 877.5568237304688,
        "y": 217.95359802246094,
        "z": 25.948270797729492
    },
    {
        "color": 4294967295,
        "name": "Generic Point 252",
        "x": 309.2047119140625,
        "y": 122.27970123291016,
        "z": 887.72998046875
    },
    {
        "color": 4294967295,
        "name": "Generic Point 253",
        "x": 1286.813720703125,
        "y": 262.4242858886719,
        "z": -787.0977172851562
    },
    {
        "color": 4294967295,
        "name": "Generic Point 254",
        "x": 1297.1611328125,
        "y": 264.3172302246094,
        "z": -784.8370971679688
    },
    {
        "color": 4294967295,
        "name": "Generic Point 255",
        "x": 1333.356201171875,
        "y": 252.78692626953125,
        "z": -757.7156982421875
    },
    {
        "color": 4294967295,
        "name": "Generic Point 256",
        "x": 232.16693115234375,
        "y": 326.544189453125,
        "z": 290.98504638671875
    },
    {
        "color": 4294967295,
        "name": "Generic Point 257",
        "x": -217.61280822753906,
        "y": 206.02597045898438,
        "z": 211.03184509277344
    },
    {
        "color": 4294967295,
        "name": "Generic Point 258",
        "x": -33.70903015136719,
        "y": 230.1458740234375,
        "z": 263.5697021484375
    },
    {
        "color": 4294967295,
        "name": "Generic Point 259",
        "x": -154.92605590820312,
        "y": 243.6417236328125,
        "z": 340.4751281738281
    },
    {
        "color": 4294967295,
        "name": "Generic Point 26",
        "x": 467.38800048828125,
        "y": 168.87100219726562,
        "z": -224.5919952392578
    },
    {
        "color": 4294967295,
        "name": "Generic Point 260",
        "x": -217.97518920898438,
        "y": 238.42942810058594,
        "z": 336.7244873046875
    },
    {
        "color": 4294967295,
        "name": "Generic Point 261",
        "x": -160.07345581054688,
        "y": 256.1123962402344,
        "z": 465.2264404296875
    },
    {
        "color": 4294967295,
        "name": "Generic Point 262",
        "x": -155.56512451171875,
        "y": 194.662353515625,
        "z": 397.0465087890625
    },
    {
        "color": 4294967295,
        "name": "Generic Point 263",
        "x": 293.2911376953125,
        "y": 155.52642822265625,
        "z": 858.2993774414062
    },
    {
        "color": 4294967295,
        "name": "Generic Point 264",
        "x": -548.913818359375,
        "y": 219.5546112060547,
        "z": 506.2836608886719
    },
    {
        "color": 4294967295,
        "name": "Generic Point 265",
        "x": -469.2151794433594,
        "y": 211.37078857421875,
        "z": 465.7894592285156
    },
    {
        "color": 4294967295,
        "name": "Generic Point 266",
        "x": -504.50634765625,
        "y": 250.9529266357422,
        "z": 485.8680419921875
    },
    {
        "color": 4294967295,
        "name": "Generic Point 267",
        "x": 167.56155395507812,
        "y": 269.4617614746094,
        "z": 370.2884826660156
    },
    {
        "color": 4294967295,
        "name": "Generic Point 268",
        "x": 164.09371948242188,
        "y": 269.7513732910156,
        "z": 364.8590087890625
    },
    {
        "color": 4294967295,
        "name": "Generic Point 269",
        "x": 236.57723999023438,
        "y": 326.5663146972656,
        "z": 209.76797485351562
    },
    {
        "color": 4294967295,
        "name": "Generic Point 27",
        "x": 154.22300720214844,
        "y": 220.3730010986328,
        "z": -260.010009765625
    },
    {
        "color": 4294967295,
        "name": "Generic Point 270",
        "x": 198.3042449951172,
        "y": 198.17062377929688,
        "z": -449.6810607910156
    },
    {
        "color": 4294967295,
        "name": "Generic Point 271",
        "x": 228.9280548095703,
        "y": 200.75704956054688,
        "z": -473.66357421875
    },
    {
        "color": 4294967295,
        "name": "Generic Point 272",
        "x": 126.07835388183594,
        "y": 208.3181610107422,
        "z": -413.4004211425781
    },
    {
        "color": 4294967295,
        "name": "Generic Point 273",
        "x": 116.85658264160156,
        "y": 192.33810424804688,
        "z": -380.5644226074219
    },
    {
        "color": 4294967295,
        "name": "Generic Point 274",
        "x": 445.5767822265625,
        "y": 137.10260009765625,
        "z": 1005.1600952148438
    },
    {
        "color": 4294967295,
        "name": "Generic Point 275",
        "x": 221.70860290527344,
        "y": 215.95944213867188,
        "z": -222.45884704589844
    },
    {
        "color": 4294967295,
        "name": "Generic Point 276",
        "x": 169.80313110351562,
        "y": 209.12783813476562,
        "z": -356.6839904785156
    },
    {
        "color": 4294967295,
        "name": "Generic Point 277",
        "x": 190.66168212890625,
        "y": 251.8326873779297,
        "z": -375.91387939453125
    },
    {
        "color": 4294967295,
        "name": "Generic Point 278",
        "x": 336.0234680175781,
        "y": 169.08197021484375,
        "z": -369.3510437011719
    },
    {
        "color": 4294967295,
        "name": "Generic Point 279",
        "x": 309.98980712890625,
        "y": 147.7120361328125,
        "z": -313.36505126953125
    },
    {
        "color": 4294967295,
        "name": "Generic Point 28",
        "x": 310.93701171875,
        "y": 147.2480010986328,
        "z": -315.1659851074219
    },
    {
        "color": 4294967295,
        "name": "Generic Point 280",
        "x": 466.085205078125,
        "y": 169.29376220703125,
        "z": -225.37171936035156
    },
    {
        "color": 4294967295,
        "name": "Generic Point 281",
        "x": 497.3613586425781,
        "y": 134.22508239746094,
        "z": -330.1611328125
    },
    {
        "color": 4294967295,
        "name": "Generic Point 282",
        "x": 779.9638671875,
        "y": 216.5219268798828,
        "z": 589.208740234375
    },
    {
        "color": 4294967295,
        "name": "Generic Point 283",
        "x": 653.3851928710938,
        "y": 265.42401123046875,
        "z": 572.3903198242188
    },
    {
        "color": 4294967295,
        "name": "Generic Point 284",
        "x": 466.8802185058594,
        "y": 168.90538024902344,
        "z": 885.2850952148438
    },
    {
        "color": 4294967295,
        "name": "Generic Point 285",
        "x": 599.3926391601562,
        "y": 236.00582885742188,
        "z": 510.0363464355469
    },
    {
        "color": 4294967295,
        "name": "Generic Point 286",
        "x": 549.4596557617188,
        "y": 192.6967010498047,
        "z": 544.5850219726562
    },
    {
        "color": 4294967295,
        "name": "Generic Point 287",
        "x": 592.771484375,
        "y": 220.65780639648438,
        "z": 642.4848022460938
    },
    {
        "color": 4294967295,
        "name": "Generic Point 288",
        "x": 658.6273803710938,
        "y": 243.9672393798828,
        "z": 713.0899658203125
    },
    {
        "color": 4294967295,
        "name": "Generic Point 289",
        "x": 649.0053100585938,
        "y": 172.4832763671875,
        "z": 778.4267578125
    },
    {
        "color": 4294967295,
        "name": "Generic Point 29",
        "x": 230.8719940185547,
        "y": 200.1280059814453,
        "z": -470.50799560546875
    },
    {
        "color": 4294967295,
        "name": "Generic Point 290",
        "x": 542.5673217773438,
        "y": 191.322021484375,
        "z": -422.7039489746094
    },
    {
        "color": 4294967295,
        "name": "Generic Point 291",
        "x": 198.69288635253906,
        "y": 147.23196411132812,
        "z": -302.58709716796875
    },
    {
        "color": 4294967295,
        "name": "Generic Point 292",
        "x": 467.9679870605469,
        "y": 195.99462890625,
        "z": 815.1831665039062
    },
    {
        "color": 4294967295,
        "name": "Generic Point 293",
        "x": 535.5272216796875,
        "y": 217.14212036132812,
        "z": 810.1124877929688
    },
    {
        "color": 4294967295,
        "name": "Generic Point 294",
        "x": 491.9701843261719,
        "y": 188.3214874267578,
        "z": 726.3977661132812
    },
    {
        "color": 4294967295,
        "name": "Generic Point 295",
        "x": 566.1480102539062,
        "y": 197.69607543945312,
        "z": 639.22607421875
    },
    {
        "color": 4294967295,
        "name": "Generic Point 3",
        "x": 566.9990234375,
        "y": 196.8260040283203,
        "z": 638.8870239257812
    },
    {
        "color": 4294967295,
        "name": "Generic Point 30",
        "x": 125.18900299072266,
        "y": 207.3939971923828,
        "z": -412.385009765625
    },
    {
        "color": 4294967295,
        "name": "Generic Point 31",
        "x": 170.3730010986328,
        "y": 208.22999572753906,
        "z": -357.7200012207031
    },
    {
        "color": 4294967295,
        "name": "Generic Point 32",
        "x": 118.10299682617188,
        "y": 191.45199584960938,
        "z": -380.36700439453125
    },
    {
        "color": 4294967295,
        "name": "Generic Point 33",
        "x": 189.04400634765625,
        "y": 251.50100708007812,
        "z": -376.83599853515625
    },
    {
        "color": 4294967295,
        "name": "Generic Point 34",
        "x": 293.9259948730469,
        "y": 276.15301513671875,
        "z": 389.3800048828125
    },
    {
        "color": 4294967295,
        "name": "Generic Point 35",
        "x": 197.27999877929688,
        "y": 146.84100341796875,
        "z": -304.21099853515625
    },
    {
        "color": 4294967295,
        "name": "Generic Point 36",
        "x": 1332.760986328125,
        "y": 251.6649932861328,
        "z": -758.6370239257812
    },
    {
        "color": 4294967295,
        "name": "Generic Point 37",
        "x": -218.98300170898438,
        "y": 205.67999267578125,
        "z": 210.59800720214844
    },
    {
        "color": 4294967295,
        "name": "Generic Point 38",
        "x": -33.900001525878906,
        "y": 229.27099609375,
        "z": 263.70599365234375
    },
    {
        "color": 4294967295,
        "name": "Generic Point 39",
        "x": -155.58200073242188,
        "y": 242.69400024414062,
        "z": 338.3739929199219
    },
    {
        "color": 4294967295,
        "name": "Generic Point 4",
        "x": 520.8250122070312,
        "y": 173.76400756835938,
        "z": 644.5170288085938
    },
    {
        "color": 4294967295,
        "name": "Generic Point 40",
        "x": -159.6909942626953,
        "y": 254.906005859375,
        "z": 464.9840087890625
    },
    {
        "color": 4294967295,
        "name": "Generic Point 41",
        "x": -155.4499969482422,
        "y": 193.67999267578125,
        "z": 396.8280029296875
    },
    {
        "color": 4294967295,
        "name": "Generic Point 42",
        "x": -217.0850067138672,
        "y": 237.5330047607422,
        "z": 336.1600036621094
    },
    {
        "color": 4294967295,
        "name": "Generic Point 43",
        "x": -545.8610229492188,
        "y": 218.5189971923828,
        "z": 507.0679931640625
    },
    {
        "color": 4294967295,
        "name": "Generic Point 44",
        "x": -507.62200927734375,
        "y": 249.177001953125,
        "z": 485.1929931640625
    },
    {
        "color": 4294967295,
        "name": "Generic Point 45",
        "x": 276.4930114746094,
        "y": 336.843994140625,
        "z": 275.8389892578125
    },
    {
        "color": 4294967295,
        "name": "Generic Point 46",
        "x": -468.4800109863281,
        "y": 210.31700134277344,
        "z": 466.59698486328125
    },
    {
        "color": 4294967295,
        "name": "Generic Point 47",
        "x": -736.1530151367188,
        "y": 159.05799865722656,
        "z": -172.5070037841797
    },
    {
        "color": 4294967295,
        "name": "Generic Point 48",
        "x": 1297.842041015625,
        "y": 263.37799072265625,
        "z": -785.4290161132812
    },
    {
        "color": 4294967295,
        "name": "Generic Point 49",
        "x": -746.8660278320312,
        "y": 158.94900512695312,
        "z": -174.35800170898438
    },
    {
        "color": 4294967295,
        "name": "Generic Point 5",
        "x": 650.6539916992188,
        "y": 171.38299560546875,
        "z": 779.2449951171875
    },
    {
        "color": 4294967295,
        "name": "Generic Point 50",
        "x": 1286.6090087890625,
        "y": 261.4830017089844,
        "z": -785.5789794921875
    },
    {
        "color": 4294967295,
        "name": "Generic Point 51",
        "x": 887.802978515625,
        "y": 215.95700073242188,
        "z": 124.49199676513672
    },
    {
        "color": 4294967295,
        "name": "Generic Point 52",
        "x": 106.14600372314453,
        "y": 257.0849914550781,
        "z": 316.4739990234375
    },
    {
        "color": 4294967295,
        "name": "Generic Point 53",
        "x": 756.2139892578125,
        "y": 211.0500030517578,
        "z": 617.5900268554688
    },
    {
        "color": 4294967295,
        "name": "Generic Point 54",
        "x": 242.70799255371094,
        "y": 313.8330078125,
        "z": 281.4219970703125
    },
    {
        "color": 4294967295,
        "name": "Generic Point 55",
        "x": 618.885986328125,
        "y": 207.656005859375,
        "z": 634.635986328125
    },
    {
        "color": 4294967295,
        "name": "Generic Point 56",
        "x": 234.49600219726562,
        "y": 337.0220031738281,
        "z": 278.9549865722656
    },
    {
        "color": 4294967295,
        "name": "Generic Point 57",
        "x": 505.59698486328125,
        "y": 184.3000030517578,
        "z": 642.4949951171875
    },
    {
        "color": 4294967295,
        "name": "Generic Point 58",
        "x": 284.6579895019531,
        "y": 134.26699829101562,
        "z": -314.2869873046875
    },
    {
        "color": 4294967295,
        "name": "Generic Point 59",
        "x": 409.27099609375,
        "y": 166.61099243164062,
        "z": -132.1490020751953
    },
    {
        "color": 4294967295,
        "name": "Generic Point 6",
        "x": 877.7839965820312,
        "y": 225.79100036621094,
        "z": 183.77699279785156
    },
    {
        "color": 4294967295,
        "name": "Generic Point 60",
        "x": 375.8030090332031,
        "y": 186.6820068359375,
        "z": -179.05299377441406
    },
    {
        "color": 4294967295,
        "name": "Generic Point 61",
        "x": 497.9989929199219,
        "y": 183.2259979248047,
        "z": -366.0920104980469
    },
    {
        "color": 4294967295,
        "name": "Generic Point 62",
        "x": 521.7449951171875,
        "y": 177.03500366210938,
        "z": -457.8190002441406
    },
    {
        "color": 4294967295,
        "name": "Generic Point 63",
        "x": 249.99000549316406,
        "y": 177.88499450683594,
        "z": -244.06399536132812
    },
    {
        "color": 4294967295,
        "name": "Generic Point 64",
        "x": -145.20799255371094,
        "y": 264.19000244140625,
        "z": 430.3450012207031
    },
    {
        "color": 4294967295,
        "name": "Generic Point 65",
        "x": 521.8610229492188,
        "y": 183.29200744628906,
        "z": 646.322998046875
    },
    {
        "color": 4294967295,
        "name": "Generic Point 66",
        "x": -145.2050018310547,
        "y": 264.1709899902344,
        "z": 430.2760009765625
    },
    {
        "color": 4294967295,
        "name": "Generic Point 67",
        "x": 602.5040283203125,
        "y": 193.56300354003906,
        "z": 281.30499267578125
    },
    {
        "color": 4294967295,
        "name": "Generic Point 68",
        "x": -64.75900268554688,
        "y": 167.8280029296875,
        "z": 35.202999114990234
    },
    {
        "color": 4294967295,
        "name": "Generic Point 69",
        "x": -212.5959930419922,
        "y": 243.0240020751953,
        "z": 456.0870056152344
    },
    {
        "color": 4294967295,
        "name": "Generic Point 7",
        "x": 850.43701171875,
        "y": 227.8090057373047,
        "z": 142.38499450683594
    },
    {
        "color": 4294967295,
        "name": "Generic Point 70",
        "x": -115.24800109863281,
        "y": 290.5979919433594,
        "z": 200.2899932861328
    },
    {
        "color": 4294967295,
        "name": "Generic Point 71",
        "x": -299.5159912109375,
        "y": 261.43798828125,
        "z": 355.3949890136719
    },
    {
        "color": 4294967295,
        "name": "Generic Point 72",
        "x": -115.76100158691406,
        "y": 151.5659942626953,
        "z": 227.9080047607422
    },
    {
        "color": 4294967295,
        "name": "Generic Point 73",
        "x": -195.2100067138672,
        "y": 242.01400756835938,
        "z": 193.57699584960938
    },
    {
        "color": 4294967295,
        "name": "Generic Point 74",
        "x": -219.87899780273438,
        "y": 180.38400268554688,
        "z": 499.2229919433594
    },
    {
        "color": 4294967295,
        "name": "Generic Point 75",
        "x": -271.99700927734375,
        "y": 236.51100158691406,
        "z": 331.3290100097656
    },
    {
        "color": 4294967295,
        "name": "Generic Point 76",
        "x": -526.5650024414062,
        "y": 244.76300048828125,
        "z": 443.114990234375
    },
    {
        "color": 4294967295,
        "name": "Generic Point 77",
        "x": 398.97698974609375,
        "y": 189.12399291992188,
        "z": -279.7090148925781
    },
    {
        "color": 4294967295,
        "name": "Generic Point 78",
        "x": 124.6259994506836,
        "y": 218.3280029296875,
        "z": -292.52301025390625
    },
    {
        "color": 4294967295,
        "name": "Generic Point 79",
        "x": -159.9810028076172,
        "y": 168.23300170898438,
        "z": 128.53799438476562
    },
    {
        "color": 4294967295,
        "name": "Generic Point 8",
        "x": 777.343994140625,
        "y": 215.56100463867188,
        "z": 592.7030029296875
    },
    {
        "color": 4294967295,
        "name": "Generic Point 80",
        "x": 257.6549987792969,
        "y": 198.03199768066406,
        "z": -240.697998046875
    },
    {
        "color": 4294967295,
        "name": "Generic Point 81",
        "x": -182.93899536132812,
        "y": 185.1999969482422,
        "z": 425.02099609375
    },
    {
        "color": 4294967295,
        "name": "Generic Point 82",
        "x": 199.88999938964844,
        "y": 300.49200439453125,
        "z": 354.5220031738281
    },
    {
        "color": 4294967295,
        "name": "Generic Point 83",
        "x": 276.427001953125,
        "y": 348.2040100097656,
        "z": 274.7659912109375
    },
    {
        "color": 4294967295,
        "name": "Generic Point 84",
        "x": 272.13800048828125,
        "y": 350.906005859375,
        "z": 102.97599792480469
    },
    {
        "color": 4294967295,
        "name": "Generic Point 85",
        "x": 545.9769897460938,
        "y": 203.81900024414062,
        "z": 581.2919921875
    },
    {
        "color": 4294967295,
        "name": "Generic Point 86",
        "x": 226.95700073242188,
        "y": 275.8219909667969,
        "z": 434.6440124511719
    },
    {
        "color": 4294967295,
        "name": "Generic Point 87",
        "x": 631.7620239257812,
        "y": 192.26800537109375,
        "z": 494.5719909667969
    },
    {
        "color": 4294967295,
        "name": "Generic Point 88",
        "x": 643.52197265625,
        "y": 192.32000732421875,
        "z": 499.42999267578125
    },
    {
        "color": 4294967295,
        "name": "Generic Point 89",
        "x": 278.885986328125,
        "y": 238.57899475097656,
        "z": -381.6730041503906
    },
    {
        "color": 4294967295,
        "name": "Generic Point 9",
        "x": 877.9299926757812,
        "y": 216.9080047607422,
        "z": 23.35700035095215
    },
    {
        "color": 4294967295,
        "name": "Generic Point 90",
        "x": 520.3280029296875,
        "y": 187.5659942626953,
        "z": 829.1649780273438
    },
    {
        "color": 4294967295,
        "name": "Generic Point 91",
        "x": 560.8289794921875,
        "y": 201.27200317382812,
        "z": 659.4509887695312
    },
    {
        "color": 4294967295,
        "name": "Generic Point 92",
        "x": 454.4259948730469,
        "y": 137.7989959716797,
        "z": 913.093017578125
    },
    {
        "color": 4294967295,
        "name": "Generic Point 93",
        "x": 407.3680114746094,
        "y": 170.05799865722656,
        "z": 932.3779907226562
    },
    {
        "color": 4294967295,
        "name": "Generic Point 94",
        "x": 556.3499755859375,
        "y": 229.8419952392578,
        "z": 846.02197265625
    },
    {
        "color": 4294967295,
        "name": "Generic Point 95",
        "x": 682.2969970703125,
        "y": 285.3590087890625,
        "z": 654.3289794921875
    },
    {
        "color": 4294967295,
        "name": "Generic Point 96",
        "x": 475.97698974609375,
        "y": 173.01499938964844,
        "z": 672.6669921875
    },
    {
        "color": 4294967295,
        "name": "Generic Point 97",
        "x": 362.36199951171875,
        "y": 301.6990051269531,
        "z": 308.9309997558594
    },
    {
        "color": 4294967295,
        "name": "Generic Point 98",
        "x": 287.25299072265625,
        "y": 337.91400146484375,
        "z": 147.63800048828125
    },
    {
        "color": 4294967295,
        "name": "Generic Point 99",
        "x": 465.7539978027344,
        "y": 190.23800659179688,
        "z": 348.8110046386719
    }
]