[
    {
        "color": 4294967295,
        "name": "Generic Point 0",
        "x": 650.0418090820312,
        "y": 420.0497741699219,
        "z": 1859.997802734375
    },
    {
        "color": 4294967295,
        "name": "Generic Point 1",
        "x": 695.4859619140625,
        "y": 246.6371612548828,
        "z": 1735.1358642578125
    },
    {
        "color": 4294967295,
        "name": "Generic Point 2",
        "x": 660.4544677734375,
        "y": 416.64874267578125,
        "z": 1878.5018310546875
    },
    {
        "color": 4294967295,
        "name": "Generic Point 3",
        "x": 708.799072265625,
        "y": 392.3662109375,
        "z": 1906.7303466796875
    },
    {
        "color": 4294967295,
        "name": "Generic Point 4",
        "x": 741.9187622070312,
        "y": 390.6732482910156,
        "z": 1883.7490234375
    },
    {
        "color": 4294967295,
        "name": "Generic Point 5",
        "x": 769.4229125976562,
        "y": 364.1281433105469,
        "z": 1897.737548828125
    },
    {
        "color": 4294967295,
        "name": "Generic Point 6",
        "x": 802.174560546875,
        "y": 337.6493225097656,
        "z": 1857.83349609375
    },
    {
        "color": 4294967295,
        "name": "Generic Point 7",
        "x": 763.607666015625,
        "y": 318.7044982910156,
        "z": 1790.879150390625
    },
    {
        "color": 4294967295,
        "name": "Generic Point 8",
        "x": 737.6966552734375,
        "y": 317.0561828613281,
        "z": 1771.921875
    },
    {
        "color": 4294967295,
        "name": "Generic Point 9",
        "x": 760.8314819335938,
        "y": 307.5368347167969,
        "z": 1745.1044921875
    }
]