[
    {
        "color": 4294967295,
        "name": "Generic Point 0",
        "x": -2421.4799804688,
        "y": 213.12219238281,
        "z": 9041.2890625
    },
    {
        "color": 4294967295,
        "name": "Generic Point 1",
        "x": -1871.3815917969,
        "y": 131.88421630859,
        "z": 8175.0346679688
    },
    {
        "color": 4294967295,
        "name": "Generic Point 2",
        "x": -1867.7261962891,
        "y": 217.77606201172,
        "z": 7793.6870117188
    },
    {
        "color": 4294967295,
        "name": "Generic Point 3",
        "x": -1867.8317871094,
        "y": 217.95018005371,
        "z": 7793.5600585938
    }
]