[
    {
        "color": 4294967295,
        "name": "Generic Point 0",
        "x": 1856.26,
        "y": 229.987,
        "z": 1202.59
    },
    {
        "color": 4294967295,
        "name": "Generic Point 1",
        "x": 1686.98,
        "y": 282.098,
        "z": 1725.65
    },
    {
        "color": 4294967295,
        "name": "Generic Point 10",
        "x": 2270.04,
        "y": 286.207,
        "z": 1648.37
    },
    {
        "color": 4294967295,
        "name": "Generic Point 11",
        "x": 1935.78,
        "y": 280.723,
        "z": 1747.81
    },
    {
        "color": 4294967295,
        "name": "Generic Point 12",
        "x": 2256.82,
        "y": 400.65,
        "z": 1938.24
    },
    {
        "color": 4294967295,
        "name": "Generic Point 13",
        "x": 2169.24,
        "y": 422.916,
        "z": 2089.9
    },
    {
        "color": 4294967295,
        "name": "Generic Point 14",
        "x": 1849.03,
        "y": 307.128,
        "z": 2316.04
    },
    {
        "color": 4294967295,
        "name": "Generic Point 15",
        "x": 2181.76,
        "y": 282.443,
        "z": 2337.08
    },
    {
        "color": 4294967295,
        "name": "Generic Point 16",
        "x": 2519.23,
        "y": 516.251,
        "z": 2050.78
    },
    {
        "color": 4294967295,
        "name": "Generic Point 17",
        "x": 2615,
        "y": 370.22,
        "z": 2443.99
    },
    {
        "color": 4294967295,
        "name": "Generic Point 18",
        "x": 2697.48,
        "y": 340.06,
        "z": 2595.66
    },
    {
        "color": 4294967295,
        "name": "Generic Point 19",
        "x": 2211.19,
        "y": 441.843,
        "z": 2626.96
    },
    {
        "color": 4294967295,
        "name": "Generic Point 2",
        "x": 1860.53,
        "y": 200.344,
        "z": 1134.92
    },
    {
        "color": 4294967295,
        "name": "Generic Point 20",
        "x": 2435.05,
        "y": 478.379,
        "z": 2703.03
    },
    {
        "color": 4294967295,
        "name": "Generic Point 21",
        "x": 1868.2,
        "y": 283.938,
        "z": 2846.49
    },
    {
        "color": 4294967295,
        "name": "Generic Point 22",
        "x": 1980.94,
        "y": 345.21,
        "z": 1864.72
    },
    {
        "color": 4294967295,
        "name": "Generic Point 23",
        "x": 1775.46,
        "y": 282.982,
        "z": 2742.26
    },
    {
        "color": 4294967295,
        "name": "Generic Point 24",
        "x": 1877.14,
        "y": 359.656,
        "z": 2547.26
    },
    {
        "color": 4294967295,
        "name": "Generic Point 25",
        "x": 1590.48,
        "y": 347.31,
        "z": 2728.1
    },
    {
        "color": 4294967295,
        "name": "Generic Point 26",
        "x": 1686.82,
        "y": 331.971,
        "z": 2691.03
    },
    {
        "color": 4294967295,
        "name": "Generic Point 27",
        "x": 1424.24,
        "y": 316.053,
        "z": 2776.04
    },
    {
        "color": 4294967295,
        "name": "Generic Point 28",
        "x": 1198.26,
        "y": 321.085,
        "z": 2733.11
    },
    {
        "color": 4294967295,
        "name": "Generic Point 29",
        "x": 1406.76,
        "y": 415.624,
        "z": 2726.32
    },
    {
        "color": 4294967295,
        "name": "Generic Point 3",
        "x": 1702.56,
        "y": 243.337,
        "z": 1101.66
    },
    {
        "color": 4294967295,
        "name": "Generic Point 30",
        "x": 1468.75,
        "y": 460.558,
        "z": 2869.18
    },
    {
        "color": 4294967295,
        "name": "Generic Point 31",
        "x": 2007.08,
        "y": 437.421,
        "z": 2012.05
    },
    {
        "color": 4294967295,
        "name": "Generic Point 32",
        "x": 1977.8,
        "y": 366.118,
        "z": 2056.84
    },
    {
        "color": 4294967295,
        "name": "Generic Point 33",
        "x": 2069.08,
        "y": 318.729,
        "z": 1552.77
    },
    {
        "color": 4294967295,
        "name": "Generic Point 34",
        "x": 2054.6,
        "y": 280.586,
        "z": 1623.46
    },
    {
        "color": 4294967295,
        "name": "Generic Point 35",
        "x": 1795.19,
        "y": 285.518,
        "z": 1889.02
    },
    {
        "color": 4294967295,
        "name": "Generic Point 36",
        "x": 1788.74,
        "y": 307.721,
        "z": 1562.65
    },
    {
        "color": 4294967295,
        "name": "Generic Point 4",
        "x": 1683.39,
        "y": 317.117,
        "z": 1527.3
    },
    {
        "color": 4294967295,
        "name": "Generic Point 5",
        "x": 1490.03,
        "y": 187.412,
        "z": 1901.63
    },
    {
        "color": 4294967295,
        "name": "Generic Point 6",
        "x": 1556.3,
        "y": 167.598,
        "z": 1896.22
    },
    {
        "color": 4294967295,
        "name": "Generic Point 7",
        "x": 2188.41,
        "y": 288.104,
        "z": 1577.27
    },
    {
        "color": 4294967295,
        "name": "Generic Point 8",
        "x": 2547.59,
        "y": 396.963,
        "z": 1809.68
    },
    {
        "color": 4294967295,
        "name": "Generic Point 9",
        "x": 2285.4,
        "y": 335.369,
        "z": 1722.64
    }
]