[
    {
        "color": 4294967295,
        "name": "Generic Point 0",
        "x": 2870.875244140625,
        "y": 287.21405029296875,
        "z": -1191.0372314453125
    },
    {
        "color": 4294967295,
        "name": "Generic Point 1",
        "x": 2756.76123046875,
        "y": 250.9976806640625,
        "z": -536.4295043945312
    },
    {
        "color": 4294967295,
        "name": "Generic Point 2",
        "x": 2151.08056640625,
        "y": 280.0137023925781,
        "z": -280.1319580078125
    },
    {
        "color": 4294967295,
        "name": "Generic Point 3",
        "x": 1988.269775390625,
        "y": 237.17303466796875,
        "z": -625.9260864257812
    },
    {
        "color": 4294967295,
        "name": "Generic Point 4",
        "x": 1577.6981201171875,
        "y": 234.74282836914062,
        "z": -202.34381103515625
    },
    {
        "color": 4294967295,
        "name": "Generic Point 5",
        "x": 1978.003173828125,
        "y": 225.72911071777344,
        "z": -996.8139038085938
    },
    {
        "color": 4294967295,
        "name": "Generic Point 6",
        "x": 1707.8541259765625,
        "y": 267.3680419921875,
        "z": -1200.7655029296875
    },
    {
        "color": 4294967295,
        "name": "Generic Point 7",
        "x": 1377.0780029296875,
        "y": 313.4581604003906,
        "z": -1288.76171875
    },
    {
        "color": 4294967295,
        "name": "Generic Point 8",
        "x": 1588.9686279296875,
        "y": 280.06671142578125,
        "z": -1515.0146484375
    },
    {
        "color": 4294967295,
        "name": "Generic Point 9",
        "x": 2592.431396484375,
        "y": 261.9150085449219,
        "z": -1675.489501953125
    }
]