[
    {
        "color": 4294967295,
        "name": "Generic Point 00",
        "x": 1733.37060546875,
        "y": 225.98651123046875,
        "z": 9493.2392578125
    },
    {
        "color": 4294967295,
        "name": "Generic Point 01",
        "x": 1651.406982421875,
        "y": 221.6453857421875,
        "z": 10407.2265625
    },
    {
        "color": 4294967295,
        "name": "Generic Point 02",
        "x": 3042.94482421875,
        "y": 206.21864318847656,
        "z": 9426.419921875
    }
]