[
    {
        "color": 4294967295,
        "name": "Generic Point 0",
        "x": 743.2855224609375,
        "y": 174.8970489501953,
        "z": 1133.057373046875
    },
    {
        "color": 4294967295,
        "name": "Generic Point 1",
        "x": 698.4296264648438,
        "y": 157.5833282470703,
        "z": 1159.8411865234375
    },
    {
        "color": 4294967295,
        "name": "Generic Point 2",
        "x": 664.7705688476562,
        "y": 154.9535369873047,
        "z": 1167.4434814453125
    }
]