[
    {
        "color": 4294967295,
        "name": "Generic Point 0",
        "x": -2626.7224121094,
        "y": 277.35531616211,
        "z": 10024.645507812
    },
    {
        "color": 4294967295,
        "name": "Generic Point 1",
        "x": -3002.3483886719,
        "y": 229.65324401855,
        "z": 10848.03515625
    },
    {
        "color": 4294967295,
        "name": "Generic Point 10",
        "x": -2377.9775390625,
        "y": 237.45303344727,
        "z": 9378.498046875
    },
    {
        "color": 4294967295,
        "name": "Generic Point 11",
        "x": -2375.9711914062,
        "y": 271.80990600586,
        "z": 9736.1640625
    },
    {
        "color": 4294967295,
        "name": "Generic Point 12",
        "x": -2141.5844726562,
        "y": 267.43682861328,
        "z": 9633.39453125
    },
    {
        "color": 4294967295,
        "name": "Generic Point 13",
        "x": -3182.7961425781,
        "y": 328.97369384766,
        "z": 10117.319335938
    },
    {
        "color": 4294967295,
        "name": "Generic Point 14",
        "x": -2984.2211914062,
        "y": 322.00653076172,
        "z": 10132.77734375
    },
    {
        "color": 4294967295,
        "name": "Generic Point 15",
        "x": -2910.1845703125,
        "y": 347.44915771484,
        "z": 10203.891601562
    },
    {
        "color": 4294967295,
        "name": "Generic Point 16",
        "x": -2512.1940917969,
        "y": 282.91033935547,
        "z": 10346.93359375
    },
    {
        "color": 4294967295,
        "name": "Generic Point 17",
        "x": -2624.0512695312,
        "y": 281.81964111328,
        "z": 10577.783203125
    },
    {
        "color": 4294967295,
        "name": "Generic Point 18",
        "x": -2845.39453125,
        "y": 768.58233642578,
        "z": 10351.049804688
    },
    {
        "color": 4294967295,
        "name": "Generic Point 19",
        "x": -3056.0688476562,
        "y": 612.74310302734,
        "z": 10573.62890625
    },
    {
        "color": 4294967295,
        "name": "Generic Point 2",
        "x": -3320.82421875,
        "y": 205.15570068359,
        "z": 10930.86328125
    },
    {
        "color": 4294967295,
        "name": "Generic Point 20",
        "x": -3221.8601074219,
        "y": 303.89767456055,
        "z": 10375.426757812
    },
    {
        "color": 4294967295,
        "name": "Generic Point 21",
        "x": -2779.9523925781,
        "y": 318.25482177734,
        "z": 10669.677734375
    },
    {
        "color": 4294967295,
        "name": "Generic Point 22",
        "x": -2288.1762695312,
        "y": 211.38757324219,
        "z": 9754.2353515625
    },
    {
        "color": 4294967295,
        "name": "Generic Point 23",
        "x": -2735.1218261719,
        "y": 304.70941162109,
        "z": 10530.271484375
    },
    {
        "color": 4294967295,
        "name": "Generic Point 24",
        "x": -2644.3161621094,
        "y": 332.00357055664,
        "z": 10247.926757812
    },
    {
        "color": 4294967295,
        "name": "Generic Point 25",
        "x": -3134.6567382812,
        "y": 259.84817504883,
        "z": 10886.426757812
    },
    {
        "color": 4294967295,
        "name": "Generic Point 26",
        "x": -3868.4365234375,
        "y": 234.70300292969,
        "z": 11042.723632812
    },
    {
        "color": 4294967295,
        "name": "Generic Point 27",
        "x": -2246.8029785156,
        "y": 300.89028930664,
        "z": 10400.596679688
    },
    {
        "color": 4294967295,
        "name": "Generic Point 28",
        "x": -2523.3142089844,
        "y": 344.5715637207,
        "z": 9679.3232421875
    },
    {
        "color": 4294967295,
        "name": "Generic Point 29",
        "x": -2878.9479980469,
        "y": 706.03265380859,
        "z": 10085.7890625
    },
    {
        "color": 4294967295,
        "name": "Generic Point 3",
        "x": -3196.9562988281,
        "y": 217.18081665039062,
        "z": 10730.017578125
    },
    {
        "color": 4294967295,
        "name": "Generic Point 30",
        "x": -2788.5510253906,
        "y": 270.58685302734,
        "z": 9915.59375
    },
    {
        "color": 4294967295,
        "name": "Generic Point 31",
        "x": -3101.193359375,
        "y": 206.05639648438,
        "z": 9981.1298828125
    },
    {
        "color": 4294967295,
        "name": "Generic Point 32",
        "x": -2220.4267578125,
        "y": 142.28759765625,
        "z": 9775.2666015625
    },
    {
        "color": 4294967295,
        "name": "Generic Point 33",
        "x": -2244.70361328125,
        "y": 209.3791961669922,
        "z": 9880.3701171875
    },
    {
        "color": 4294967295,
        "name": "Generic Point 34",
        "x": -2486.939453125,
        "y": 298.47756958008,
        "z": 10180.33984375
    },
    {
        "color": 4294967295,
        "name": "Generic Point 35",
        "x": -2439.1005859375,
        "y": 255.40132141113,
        "z": 10439.509765625
    },
    {
        "color": 4294967295,
        "name": "Generic Point 36",
        "x": -2471.9716796875,
        "y": 223.22503662109,
        "z": 10699.426757812
    },
    {
        "color": 4294967295,
        "name": "Generic Point 37",
        "x": -2423.142578125,
        "y": 252.76615905762,
        "z": 10934.427734375
    },
    {
        "color": 4294967295,
        "name": "Generic Point 4",
        "x": -3435.66015625,
        "y": 219.60481262207,
        "z": 10352.392578125
    },
    {
        "color": 4294967295,
        "name": "Generic Point 5",
        "x": -2911.4423828125,
        "y": 253.46784973145,
        "z": 9897.599609375
    },
    {
        "color": 4294967295,
        "name": "Generic Point 6",
        "x": -2865.4301757812,
        "y": 280.48687744141,
        "z": 9716.685546875
    },
    {
        "color": 4294967295,
        "name": "Generic Point 7",
        "x": -2760.1560058594,
        "y": 167.18458557129,
        "z": 9626.96875
    },
    {
        "color": 4294967295,
        "name": "Generic Point 8",
        "x": -2683.6691894531,
        "y": 217.24349975586,
        "z": 9517.5498046875
    },
    {
        "color": 4294967295,
        "name": "Generic Point 9",
        "x": -2494.654296875,
        "y": 208.30921936035,
        "z": 9516.84375
    }
]