[
    {
        "color": 4294967295,
        "name": "Generic Point 0",
        "x": 1946.44,
        "y": 200.457,
        "z": 1109.11
    },
    {
        "color": 4294967295,
        "name": "Generic Point 1",
        "x": 1829.49,
        "y": 337.695,
        "z": 1689.99
    },
    {
        "color": 4294967295,
        "name": "Generic Point 10",
        "x": 2122.5,
        "y": 332.109,
        "z": 1723.34
    },
    {
        "color": 4294967295,
        "name": "Generic Point 11",
        "x": 1563.2,
        "y": 227.843,
        "z": 1273.99
    },
    {
        "color": 4294967295,
        "name": "Generic Point 12",
        "x": 2183.12,
        "y": 349.879,
        "z": 2026.22
    },
    {
        "color": 4294967295,
        "name": "Generic Point 13",
        "x": 2080.63,
        "y": 412.198,
        "z": 2001.54
    },
    {
        "color": 4294967295,
        "name": "Generic Point 14",
        "x": 2107.72,
        "y": 457.869,
        "z": 2194.28
    },
    {
        "color": 4294967295,
        "name": "Generic Point 15",
        "x": 1800.65,
        "y": 359.804,
        "z": 2058.21
    },
    {
        "color": 4294967295,
        "name": "Generic Point 16",
        "x": 1921.9,
        "y": 222.87,
        "z": 2297.83
    },
    {
        "color": 4294967295,
        "name": "Generic Point 17",
        "x": 2006.37,
        "y": 281.415,
        "z": 2423.85
    },
    {
        "color": 4294967295,
        "name": "Generic Point 18",
        "x": 2051.33,
        "y": 420.869,
        "z": 2618.24
    },
    {
        "color": 4294967295,
        "name": "Generic Point 19",
        "x": 1603.25,
        "y": 407.544,
        "z": 2324.83
    },
    {
        "color": 4294967295,
        "name": "Generic Point 2",
        "x": 1998.41,
        "y": 282.19,
        "z": 1465.16
    },
    {
        "color": 4294967295,
        "name": "Generic Point 20",
        "x": 1801.71,
        "y": 408.401,
        "z": 2464.08
    },
    {
        "color": 4294967295,
        "name": "Generic Point 21",
        "x": 1594.52,
        "y": 280.931,
        "z": 2500.11
    },
    {
        "color": 4294967295,
        "name": "Generic Point 22",
        "x": 1393.63,
        "y": 223.027,
        "z": 1683.08
    },
    {
        "color": 4294967295,
        "name": "Generic Point 23",
        "x": 1530.28,
        "y": 309.451,
        "z": 2631.28
    },
    {
        "color": 4294967295,
        "name": "Generic Point 24",
        "x": 1525.47,
        "y": -26.7498,
        "z": 2781.72
    },
    {
        "color": 4294967295,
        "name": "Generic Point 25",
        "x": 1499.4,
        "y": 435.532,
        "z": 2874.87
    },
    {
        "color": 4294967295,
        "name": "Generic Point 26",
        "x": 1197.57,
        "y": 336.049,
        "z": 1904.82
    },
    {
        "color": 4294967295,
        "name": "Generic Point 27",
        "x": 933.101,
        "y": 256.587,
        "z": 2255.56
    },
    {
        "color": 4294967295,
        "name": "Generic Point 28",
        "x": 1249.74,
        "y": 297.795,
        "z": 2209.61
    },
    {
        "color": 4294967295,
        "name": "Generic Point 29",
        "x": 1483.58,
        "y": 425.662,
        "z": 2066.08
    },
    {
        "color": 4294967295,
        "name": "Generic Point 3",
        "x": 2246.5,
        "y": 286.767,
        "z": 1547.74
    },
    {
        "color": 4294967295,
        "name": "Generic Point 30",
        "x": 1591.89,
        "y": 340.795,
        "z": 1865.41
    },
    {
        "color": 4294967295,
        "name": "Generic Point 31",
        "x": 1652.49,
        "y": 250.513,
        "z": 1689.43
    },
    {
        "color": 4294967295,
        "name": "Generic Point 4",
        "x": 2327.41,
        "y": 386.759,
        "z": 1747.39
    },
    {
        "color": 4294967295,
        "name": "Generic Point 5",
        "x": 2341.52,
        "y": 375.527,
        "z": 1974.75
    },
    {
        "color": 4294967295,
        "name": "Generic Point 6",
        "x": 2414.29,
        "y": 422.792,
        "z": 2145.52
    },
    {
        "color": 4294967295,
        "name": "Generic Point 7",
        "x": 2416.01,
        "y": 341.897,
        "z": 2359.49
    },
    {
        "color": 4294967295,
        "name": "Generic Point 8",
        "x": 2549.22,
        "y": 397.749,
        "z": 2465.92
    },
    {
        "color": 4294967295,
        "name": "Generic Point 9",
        "x": 2382.09,
        "y": 590.783,
        "z": 2617.54
    }
]