[
    {
        "color": 4294967295,
        "name": "Generic Point 0",
        "x": 2699.3427734375,
        "y": 425.1188659667969,
        "z": 4555.8818359375
    },
    {
        "color": 4294967295,
        "name": "Generic Point 1",
        "x": 2794.338135,
        "y": 438.796417,
        "z": 4428.750488
    },
    {
        "color": 4294967295,
        "name": "Generic Point 10",
        "x": 3298.928223,
        "y": 414.816986,
        "z": 3964.560303
    },
    {
        "color": 4294967295,
        "name": "Generic Point 11",
        "x": 3229.799805,
        "y": 429.56839,
        "z": 3925.723633
    },
    {
        "color": 4294967295,
        "name": "Generic Point 12",
        "x": 3160.05542,
        "y": 440.019958,
        "z": 4366.394043
    },
    {
        "color": 4294967295,
        "name": "Generic Point 13",
        "x": 3142.37793,
        "y": 440.019989,
        "z": 4367.133301
    },
    {
        "color": 4294967295,
        "name": "Generic Point 14",
        "x": 3027.162598,
        "y": 440.864532,
        "z": 4373.608887
    },
    {
        "color": 4294967295,
        "name": "Generic Point 15",
        "x": 2965.479492,
        "y": 441.136261,
        "z": 4383.001465
    },
    {
        "color": 4294967295,
        "name": "Generic Point 16",
        "x": 3098.52002,
        "y": 440.02124,
        "z": 4496.352539
    },
    {
        "color": 4294967295,
        "name": "Generic Point 17",
        "x": 2975.44287109375,
        "y": 442.42938232421875,
        "z": 4658.974609375
    },
    {
        "color": 4294967295,
        "name": "Generic Point 18",
        "x": 3062.071533,
        "y": 440.218597,
        "z": 4640.321289
    },
    {
        "color": 4294967295,
        "name": "Generic Point 19",
        "x": 3151.172119,
        "y": 440.019928,
        "z": 4604.824219
    },
    {
        "color": 4294967295,
        "name": "Generic Point 2",
        "x": 2897.427246,
        "y": 441.029663,
        "z": 4473.29248
    },
    {
        "color": 4294967295,
        "name": "Generic Point 20",
        "x": 3179.179688,
        "y": 393.696014,
        "z": 4657.21582
    },
    {
        "color": 4294967295,
        "name": "Generic Point 21",
        "x": 2959.251709,
        "y": 454.251892,
        "z": 4641.52002
    },
    {
        "color": 4294967295,
        "name": "Generic Point 22",
        "x": 3479.717285,
        "y": 421.437775,
        "z": 4621.401855
    },
    {
        "color": 4294967295,
        "name": "Generic Point 23",
        "x": 3481.0271,
        "y": 422.46579,
        "z": 4621.04541
    },
    {
        "color": 4294967295,
        "name": "Generic Point 24",
        "x": 3485.895264,
        "y": 279.488922,
        "z": 4578.395996
    },
    {
        "color": 4294967295,
        "name": "Generic Point 25",
        "x": 3500.623535,
        "y": 284.096466,
        "z": 4568.689453
    },
    {
        "color": 4294967295,
        "name": "Generic Point 26",
        "x": 3473.632813,
        "y": 275.71994,
        "z": 4519.630371
    },
    {
        "color": 4294967295,
        "name": "Generic Point 27",
        "x": 3527.905518,
        "y": 512.617004,
        "z": 4556.137695
    },
    {
        "color": 4294967295,
        "name": "Generic Point 28",
        "x": 3592.542969,
        "y": 436.116913,
        "z": 4520.05127
    },
    {
        "color": 4294967295,
        "name": "Generic Point 29",
        "x": 3886.360596,
        "y": 387.64035,
        "z": 4233.233887
    },
    {
        "color": 4294967295,
        "name": "Generic Point 3",
        "x": 3127.607178,
        "y": 438.796539,
        "z": 4240.45459
    },
    {
        "color": 4294967295,
        "name": "Generic Point 30",
        "x": 3865.092529,
        "y": 441.475891,
        "z": 4102.819824
    },
    {
        "color": 4294967295,
        "name": "Generic Point 31",
        "x": 3995.384766,
        "y": 442.401337,
        "z": 4429.690918
    },
    {
        "color": 4294967295,
        "name": "Generic Point 32",
        "x": 3805.626953,
        "y": 451.884155,
        "z": 3889.05957
    },
    {
        "color": 4294967295,
        "name": "Generic Point 33",
        "x": 3465.592773,
        "y": 275.720184,
        "z": 4524.706543
    },
    {
        "color": 4294967295,
        "name": "Generic Point 34",
        "x": 3454.660156,
        "y": 306.219574,
        "z": 4544.099609
    },
    {
        "color": 4294967295,
        "name": "Generic Point 35",
        "x": 3420.514404,
        "y": 294.573456,
        "z": 4462.317871
    },
    {
        "color": 4294967295,
        "name": "Generic Point 36",
        "x": 3413.528809,
        "y": 475.993561,
        "z": 4503.960938
    },
    {
        "color": 4294967295,
        "name": "Generic Point 37",
        "x": 3629.299316,
        "y": 441.148224,
        "z": 4980.304199
    },
    {
        "color": 4294967295,
        "name": "Generic Point 38",
        "x": 3652.62915,
        "y": 321.52533,
        "z": 4935.614258
    },
    {
        "color": 4294967295,
        "name": "Generic Point 39",
        "x": 3688.574707,
        "y": 481.655243,
        "z": 4875.669922
    },
    {
        "color": 4294967295,
        "name": "Generic Point 4",
        "x": 3181.737549,
        "y": 441.341766,
        "z": 4149.049316
    },
    {
        "color": 4294967295,
        "name": "Generic Point 40",
        "x": 3632.55957,
        "y": 264.39032,
        "z": 4986.629395
    },
    {
        "color": 4294967295,
        "name": "Generic Point 41",
        "x": 3716.280029,
        "y": 356.771118,
        "z": 5034.847168
    },
    {
        "color": 4294967295,
        "name": "Generic Point 42",
        "x": 3704.577148,
        "y": 282.908997,
        "z": 5065.065918
    },
    {
        "color": 4294967295,
        "name": "Generic Point 43",
        "x": 3717.010742,
        "y": 317.777374,
        "z": 5064.796875
    },
    {
        "color": 4294967295,
        "name": "Generic Point 44",
        "x": 3736.176758,
        "y": 270.681915,
        "z": 5054.686523
    },
    {
        "color": 4294967295,
        "name": "Generic Point 45",
        "x": 3739.453613,
        "y": 305.309601,
        "z": 5061.016602
    },
    {
        "color": 4294967295,
        "name": "Generic Point 46",
        "x": 3745.948975,
        "y": 327.235046,
        "z": 5055.085938
    },
    {
        "color": 4294967295,
        "name": "Generic Point 47",
        "x": 3730.692871,
        "y": 296.28363,
        "z": 5043.504395
    },
    {
        "color": 4294967295,
        "name": "Generic Point 48",
        "x": 3750.289551,
        "y": 261.539734,
        "z": 5029.951172
    },
    {
        "color": 4294967295,
        "name": "Generic Point 49",
        "x": 3819.457275,
        "y": 270.781158,
        "z": 4995.289063
    },
    {
        "color": 4294967295,
        "name": "Generic Point 5",
        "x": 3141.873535,
        "y": 241.771133,
        "z": 4129.52002
    },
    {
        "color": 4294967295,
        "name": "Generic Point 50",
        "x": 3906.537842,
        "y": -152.714981,
        "z": 4897.858398
    },
    {
        "color": 4294967295,
        "name": "Generic Point 51",
        "x": 4004.200684,
        "y": 545.589417,
        "z": 4963.23291
    },
    {
        "color": 4294967295,
        "name": "Generic Point 52",
        "x": 4026.42041,
        "y": 509.623749,
        "z": 4841.047363
    },
    {
        "color": 4294967295,
        "name": "Generic Point 53",
        "x": 4028.055908,
        "y": 580.240662,
        "z": 5040.008301
    },
    {
        "color": 4294967295,
        "name": "Generic Point 54",
        "x": 3752.165283,
        "y": 288.895996,
        "z": 4913.566406
    },
    {
        "color": 4294967295,
        "name": "Generic Point 55",
        "x": 3694.13916,
        "y": 268.166931,
        "z": 5027.964355
    },
    {
        "color": 4294967295,
        "name": "Generic Point 56",
        "x": 3649.949707,
        "y": 298.484375,
        "z": 5027.492676
    },
    {
        "color": 4294967295,
        "name": "Generic Point 57",
        "x": 3639.991943,
        "y": 286.188873,
        "z": 5036.821777
    },
    {
        "color": 4294967295,
        "name": "Generic Point 58",
        "x": 3653.904785,
        "y": 307.83194,
        "z": 5059.523926
    },
    {
        "color": 4294967295,
        "name": "Generic Point 59",
        "x": 3638.078613,
        "y": 441.435333,
        "z": 5059.345215
    },
    {
        "color": 4294967295,
        "name": "Generic Point 6",
        "x": 3141.729248,
        "y": 241.247574,
        "z": 4178.960938
    },
    {
        "color": 4294967295,
        "name": "Generic Point 60",
        "x": 2636.52392578125,
        "y": 427.6727600097656,
        "z": 4544.8828125
    },
    {
        "color": 4294967295,
        "name": "Generic Point 61",
        "x": 2614.472412109375,
        "y": 294.82879638671875,
        "z": 4533.69189453125
    },
    {
        "color": 4294967295,
        "name": "Generic Point 62",
        "x": 2598.992188,
        "y": 438.796387,
        "z": 4523.707031
    },
    {
        "color": 4294967295,
        "name": "Generic Point 63",
        "x": 2513.30712890625,
        "y": 443.6035461425781,
        "z": 4701.00634765625
    },
    {
        "color": 4294967295,
        "name": "Generic Point 64",
        "x": 2516.286133,
        "y": 448.952759,
        "z": 4704.088379
    },
    {
        "color": 4294967295,
        "name": "Generic Point 65",
        "x": 2586.969727,
        "y": 485.431274,
        "z": 4816.662109
    },
    {
        "color": 4294967295,
        "name": "Generic Point 66",
        "x": 2490.037841796875,
        "y": 445.6324462890625,
        "z": 4695.48388671875
    },
    {
        "color": 4294967295,
        "name": "Generic Point 67",
        "x": 2488.135742,
        "y": 448.952759,
        "z": 4689.842773
    },
    {
        "color": 4294967295,
        "name": "Generic Point 68",
        "x": 2270.4658203125,
        "y": -378.00177001953125,
        "z": 4823.52685546875
    },
    {
        "color": 4294967295,
        "name": "Generic Point 69",
        "x": 2269.26709,
        "y": -378.180969,
        "z": 4825.026367
    },
    {
        "color": 4294967295,
        "name": "Generic Point 7",
        "x": 3243.891113,
        "y": 402.368805,
        "z": 4136.737305
    },
    {
        "color": 4294967295,
        "name": "Generic Point 70",
        "x": 2423.791748,
        "y": 243.016403,
        "z": 4957.319336
    },
    {
        "color": 4294967295,
        "name": "Generic Point 71",
        "x": 2188.302002,
        "y": 509.415192,
        "z": 4910.705078
    },
    {
        "color": 4294967295,
        "name": "Generic Point 72",
        "x": 2142.876953,
        "y": -360.882263,
        "z": 4997.854004
    },
    {
        "color": 4294967295,
        "name": "Generic Point 73",
        "x": 2245.792236328125,
        "y": -382.11236572265625,
        "z": 4794.703125
    },
    {
        "color": 4294967295,
        "name": "Generic Point 74",
        "x": 2246.746582,
        "y": -381.834259,
        "z": 4793.127441
    },
    {
        "color": 4294967295,
        "name": "Generic Point 75",
        "x": 2223.70068359375,
        "y": 439.6209716796875,
        "z": 4455.333984375
    },
    {
        "color": 4294967295,
        "name": "Generic Point 76",
        "x": 2223.410645,
        "y": 438.796417,
        "z": 4456.572754
    },
    {
        "color": 4294967295,
        "name": "Generic Point 77",
        "x": 2326.475341796875,
        "y": 441.4902038574219,
        "z": 4441.5029296875
    },
    {
        "color": 4294967295,
        "name": "Generic Point 78",
        "x": 2641.606689453125,
        "y": 356.3074645996094,
        "z": 4514.83349609375
    },
    {
        "color": 4294967295,
        "name": "Generic Point 79",
        "x": 2623.940185546875,
        "y": 317.53314208984375,
        "z": 4504.7333984375
    },
    {
        "color": 4294967295,
        "name": "Generic Point 8",
        "x": 3243.057373,
        "y": 330.104767,
        "z": 4169.084961
    },
    {
        "color": 4294967295,
        "name": "Generic Point 80",
        "x": 2605.661865234375,
        "y": 321.7874450683594,
        "z": 4477.3486328125
    },
    {
        "color": 4294967295,
        "name": "Generic Point 81",
        "x": 2454.9326171875,
        "y": 429.1260070800781,
        "z": 4529.775390625
    },
    {
        "color": 4294967295,
        "name": "Generic Point 82",
        "x": 2446.817138671875,
        "y": 429.310302734375,
        "z": 4525.81005859375
    },
    {
        "color": 4294967295,
        "name": "Generic Point 83",
        "x": 2455.64209,
        "y": 438.796448,
        "z": 4508.232422
    },
    {
        "color": 4294967295,
        "name": "Generic Point 9",
        "x": 3449.03418,
        "y": 397.373474,
        "z": 4137.437988
    }
]