[
    {
        "color": 4294967295,
        "name": "Generic Point 0",
        "x": -6119.890625,
        "y": 200.96078491210938,
        "z": -3187.80908203125
    },
    {
        "color": 4294967295,
        "name": "Generic Point 1",
        "x": -5792.322265625,
        "y": 211.25631713867188,
        "z": -2574.771240234375
    },
    {
        "color": 4294967295,
        "name": "Generic Point 10",
        "x": -6282.5830078125,
        "y": 224.0780792236328,
        "z": -2679.484375
    },
    {
        "color": 4294967295,
        "name": "Generic Point 11",
        "x": -5976.486328125,
        "y": 236.80889892578125,
        "z": -2596.369140625
    },
    {
        "color": 4294967295,
        "name": "Generic Point 12",
        "x": -6048.6279296875,
        "y": 204.628173828125,
        "z": -3294.137451171875
    },
    {
        "color": 4294967295,
        "name": "Generic Point 13",
        "x": -6423.2373046875,
        "y": 219.50828552246094,
        "z": -2807.363525390625
    },
    {
        "color": 4294967295,
        "name": "Generic Point 14",
        "x": -6429.90380859375,
        "y": 238.92266845703125,
        "z": -2810.574462890625
    },
    {
        "color": 4294967295,
        "name": "Generic Point 15",
        "x": -6138.9794921875,
        "y": 202.90093994140625,
        "z": -2768.14794921875
    },
    {
        "color": 4294967295,
        "name": "Generic Point 16",
        "x": -6174.75048828125,
        "y": 216.2744903564453,
        "z": -2793.14306640625
    },
    {
        "color": 4294967295,
        "name": "Generic Point 17",
        "x": -6044.9033203125,
        "y": 208.22264099121094,
        "z": -2844.2958984375
    },
    {
        "color": 4294967295,
        "name": "Generic Point 18",
        "x": -6375.06005859375,
        "y": 255.1930389404297,
        "z": -2574.505615234375
    },
    {
        "color": 4294967295,
        "name": "Generic Point 2",
        "x": -5803.42529296875,
        "y": 210.57107543945312,
        "z": -2580.67041015625
    },
    {
        "color": 4294967295,
        "name": "Generic Point 3",
        "x": -6217.02294921875,
        "y": 253.95045471191406,
        "z": -2542.653076171875
    },
    {
        "color": 4294967295,
        "name": "Generic Point 4",
        "x": -6262.873046875,
        "y": 322.9452819824219,
        "z": -2669.711181640625
    },
    {
        "color": 4294967295,
        "name": "Generic Point 5",
        "x": -5963.33349609375,
        "y": 203.48133850097656,
        "z": -2645.04833984375
    },
    {
        "color": 4294967295,
        "name": "Generic Point 6",
        "x": -6063.4375,
        "y": 219.57057189941406,
        "z": -2886.46875
    },
    {
        "color": 4294967295,
        "name": "Generic Point 7",
        "x": -6302.5673828125,
        "y": 258.2551574707031,
        "z": -2471.054443359375
    },
    {
        "color": 4294967295,
        "name": "Generic Point 8",
        "x": -6318.8515625,
        "y": 300.4839172363281,
        "z": -2732.833740234375
    },
    {
        "color": 4294967295,
        "name": "Generic Point 9",
        "x": -5998.6630859375,
        "y": 186.2913818359375,
        "z": -2543.4912109375
    }
]