[
    {
        "color": 4294967295,
        "name": "Generic Point 0",
        "x": -4243.7841796875,
        "y": 201.76380920410156,
        "z": -3763.76611328125
    },
    {
        "color": 4294967295,
        "name": "Generic Point 1",
        "x": -4431.2158203125,
        "y": 166.13519287109375,
        "z": -3773.017333984375
    },
    {
        "color": 4294967295,
        "name": "Generic Point 10",
        "x": -4315.27392578125,
        "y": 225.56973266601562,
        "z": -4223.7666015625
    },
    {
        "color": 4294967295,
        "name": "Generic Point 11",
        "x": -4212.70947265625,
        "y": 201.25375366210938,
        "z": -3885.824951171875
    },
    {
        "color": 4294967295,
        "name": "Generic Point 12",
        "x": -4243.99560546875,
        "y": 225.14413452148438,
        "z": -4217.34619140625
    },
    {
        "color": 4294967295,
        "name": "Generic Point 13",
        "x": -4235.01953125,
        "y": 201.51605224609375,
        "z": -4313.509765625
    },
    {
        "color": 4294967295,
        "name": "Generic Point 14",
        "x": -4353.88720703125,
        "y": 207.7405548095703,
        "z": -4357.013671875
    },
    {
        "color": 4294967295,
        "name": "Generic Point 15",
        "x": -4258.32080078125,
        "y": 206.0856475830078,
        "z": -4482.8125
    },
    {
        "color": 4294967295,
        "name": "Generic Point 16",
        "x": -4353.41552734375,
        "y": 208.9495849609375,
        "z": -4207.44677734375
    },
    {
        "color": 4294967295,
        "name": "Generic Point 17",
        "x": -4412.2822265625,
        "y": 202.84181213378906,
        "z": -4221.80224609375
    },
    {
        "color": 4294967295,
        "name": "Generic Point 18",
        "x": -4437.880859375,
        "y": 224.05072021484375,
        "z": -4542.72900390625
    },
    {
        "color": 4294967295,
        "name": "Generic Point 19",
        "x": -4709.23486328125,
        "y": 200.90191650390625,
        "z": -4626.146484375
    },
    {
        "color": 4294967295,
        "name": "Generic Point 2",
        "x": -4341.2822265625,
        "y": 218.95562744140625,
        "z": -3877.35009765625
    },
    {
        "color": 4294967295,
        "name": "Generic Point 20",
        "x": -4616.65576171875,
        "y": 204.32525634765625,
        "z": -4613.17333984375
    },
    {
        "color": 4294967295,
        "name": "Generic Point 21",
        "x": -4816.95556640625,
        "y": 215.3173828125,
        "z": -4710.1142578125
    },
    {
        "color": 4294967295,
        "name": "Generic Point 22",
        "x": -4368.72412109375,
        "y": 210.5503692626953,
        "z": -3730.1552734375
    },
    {
        "color": 4294967295,
        "name": "Generic Point 23",
        "x": -4819.16748046875,
        "y": 219.99610900878906,
        "z": -4722.56787109375
    },
    {
        "color": 4294967295,
        "name": "Generic Point 24",
        "x": -4917.62646484375,
        "y": 204.31918334960938,
        "z": -4711.208984375
    },
    {
        "color": 4294967295,
        "name": "Generic Point 25",
        "x": -4854.162109375,
        "y": 202.50674438476562,
        "z": -4801.66650390625
    },
    {
        "color": 4294967295,
        "name": "Generic Point 26",
        "x": -4866.8427734375,
        "y": 203.24563598632812,
        "z": -4777.67138671875
    },
    {
        "color": 4294967295,
        "name": "Generic Point 27",
        "x": -4968.8466796875,
        "y": 203.92811584472656,
        "z": -4635.4765625
    },
    {
        "color": 4294967295,
        "name": "Generic Point 28",
        "x": -4671.31298828125,
        "y": 206.86351013183594,
        "z": -4513.6640625
    },
    {
        "color": 4294967295,
        "name": "Generic Point 29",
        "x": -4817.74609375,
        "y": 200.90489196777344,
        "z": -4449.4990234375
    },
    {
        "color": 4294967295,
        "name": "Generic Point 3",
        "x": -4323.439453125,
        "y": 202.76747131347656,
        "z": -3851.35302734375
    },
    {
        "color": 4294967295,
        "name": "Generic Point 30",
        "x": -4890.2373046875,
        "y": 201.4243927001953,
        "z": -4312.81494140625
    },
    {
        "color": 4294967295,
        "name": "Generic Point 31",
        "x": -4894.05224609375,
        "y": 202.2393798828125,
        "z": -4239.333984375
    },
    {
        "color": 4294967295,
        "name": "Generic Point 32",
        "x": -5002.1884765625,
        "y": 204.0053253173828,
        "z": -4221.40869140625
    },
    {
        "color": 4294967295,
        "name": "Generic Point 33",
        "x": -4401.44775390625,
        "y": 201.25335693359375,
        "z": -3653.01806640625
    },
    {
        "color": 4294967295,
        "name": "Generic Point 34",
        "x": -4681.04052734375,
        "y": 557.2333374023438,
        "z": -4163.68408203125
    },
    {
        "color": 4294967295,
        "name": "Generic Point 35",
        "x": -4660.7861328125,
        "y": 201.137451171875,
        "z": -4054.957763671875
    },
    {
        "color": 4294967295,
        "name": "Generic Point 36",
        "x": -4671.32763671875,
        "y": 201.343017578125,
        "z": -3949.87744140625
    },
    {
        "color": 4294967295,
        "name": "Generic Point 37",
        "x": -4872.5927734375,
        "y": 201.25308227539062,
        "z": -3920.971435546875
    },
    {
        "color": 4294967295,
        "name": "Generic Point 38",
        "x": -4704.58544921875,
        "y": 203.50173950195312,
        "z": -4207.59765625
    },
    {
        "color": 4294967295,
        "name": "Generic Point 39",
        "x": -4668.2109375,
        "y": 162.41587829589844,
        "z": -4280.00537109375
    },
    {
        "color": 4294967295,
        "name": "Generic Point 4",
        "x": -4424.2060546875,
        "y": 218.4483184814453,
        "z": -3834.953369140625
    },
    {
        "color": 4294967295,
        "name": "Generic Point 40",
        "x": -4645.81396484375,
        "y": 121.05650329589844,
        "z": -4224.55810546875
    },
    {
        "color": 4294967295,
        "name": "Generic Point 41",
        "x": -4681.9921875,
        "y": 154.9710693359375,
        "z": -4256.98583984375
    },
    {
        "color": 4294967295,
        "name": "Generic Point 42",
        "x": -4663.65673828125,
        "y": 101.20124816894531,
        "z": -4260.81982421875
    },
    {
        "color": 4294967295,
        "name": "Generic Point 43",
        "x": -4521.23095703125,
        "y": 201.59751892089844,
        "z": -4263.4755859375
    },
    {
        "color": 4294967295,
        "name": "Generic Point 44",
        "x": -4486.701171875,
        "y": 201.7550811767578,
        "z": -3771.230712890625
    },
    {
        "color": 4294967295,
        "name": "Generic Point 45",
        "x": -4545.1982421875,
        "y": 200.90191650390625,
        "z": -4142.81640625
    },
    {
        "color": 4294967295,
        "name": "Generic Point 46",
        "x": -4418.732421875,
        "y": 196.44027709960938,
        "z": -3785.204833984375
    },
    {
        "color": 4294967295,
        "name": "Generic Point 47",
        "x": -4430.83203125,
        "y": 185.13714599609375,
        "z": -3768.583984375
    },
    {
        "color": 4294967295,
        "name": "Generic Point 48",
        "x": -4429.83056640625,
        "y": 181.16419982910156,
        "z": -3830.763671875
    },
    {
        "color": 4294967295,
        "name": "Generic Point 49",
        "x": -4402.59619140625,
        "y": 161.64068603515625,
        "z": -3801.975830078125
    },
    {
        "color": 4294967295,
        "name": "Generic Point 5",
        "x": -4423.82080078125,
        "y": 222.07357788085938,
        "z": -3878.54638671875
    },
    {
        "color": 4294967295,
        "name": "Generic Point 50",
        "x": -4854.162109375,
        "y": 202.50674438476562,
        "z": -4801.66650390625
    },
    {
        "color": 4294967295,
        "name": "Generic Point 6",
        "x": -4479.04150390625,
        "y": 215.33209228515625,
        "z": -3848.58154296875
    },
    {
        "color": 4294967295,
        "name": "Generic Point 7",
        "x": -4535.234375,
        "y": 210.40054321289062,
        "z": -3798.40478515625
    },
    {
        "color": 4294967295,
        "name": "Generic Point 8",
        "x": -4501.01318359375,
        "y": 202.59571838378906,
        "z": -3923.737548828125
    },
    {
        "color": 4294967295,
        "name": "Generic Point 9",
        "x": -4343.41162109375,
        "y": 204.55857849121094,
        "z": -3938.67431640625
    }
]