[
    {
        "color": 4294967295,
        "name": "Generic Point 0",
        "x": -2217.24755859375,
        "y": 256.5344543457031,
        "z": 8505.337890625
    },
    {
        "color": 4294967295,
        "name": "Generic Point 1",
        "x": -1924.4661865234375,
        "y": -149.14710998535156,
        "z": 7855.1513671875
    },
    {
        "color": 4294967295,
        "name": "Generic Point 10",
        "x": -1765.8695068359375,
        "y": -123.45226287841797,
        "z": 7926.21240234375
    },
    {
        "color": 4294967295,
        "name": "Generic Point 11",
        "x": -1811.0821533203125,
        "y": -136.90072631835938,
        "z": 7847.763671875
    },
    {
        "color": 4294967295,
        "name": "Generic Point 12",
        "x": -1776.818603515625,
        "y": -140.32986450195312,
        "z": 7881.248046875
    },
    {
        "color": 4294967295,
        "name": "Generic Point 13",
        "x": -1940.7041015625,
        "y": -140.06532287597656,
        "z": 7870.74169921875
    },
    {
        "color": 4294967295,
        "name": "Generic Point 14",
        "x": -1963.0843505859375,
        "y": -103.31056213378906,
        "z": 7822.56201171875
    },
    {
        "color": 4294967295,
        "name": "Generic Point 2",
        "x": -1930.2730712890625,
        "y": -128.54734802246094,
        "z": 7896.96337890625
    },
    {
        "color": 4294967295,
        "name": "Generic Point 3",
        "x": -1973.902587890625,
        "y": -158.18966674804688,
        "z": 7997.19677734375
    },
    {
        "color": 4294967295,
        "name": "Generic Point 4",
        "x": -1903.4722900390625,
        "y": -211.11778259277344,
        "z": 8049.5283203125
    },
    {
        "color": 4294967295,
        "name": "Generic Point 5",
        "x": -1893.553955078125,
        "y": -213.3882293701172,
        "z": 8052.884765625
    },
    {
        "color": 4294967295,
        "name": "Generic Point 6",
        "x": -1888.8282470703125,
        "y": -77.73111724853516,
        "z": 8006.9013671875
    },
    {
        "color": 4294967295,
        "name": "Generic Point 7",
        "x": -1785.6865234375,
        "y": 24.015541076660156,
        "z": 8163.857421875
    },
    {
        "color": 4294967295,
        "name": "Generic Point 8",
        "x": -1863.9173583984375,
        "y": -81.79912567138672,
        "z": 8029.130859375
    },
    {
        "color": 4294967295,
        "name": "Generic Point 9",
        "x": -1874.8157958984375,
        "y": -80.52685546875,
        "z": 8022.55029296875
    }
]