[
    {
        "color": 4294967295,
        "name": "Generic Point 0",
        "x": 1333.3970947265625,
        "y": 605.8106689453125,
        "z": 4744.00537109375
    },
    {
        "color": 4294967295,
        "name": "Generic Point 1",
        "x": 1278.70703125,
        "y": 602.1510620117188,
        "z": 4714.55517578125
    },
    {
        "color": 4294967295,
        "name": "Generic Point 10",
        "x": 1668.057861328125,
        "y": 585.6845703125,
        "z": 4657.91650390625
    },
    {
        "color": 4294967295,
        "name": "Generic Point 11",
        "x": 1561.365966796875,
        "y": 603.5780029296875,
        "z": 4606.00927734375
    },
    {
        "color": 4294967295,
        "name": "Generic Point 12",
        "x": 1626.180908203125,
        "y": 642.0350952148438,
        "z": 4619.95166015625
    },
    {
        "color": 4294967295,
        "name": "Generic Point 13",
        "x": 1619.5411376953125,
        "y": 625.2012939453125,
        "z": 4600.49462890625
    },
    {
        "color": 4294967295,
        "name": "Generic Point 14",
        "x": 1672.740966796875,
        "y": 615.3624877929688,
        "z": 4530.5869140625
    },
    {
        "color": 4294967295,
        "name": "Generic Point 15",
        "x": 1696.746337890625,
        "y": 654.0195922851562,
        "z": 4596.546875
    },
    {
        "color": 4294967295,
        "name": "Generic Point 16",
        "x": 1762.160400390625,
        "y": 661.131103515625,
        "z": 4589.37890625
    },
    {
        "color": 4294967295,
        "name": "Generic Point 17",
        "x": 1732.8350830078125,
        "y": 662.5557861328125,
        "z": 4595.2412109375
    },
    {
        "color": 4294967295,
        "name": "Generic Point 18",
        "x": 1440.1734619140625,
        "y": 229.02357482910156,
        "z": 3918.804443359375
    },
    {
        "color": 4294967295,
        "name": "Generic Point 19",
        "x": 1452.211181640625,
        "y": 188.19862365722656,
        "z": 3922.552001953125
    },
    {
        "color": 4294967295,
        "name": "Generic Point 2",
        "x": 1615.843017578125,
        "y": 558.7224731445312,
        "z": 4529.03662109375
    },
    {
        "color": 4294967295,
        "name": "Generic Point 20",
        "x": 1468.5653076171875,
        "y": 173.9156036376953,
        "z": 3944.21142578125
    },
    {
        "color": 4294967295,
        "name": "Generic Point 21",
        "x": 1451.5091552734375,
        "y": 93.52345275878906,
        "z": 3973.215087890625
    },
    {
        "color": 4294967295,
        "name": "Generic Point 22",
        "x": 1517.16064453125,
        "y": 133.74427795410156,
        "z": 3881.548583984375
    },
    {
        "color": 4294967295,
        "name": "Generic Point 23",
        "x": 1455.054443359375,
        "y": 205.54161071777344,
        "z": 4035.213623046875
    },
    {
        "color": 4294967295,
        "name": "Generic Point 24",
        "x": 1474.598876953125,
        "y": 187.29747009277344,
        "z": 4002.690185546875
    },
    {
        "color": 4294967295,
        "name": "Generic Point 25",
        "x": 1595.007568359375,
        "y": 200.6839599609375,
        "z": 3987.19091796875
    },
    {
        "color": 4294967295,
        "name": "Generic Point 26",
        "x": 1617.204345703125,
        "y": 195.9016571044922,
        "z": 3892.96484375
    },
    {
        "color": 4294967295,
        "name": "Generic Point 27",
        "x": 1671.35986328125,
        "y": 206.82315063476562,
        "z": 3904.3525390625
    },
    {
        "color": 4294967295,
        "name": "Generic Point 28",
        "x": 1666.1510009765625,
        "y": 220.81944274902344,
        "z": 3861.901611328125
    },
    {
        "color": 4294967295,
        "name": "Generic Point 29",
        "x": 1635.012451171875,
        "y": 237.24508666992188,
        "z": 3708.15576171875
    },
    {
        "color": 4294967295,
        "name": "Generic Point 3",
        "x": 1637.435546875,
        "y": 605.2223510742188,
        "z": 4495.8125
    },
    {
        "color": 4294967295,
        "name": "Generic Point 30",
        "x": 1384.53369140625,
        "y": 164.90988159179688,
        "z": 4052.775634765625
    },
    {
        "color": 4294967295,
        "name": "Generic Point 31",
        "x": 1375.739013671875,
        "y": 171.49684143066406,
        "z": 4030.838134765625
    },
    {
        "color": 4294967295,
        "name": "Generic Point 32",
        "x": 1351.0162353515625,
        "y": 282.8211975097656,
        "z": 3931.147216796875
    },
    {
        "color": 4294967295,
        "name": "Generic Point 33",
        "x": 1350.6923828125,
        "y": 244.62420654296875,
        "z": 3921.767578125
    },
    {
        "color": 4294967295,
        "name": "Generic Point 34",
        "x": 1362.436767578125,
        "y": 304.8619689941406,
        "z": 3872.77099609375
    },
    {
        "color": 4294967295,
        "name": "Generic Point 35",
        "x": 1345.32421875,
        "y": 267.1787414550781,
        "z": 3864.94970703125
    },
    {
        "color": 4294967295,
        "name": "Generic Point 36",
        "x": 1380.7808837890625,
        "y": 174.3961639404297,
        "z": 3795.286865234375
    },
    {
        "color": 4294967295,
        "name": "Generic Point 37",
        "x": 1293.8812255859375,
        "y": 238.88612365722656,
        "z": 3829.6513671875
    },
    {
        "color": 4294967295,
        "name": "Generic Point 38",
        "x": 1343.479736328125,
        "y": 229.82398986816406,
        "z": 3847.951904296875
    },
    {
        "color": 4294967295,
        "name": "Generic Point 39",
        "x": 1308.8648681640625,
        "y": 256.4091491699219,
        "z": 3899.4150390625
    },
    {
        "color": 4294967295,
        "name": "Generic Point 4",
        "x": 1626.0113525390625,
        "y": 617.0740356445312,
        "z": 4511.00927734375
    },
    {
        "color": 4294967295,
        "name": "Generic Point 40",
        "x": 1346.51708984375,
        "y": 294.3409118652344,
        "z": 3889.37255859375
    },
    {
        "color": 4294967295,
        "name": "Generic Point 41",
        "x": 1283.1007080078125,
        "y": 137.5189666748047,
        "z": 3978.64794921875
    },
    {
        "color": 4294967295,
        "name": "Generic Point 42",
        "x": 1377.841064453125,
        "y": 160.93682861328125,
        "z": 3659.86572265625
    },
    {
        "color": 4294967295,
        "name": "Generic Point 43",
        "x": 1394.205078125,
        "y": 236.44540405273438,
        "z": 3897.61328125
    },
    {
        "color": 4294967295,
        "name": "Generic Point 44",
        "x": 1429.3245849609375,
        "y": 231.17025756835938,
        "z": 3880.421142578125
    },
    {
        "color": 4294967295,
        "name": "Generic Point 45",
        "x": 1422.2393798828125,
        "y": 196.61517333984375,
        "z": 3878.19287109375
    },
    {
        "color": 4294967295,
        "name": "Generic Point 46",
        "x": 1454.627197265625,
        "y": 346.368408203125,
        "z": 3430.738525390625
    },
    {
        "color": 4294967295,
        "name": "Generic Point 47",
        "x": 1450.6748046875,
        "y": 357.9225158691406,
        "z": 3448.1240234375
    },
    {
        "color": 4294967295,
        "name": "Generic Point 48",
        "x": 1382.0863037109375,
        "y": 907.4092407226562,
        "z": 4904.1494140625
    },
    {
        "color": 4294967295,
        "name": "Generic Point 49",
        "x": 1447.3463134765625,
        "y": 655.4959106445312,
        "z": 4675.33056640625
    },
    {
        "color": 4294967295,
        "name": "Generic Point 5",
        "x": 1643.54931640625,
        "y": 605.2232666015625,
        "z": 4447.1884765625
    },
    {
        "color": 4294967295,
        "name": "Generic Point 50",
        "x": 1445.1416015625,
        "y": 647.529541015625,
        "z": 4637.62109375
    },
    {
        "color": 4294967295,
        "name": "Generic Point 6",
        "x": 1531.61474609375,
        "y": 554.4164428710938,
        "z": 4321.603515625
    },
    {
        "color": 4294967295,
        "name": "Generic Point 7",
        "x": 1566.6993408203125,
        "y": 565.7423706054688,
        "z": 4300.30810546875
    },
    {
        "color": 4294967295,
        "name": "Generic Point 8",
        "x": 1716.9129638671875,
        "y": 559.2342529296875,
        "z": 4585.74267578125
    },
    {
        "color": 4294967295,
        "name": "Generic Point 9",
        "x": 1757.9227294921875,
        "y": 563.9446411132812,
        "z": 4648.2919921875
    }
]