[
    {
        "color": 4294967295,
        "name": "Generic Point 0",
        "x": 1845.71,
        "y": 229.252,
        "z": 1291.8
    },
    {
        "color": 4294967295,
        "name": "Generic Point 1",
        "x": 2010.42,
        "y": 280.684,
        "z": 1606.09
    },
    {
        "color": 4294967295,
        "name": "Generic Point 10",
        "x": 1624.17,
        "y": 318.375,
        "z": 1785.1
    },
    {
        "color": 4294967295,
        "name": "Generic Point 11",
        "x": 1864.82,
        "y": 234.971,
        "z": 1351.11
    },
    {
        "color": 4294967295,
        "name": "Generic Point 12",
        "x": 1703.29,
        "y": 257.138,
        "z": 1629.09
    },
    {
        "color": 4294967295,
        "name": "Generic Point 13",
        "x": 1986.36,
        "y": 200.73,
        "z": 1086
    },
    {
        "color": 4294967295,
        "name": "Generic Point 14",
        "x": 1711.69,
        "y": 252.886,
        "z": 1243.03
    },
    {
        "color": 4294967295,
        "name": "Generic Point 15",
        "x": 1660.42,
        "y": 322.651,
        "z": 1541.8
    },
    {
        "color": 4294967295,
        "name": "Generic Point 16",
        "x": 1625.58,
        "y": 307.401,
        "z": 1470.34
    },
    {
        "color": 4294967295,
        "name": "Generic Point 17",
        "x": 1613.76,
        "y": 284.063,
        "z": 1554.76
    },
    {
        "color": 4294967295,
        "name": "Generic Point 18",
        "x": 1490.69,
        "y": 280.056,
        "z": 1615.71
    },
    {
        "color": 4294967295,
        "name": "Generic Point 19",
        "x": 1590.37,
        "y": 227.429,
        "z": 1671.84
    },
    {
        "color": 4294967295,
        "name": "Generic Point 2",
        "x": 2029.65,
        "y": 280.192,
        "z": 1673.73
    },
    {
        "color": 4294967295,
        "name": "Generic Point 20",
        "x": 1566.19,
        "y": 176.297,
        "z": 1792.94
    },
    {
        "color": 4294967295,
        "name": "Generic Point 21",
        "x": 1487.44,
        "y": 167.534,
        "z": 1806.95
    },
    {
        "color": 4294967295,
        "name": "Generic Point 22",
        "x": 1886.87,
        "y": 281.092,
        "z": 1566.81
    },
    {
        "color": 4294967295,
        "name": "Generic Point 23",
        "x": 1526.62,
        "y": 181.323,
        "z": 1937.21
    },
    {
        "color": 4294967295,
        "name": "Generic Point 24",
        "x": 1595.49,
        "y": 202.744,
        "z": 1909.86
    },
    {
        "color": 4294967295,
        "name": "Generic Point 25",
        "x": 1544.7,
        "y": 168.011,
        "z": 1919.46
    },
    {
        "color": 4294967295,
        "name": "Generic Point 26",
        "x": 1578.51,
        "y": 177.375,
        "z": 1874.02
    },
    {
        "color": 4294967295,
        "name": "Generic Point 27",
        "x": 2165.4,
        "y": 286.902,
        "z": 1605.81
    },
    {
        "color": 4294967295,
        "name": "Generic Point 28",
        "x": 2180.07,
        "y": 286.623,
        "z": 1525.84
    },
    {
        "color": 4294967295,
        "name": "Generic Point 29",
        "x": 2390.09,
        "y": 339.927,
        "z": 1680.02
    },
    {
        "color": 4294967295,
        "name": "Generic Point 3",
        "x": 2052.85,
        "y": 303.696,
        "z": 1764.64
    },
    {
        "color": 4294967295,
        "name": "Generic Point 30",
        "x": 2462.85,
        "y": 364.392,
        "z": 1821.62
    },
    {
        "color": 4294967295,
        "name": "Generic Point 31",
        "x": 2559.87,
        "y": 373.759,
        "z": 1744.44
    },
    {
        "color": 4294967295,
        "name": "Generic Point 32",
        "x": 2477.84,
        "y": 329.016,
        "z": 1868.21
    },
    {
        "color": 4294967295,
        "name": "Generic Point 33",
        "x": 2303.11,
        "y": 384.635,
        "z": 2108.56
    },
    {
        "color": 4294967295,
        "name": "Generic Point 34",
        "x": 2270.56,
        "y": 355.117,
        "z": 1890.31
    },
    {
        "color": 4294967295,
        "name": "Generic Point 35",
        "x": 2248.28,
        "y": 366.507,
        "z": 1843.35
    },
    {
        "color": 4294967295,
        "name": "Generic Point 36",
        "x": 2283.04,
        "y": 320.62,
        "z": 1689.89
    },
    {
        "color": 4294967295,
        "name": "Generic Point 37",
        "x": 2297.23,
        "y": 297.245,
        "z": 1589.79
    },
    {
        "color": 4294967295,
        "name": "Generic Point 38",
        "x": 2431.23,
        "y": 324.233,
        "z": 1450.27
    },
    {
        "color": 4294967295,
        "name": "Generic Point 39",
        "x": 2127.76,
        "y": 376.93,
        "z": 1898.09
    },
    {
        "color": 4294967295,
        "name": "Generic Point 4",
        "x": 1787.3,
        "y": 317.708,
        "z": 1671.21
    },
    {
        "color": 4294967295,
        "name": "Generic Point 40",
        "x": 2204.05,
        "y": 381.122,
        "z": 1920.74
    },
    {
        "color": 4294967295,
        "name": "Generic Point 41",
        "x": 2120.81,
        "y": 460.458,
        "z": 2212.77
    },
    {
        "color": 4294967295,
        "name": "Generic Point 42",
        "x": 2247.97,
        "y": 395.543,
        "z": 2154.99
    },
    {
        "color": 4294967295,
        "name": "Generic Point 43",
        "x": 1931.15,
        "y": 284.333,
        "z": 1938.03
    },
    {
        "color": 4294967295,
        "name": "Generic Point 44",
        "x": 2064.74,
        "y": 345.884,
        "z": 1887.15
    },
    {
        "color": 4294967295,
        "name": "Generic Point 45",
        "x": 2016.23,
        "y": 556.865,
        "z": 2212.82
    },
    {
        "color": 4294967295,
        "name": "Generic Point 46",
        "x": 2136.91,
        "y": 387.828,
        "z": 2177.86
    },
    {
        "color": 4294967295,
        "name": "Generic Point 47",
        "x": 2194.84,
        "y": 375.489,
        "z": 2093.76
    },
    {
        "color": 4294967295,
        "name": "Generic Point 48",
        "x": 2225.71,
        "y": 347.059,
        "z": 2107.07
    },
    {
        "color": 4294967295,
        "name": "Generic Point 49",
        "x": 2230.32,
        "y": 282.965,
        "z": 2297.39
    },
    {
        "color": 4294967295,
        "name": "Generic Point 5",
        "x": 1785.12,
        "y": 281.566,
        "z": 1839.24
    },
    {
        "color": 4294967295,
        "name": "Generic Point 50",
        "x": 1908.34,
        "y": 281.167,
        "z": 2230.32
    },
    {
        "color": 4294967295,
        "name": "Generic Point 51",
        "x": 1776.18,
        "y": 334.061,
        "z": 2181
    },
    {
        "color": 4294967295,
        "name": "Generic Point 52",
        "x": 2407.21,
        "y": 376.152,
        "z": 1968.24
    },
    {
        "color": 4294967295,
        "name": "Generic Point 53",
        "x": 2428.55,
        "y": 394.727,
        "z": 1959.96
    },
    {
        "color": 4294967295,
        "name": "Generic Point 54",
        "x": 2403.4,
        "y": 408.404,
        "z": 2003.47
    },
    {
        "color": 4294967295,
        "name": "Generic Point 55",
        "x": 1937.55,
        "y": 291.836,
        "z": 2142.59
    },
    {
        "color": 4294967295,
        "name": "Generic Point 56",
        "x": 2345.41,
        "y": 310.054,
        "z": 2144.5
    },
    {
        "color": 4294967295,
        "name": "Generic Point 57",
        "x": 2338.18,
        "y": 282.024,
        "z": 2080.11
    },
    {
        "color": 4294967295,
        "name": "Generic Point 58",
        "x": 2626.41,
        "y": 340.183,
        "z": 2252.93
    },
    {
        "color": 4294967295,
        "name": "Generic Point 59",
        "x": 2724.98,
        "y": 340.145,
        "z": 2201.17
    },
    {
        "color": 4294967295,
        "name": "Generic Point 6",
        "x": 1830.41,
        "y": 280.289,
        "z": 1919.37
    },
    {
        "color": 4294967295,
        "name": "Generic Point 60",
        "x": 2368.95,
        "y": 381.746,
        "z": 2365.33
    },
    {
        "color": 4294967295,
        "name": "Generic Point 61",
        "x": 2402.19,
        "y": 278.776,
        "z": 2247.91
    },
    {
        "color": 4294967295,
        "name": "Generic Point 62",
        "x": 2488.55,
        "y": 346.132,
        "z": 2451.27
    },
    {
        "color": 4294967295,
        "name": "Generic Point 63",
        "x": 2076.4,
        "y": 386.971,
        "z": 2612.22
    },
    {
        "color": 4294967295,
        "name": "Generic Point 64",
        "x": 2066.13,
        "y": 390.771,
        "z": 2596.6
    },
    {
        "color": 4294967295,
        "name": "Generic Point 65",
        "x": 2132.2,
        "y": 395.26,
        "z": 2594.06
    },
    {
        "color": 4294967295,
        "name": "Generic Point 66",
        "x": 2044.8,
        "y": 286.974,
        "z": 1477.76
    },
    {
        "color": 4294967295,
        "name": "Generic Point 67",
        "x": 2085.93,
        "y": 386.734,
        "z": 2584.93
    },
    {
        "color": 4294967295,
        "name": "Generic Point 68",
        "x": 2123.02,
        "y": 412.488,
        "z": 2643.61
    },
    {
        "color": 4294967295,
        "name": "Generic Point 69",
        "x": 2351.56,
        "y": 361.917,
        "z": 2795.02
    },
    {
        "color": 4294967295,
        "name": "Generic Point 7",
        "x": 1861.98,
        "y": 314.16,
        "z": 1655.76
    },
    {
        "color": 4294967295,
        "name": "Generic Point 70",
        "x": 2220.67,
        "y": 375.607,
        "z": 2764.3
    },
    {
        "color": 4294967295,
        "name": "Generic Point 71",
        "x": 2249.15,
        "y": 280.077,
        "z": 2892.33
    },
    {
        "color": 4294967295,
        "name": "Generic Point 72",
        "x": 2318.03,
        "y": 492.873,
        "z": 2537.01
    },
    {
        "color": 4294967295,
        "name": "Generic Point 73",
        "x": 2419.11,
        "y": 362.676,
        "z": 2485.99
    },
    {
        "color": 4294967295,
        "name": "Generic Point 74",
        "x": 2322.01,
        "y": 396.004,
        "z": 2457.71
    },
    {
        "color": 4294967295,
        "name": "Generic Point 75",
        "x": 2015.05,
        "y": 407.791,
        "z": 2610.26
    },
    {
        "color": 4294967295,
        "name": "Generic Point 76",
        "x": 2068.09,
        "y": 327.676,
        "z": 2747.69
    },
    {
        "color": 4294967295,
        "name": "Generic Point 77",
        "x": 2014.29,
        "y": 284.459,
        "z": 1499.16
    },
    {
        "color": 4294967295,
        "name": "Generic Point 78",
        "x": 1987.41,
        "y": 334.485,
        "z": 2782.82
    },
    {
        "color": 4294967295,
        "name": "Generic Point 79",
        "x": 1773.39,
        "y": 284.193,
        "z": 2608.99
    },
    {
        "color": 4294967295,
        "name": "Generic Point 8",
        "x": 1739.02,
        "y": 286.837,
        "z": 1533.53
    },
    {
        "color": 4294967295,
        "name": "Generic Point 80",
        "x": 1952.54,
        "y": 385.142,
        "z": 2731.15
    },
    {
        "color": 4294967295,
        "name": "Generic Point 81",
        "x": 1619.84,
        "y": 312.128,
        "z": 2700.43
    },
    {
        "color": 4294967295,
        "name": "Generic Point 82",
        "x": 1580.11,
        "y": 322.314,
        "z": 2695.42
    },
    {
        "color": 4294967295,
        "name": "Generic Point 83",
        "x": 1698.5,
        "y": 377.456,
        "z": 2723.83
    },
    {
        "color": 4294967295,
        "name": "Generic Point 84",
        "x": 1516.74,
        "y": 279.254,
        "z": 2667.09
    },
    {
        "color": 4294967295,
        "name": "Generic Point 85",
        "x": 1545.67,
        "y": 491.603,
        "z": 2812.2
    },
    {
        "color": 4294967295,
        "name": "Generic Point 86",
        "x": 1502.85,
        "y": 333.766,
        "z": 2837.64
    },
    {
        "color": 4294967295,
        "name": "Generic Point 87",
        "x": 1364.74,
        "y": 286.501,
        "z": 2572.63
    },
    {
        "color": 4294967295,
        "name": "Generic Point 88",
        "x": 1994.35,
        "y": 286.647,
        "z": 1558.2
    },
    {
        "color": 4294967295,
        "name": "Generic Point 9",
        "x": 1596.62,
        "y": 329.07,
        "z": 1842.34
    }
]