[
    {
        "color": 4294967295,
        "name": "Generic Point 0",
        "x": 1229.63,
        "y": 314.979,
        "z": 4292.94
    },
    {
        "color": 4294967295,
        "name": "Generic Point 1",
        "x": 1190.72,
        "y": 275.392,
        "z": 4225.31
    },
    {
        "color": 4294967295,
        "name": "Generic Point 2",
        "x": 1218.51,
        "y": 281.703,
        "z": 4120.27
    },
    {
        "color": 4294967295,
        "name": "Generic Point 3",
        "x": 1340.29,
        "y": 281.016,
        "z": 4215.48
    },
    {
        "color": 4294967295,
        "name": "Generic Point 4",
        "x": 1648.43,
        "y": 692.734,
        "z": 4629.9
    },
    {
        "color": 4294967295,
        "name": "Generic Point 5",
        "x": 1645.34,
        "y": 585.357,
        "z": 4643.94
    },
    {
        "color": 4294967295,
        "name": "Generic Point 6",
        "x": 1744.33,
        "y": 570.814,
        "z": 4567.7
    }
]