[
    {
        "color": 4294967295,
        "name": "Generic Point 0",
        "x": 328.32989501953125,
        "y": 362.53790283203125,
        "z": 2536.991455078125
    },
    {
        "color": 4294967295,
        "name": "Generic Point 1",
        "x": 308.87432861328125,
        "y": 421.6615905761719,
        "z": 2457.084228515625
    },
    {
        "color": 4294967295,
        "name": "Generic Point 10",
        "x": -621.9683837890625,
        "y": 159.80184936523438,
        "z": 2722.300537109375
    },
    {
        "color": 4294967295,
        "name": "Generic Point 11",
        "x": -384.3159484863281,
        "y": 201.8276824951172,
        "z": 2983.984619140625
    },
    {
        "color": 4294967295,
        "name": "Generic Point 12",
        "x": -274.3235168457031,
        "y": 192.99209594726562,
        "z": 2517.99951171875
    },
    {
        "color": 4294967295,
        "name": "Generic Point 13",
        "x": -85.11593627929688,
        "y": 161.3563232421875,
        "z": 2558.559326171875
    },
    {
        "color": 4294967295,
        "name": "Generic Point 14",
        "x": -32.47796630859375,
        "y": 279.2322998046875,
        "z": 2766.477294921875
    },
    {
        "color": 4294967295,
        "name": "Generic Point 15",
        "x": -324.2080078125,
        "y": 219.57211303710938,
        "z": 3128.54052734375
    },
    {
        "color": 4294967295,
        "name": "Generic Point 16",
        "x": -353.7297668457031,
        "y": 217.123046875,
        "z": 3365.9765625
    },
    {
        "color": 4294967295,
        "name": "Generic Point 17",
        "x": -297.0124206542969,
        "y": 251.9705810546875,
        "z": 3889.356201171875
    },
    {
        "color": 4294967295,
        "name": "Generic Point 18",
        "x": -432.3585205078125,
        "y": 127.13740539550781,
        "z": 3943.131103515625
    },
    {
        "color": 4294967295,
        "name": "Generic Point 19",
        "x": -622.80419921875,
        "y": 147.36859130859375,
        "z": 3499.830078125
    },
    {
        "color": 4294967295,
        "name": "Generic Point 2",
        "x": 308.87432861328125,
        "y": 421.6615905761719,
        "z": 2457.084228515625
    },
    {
        "color": 4294967295,
        "name": "Generic Point 20",
        "x": -535.8032836914062,
        "y": 227.23695373535156,
        "z": 3171.60302734375
    },
    {
        "color": 4294967295,
        "name": "Generic Point 21",
        "x": -466.46185302734375,
        "y": 201.3328094482422,
        "z": 3159.60400390625
    },
    {
        "color": 4294967295,
        "name": "Generic Point 22",
        "x": -767.2482299804688,
        "y": 223.75770568847656,
        "z": 3012.7265625
    },
    {
        "color": 4294967295,
        "name": "Generic Point 23",
        "x": -728.8030395507812,
        "y": 223.23268127441406,
        "z": 3000.9599609375
    },
    {
        "color": 4294967295,
        "name": "Generic Point 24",
        "x": -757.1670532226562,
        "y": 205.9281005859375,
        "z": 2879.45068359375
    },
    {
        "color": 4294967295,
        "name": "Generic Point 25",
        "x": -881.6661376953125,
        "y": 304.8482360839844,
        "z": 3134.770263671875
    },
    {
        "color": 4294967295,
        "name": "Generic Point 26",
        "x": -725.93408203125,
        "y": 250.65798950195312,
        "z": 3198.6962890625
    },
    {
        "color": 4294967295,
        "name": "Generic Point 27",
        "x": -800.0845336914062,
        "y": 12.809808731079102,
        "z": 3190.39208984375
    },
    {
        "color": 4294967295,
        "name": "Generic Point 28",
        "x": -906.8217163085938,
        "y": 198.5777130126953,
        "z": 3607.06396484375
    },
    {
        "color": 4294967295,
        "name": "Generic Point 29",
        "x": -982.4286499023438,
        "y": 241.5900421142578,
        "z": 3456.504638671875
    },
    {
        "color": 4294967295,
        "name": "Generic Point 3",
        "x": 376.653564453125,
        "y": 253.40428161621094,
        "z": 2317.613525390625
    },
    {
        "color": 4294967295,
        "name": "Generic Point 30",
        "x": -900.2894287109375,
        "y": 266.6624755859375,
        "z": 3428.957763671875
    },
    {
        "color": 4294967295,
        "name": "Generic Point 31",
        "x": -1006.8421020507812,
        "y": 292.2792053222656,
        "z": 3808.782470703125
    },
    {
        "color": 4294967295,
        "name": "Generic Point 32",
        "x": -1037.1083984375,
        "y": 171.9961395263672,
        "z": 3751.104248046875
    },
    {
        "color": 4294967295,
        "name": "Generic Point 33",
        "x": -1322.681640625,
        "y": 300.02532958984375,
        "z": 3871.6396484375
    },
    {
        "color": 4294967295,
        "name": "Generic Point 34",
        "x": -1187.6561279296875,
        "y": 236.94754028320312,
        "z": 3694.1123046875
    },
    {
        "color": 4294967295,
        "name": "Generic Point 35",
        "x": -1503.2225341796875,
        "y": 246.6968231201172,
        "z": 3682.826416015625
    },
    {
        "color": 4294967295,
        "name": "Generic Point 36",
        "x": -1281.5123291015625,
        "y": 284.0397644042969,
        "z": 3562.359619140625
    },
    {
        "color": 4294967295,
        "name": "Generic Point 37",
        "x": -1151.7591552734375,
        "y": 236.33804321289062,
        "z": 3494.134521484375
    },
    {
        "color": 4294967295,
        "name": "Generic Point 38",
        "x": -1170.7623291015625,
        "y": 268.10601806640625,
        "z": 3337.2119140625
    },
    {
        "color": 4294967295,
        "name": "Generic Point 39",
        "x": -1093.6260986328125,
        "y": 265.2667236328125,
        "z": 3317.267822265625
    },
    {
        "color": 4294967295,
        "name": "Generic Point 4",
        "x": -249.42819213867188,
        "y": 300.3425598144531,
        "z": 2123.90771484375
    },
    {
        "color": 4294967295,
        "name": "Generic Point 40",
        "x": -948.3590087890625,
        "y": 412.2227783203125,
        "z": 3186.236572265625
    },
    {
        "color": 4294967295,
        "name": "Generic Point 41",
        "x": -971.1588134765625,
        "y": 398.514892578125,
        "z": 3183.707763671875
    },
    {
        "color": 4294967295,
        "name": "Generic Point 42",
        "x": -1009.0558471679688,
        "y": 336.3598327636719,
        "z": 3126.95556640625
    },
    {
        "color": 4294967295,
        "name": "Generic Point 43",
        "x": -1041.22216796875,
        "y": 277.43109130859375,
        "z": 2994.09375
    },
    {
        "color": 4294967295,
        "name": "Generic Point 44",
        "x": -1122.220458984375,
        "y": 291.43865966796875,
        "z": 3046.2041015625
    },
    {
        "color": 4294967295,
        "name": "Generic Point 45",
        "x": -1382.117919921875,
        "y": 202.109130859375,
        "z": 3298.228271484375
    },
    {
        "color": 4294967295,
        "name": "Generic Point 46",
        "x": -1337.488037109375,
        "y": 192.46072387695312,
        "z": 3331.438720703125
    },
    {
        "color": 4294967295,
        "name": "Generic Point 47",
        "x": -1339.83837890625,
        "y": 198.49639892578125,
        "z": 3206.388916015625
    },
    {
        "color": 4294967295,
        "name": "Generic Point 48",
        "x": -1470.004638671875,
        "y": 205.75367736816406,
        "z": 3480.322509765625
    },
    {
        "color": 4294967295,
        "name": "Generic Point 49",
        "x": -1796.2259521484375,
        "y": 379.1874694824219,
        "z": 3736.252685546875
    },
    {
        "color": 4294967295,
        "name": "Generic Point 5",
        "x": -202.27444458007812,
        "y": 336.2364501953125,
        "z": 2082.738525390625
    },
    {
        "color": 4294967295,
        "name": "Generic Point 50",
        "x": -1913.4190673828125,
        "y": 367.0973205566406,
        "z": 3504.02490234375
    },
    {
        "color": 4294967295,
        "name": "Generic Point 51",
        "x": -1900.873779296875,
        "y": 364.2930603027344,
        "z": 3494.395263671875
    },
    {
        "color": 4294967295,
        "name": "Generic Point 52",
        "x": -1804.750244140625,
        "y": 157.8758544921875,
        "z": 3385.560302734375
    },
    {
        "color": 4294967295,
        "name": "Generic Point 53",
        "x": -1714.709716796875,
        "y": 224.8965606689453,
        "z": 3146.862060546875
    },
    {
        "color": 4294967295,
        "name": "Generic Point 54",
        "x": -1694.137451171875,
        "y": 182.19180297851562,
        "z": 3101.365966796875
    },
    {
        "color": 4294967295,
        "name": "Generic Point 55",
        "x": -1835.82958984375,
        "y": 135.968994140625,
        "z": 3056.591552734375
    },
    {
        "color": 4294967295,
        "name": "Generic Point 56",
        "x": -1858.060302734375,
        "y": 256.0069885253906,
        "z": 2909.449951171875
    },
    {
        "color": 4294967295,
        "name": "Generic Point 57",
        "x": -1948.997802734375,
        "y": 207.68035888671875,
        "z": 2948.116455078125
    },
    {
        "color": 4294967295,
        "name": "Generic Point 58",
        "x": -1926.428955078125,
        "y": 339.0315856933594,
        "z": 2603.53271484375
    },
    {
        "color": 4294967295,
        "name": "Generic Point 59",
        "x": -1996.33544921875,
        "y": 240.47569274902344,
        "z": 2720.9658203125
    },
    {
        "color": 4294967295,
        "name": "Generic Point 6",
        "x": 45.50933837890625,
        "y": 459.1605224609375,
        "z": 2055.61181640625
    },
    {
        "color": 4294967295,
        "name": "Generic Point 60",
        "x": -1661.4276123046875,
        "y": 332.9252624511719,
        "z": 2348.09912109375
    },
    {
        "color": 4294967295,
        "name": "Generic Point 61",
        "x": -1724.000244140625,
        "y": 325.7339782714844,
        "z": 2341.202880859375
    },
    {
        "color": 4294967295,
        "name": "Generic Point 62",
        "x": -1786.96435546875,
        "y": 302.09967041015625,
        "z": 2351.261962890625
    },
    {
        "color": 4294967295,
        "name": "Generic Point 63",
        "x": -1475.4171142578125,
        "y": 354.9014892578125,
        "z": 2113.8251953125
    },
    {
        "color": 4294967295,
        "name": "Generic Point 64",
        "x": -1577.007080078125,
        "y": 200.77993774414062,
        "z": 2531.4931640625
    },
    {
        "color": 4294967295,
        "name": "Generic Point 65",
        "x": -1464.9178466796875,
        "y": 267.7251281738281,
        "z": 2872.316162109375
    },
    {
        "color": 4294967295,
        "name": "Generic Point 66",
        "x": -1521.779052734375,
        "y": 242.3715362548828,
        "z": 2842.103271484375
    },
    {
        "color": 4294967295,
        "name": "Generic Point 67",
        "x": -1503.2056884765625,
        "y": 201.1602325439453,
        "z": 2730.716796875
    },
    {
        "color": 4294967295,
        "name": "Generic Point 68",
        "x": -1279.441650390625,
        "y": 275.5616149902344,
        "z": 2604.6865234375
    },
    {
        "color": 4294967295,
        "name": "Generic Point 69",
        "x": -1197.778076171875,
        "y": 298.6333312988281,
        "z": 2529.743896484375
    },
    {
        "color": 4294967295,
        "name": "Generic Point 7",
        "x": 160.48812866210938,
        "y": 427.395263671875,
        "z": 2133.555908203125
    },
    {
        "color": 4294967295,
        "name": "Generic Point 70",
        "x": -983.7521362304688,
        "y": 201.9868621826172,
        "z": 2708.076171875
    },
    {
        "color": 4294967295,
        "name": "Generic Point 71",
        "x": -1015.7733764648438,
        "y": 243.17161560058594,
        "z": 2517.9765625
    },
    {
        "color": 4294967295,
        "name": "Generic Point 72",
        "x": -997.573974609375,
        "y": 261.8290710449219,
        "z": 2335.443603515625
    },
    {
        "color": 4294967295,
        "name": "Generic Point 73",
        "x": -1197.6519775390625,
        "y": 139.6924285888672,
        "z": 2286.5625
    },
    {
        "color": 4294967295,
        "name": "Generic Point 74",
        "x": -1129.493896484375,
        "y": 258.8621826171875,
        "z": 2231.743896484375
    },
    {
        "color": 4294967295,
        "name": "Generic Point 75",
        "x": -1090.554443359375,
        "y": 275.2232360839844,
        "z": 2152.958740234375
    },
    {
        "color": 4294967295,
        "name": "Generic Point 76",
        "x": -580.5385131835938,
        "y": 108.7086410522461,
        "z": 2222.736083984375
    },
    {
        "color": 4294967295,
        "name": "Generic Point 8",
        "x": -564.8153076171875,
        "y": 133.0857696533203,
        "z": 2269.009033203125
    },
    {
        "color": 4294967295,
        "name": "Generic Point 9",
        "x": -582.7532958984375,
        "y": 105.90750885009766,
        "z": 2341.5703125
    }
]