[
    {
        "color": 4294967295,
        "name": "Generic Point 0",
        "x": 1295.23828125,
        "y": 380.8829040527344,
        "z": -954.546142578125
    },
    {
        "color": 4294967295,
        "name": "Generic Point 1",
        "x": 1366.88525390625,
        "y": 270.0638427734375,
        "z": -1129.7685546875
    },
    {
        "color": 4294967295,
        "name": "Generic Point 10",
        "x": 1100.722412109375,
        "y": 539.015869140625,
        "z": -805.7381591796875
    },
    {
        "color": 4294967295,
        "name": "Generic Point 11",
        "x": 884.6915283203125,
        "y": 344.0661315917969,
        "z": -1097.559814453125
    },
    {
        "color": 4294967295,
        "name": "Generic Point 12",
        "x": 699.4833374023438,
        "y": 203.48153686523438,
        "z": -1061.6680908203125
    },
    {
        "color": 4294967295,
        "name": "Generic Point 13",
        "x": 1123.6639404296875,
        "y": 409.49395751953125,
        "z": -1010.42822265625
    },
    {
        "color": 4294967295,
        "name": "Generic Point 14",
        "x": 980.147216796875,
        "y": 200.97523498535156,
        "z": -1312.5382080078125
    },
    {
        "color": 4294967295,
        "name": "Generic Point 15",
        "x": 1485.52978515625,
        "y": 268.6834411621094,
        "z": -728.5515747070312
    },
    {
        "color": 4294967295,
        "name": "Generic Point 16",
        "x": 1286.1749267578125,
        "y": 282.5770263671875,
        "z": -441.2130126953125
    },
    {
        "color": 4294967295,
        "name": "Generic Point 17",
        "x": 1241.1810302734375,
        "y": 286.15936279296875,
        "z": -547.3546752929688
    },
    {
        "color": 4294967295,
        "name": "Generic Point 18",
        "x": 1016.7974853515625,
        "y": 311.3427734375,
        "z": -466.8749084472656
    },
    {
        "color": 4294967295,
        "name": "Generic Point 19",
        "x": 833.4469604492188,
        "y": 376.91015625,
        "z": -575.8031005859375
    },
    {
        "color": 4294967295,
        "name": "Generic Point 2",
        "x": 962.96728515625,
        "y": 396.14508056640625,
        "z": -703.2199096679688
    },
    {
        "color": 4294967295,
        "name": "Generic Point 20",
        "x": 932.470947265625,
        "y": 284.5367736816406,
        "z": -361.6899719238281
    },
    {
        "color": 4294967295,
        "name": "Generic Point 21",
        "x": 1208.1170654296875,
        "y": 325.4488220214844,
        "z": -1044.9425048828125
    },
    {
        "color": 4294967295,
        "name": "Generic Point 3",
        "x": 864.6307983398438,
        "y": 338.63427734375,
        "z": -647.3117065429688
    },
    {
        "color": 4294967295,
        "name": "Generic Point 4",
        "x": 939.9369506835938,
        "y": 339.589111328125,
        "z": -845.4423217773438
    },
    {
        "color": 4294967295,
        "name": "Generic Point 5",
        "x": 952.06787109375,
        "y": 340.11260986328125,
        "z": -974.077392578125
    },
    {
        "color": 4294967295,
        "name": "Generic Point 6",
        "x": 978.7100219726562,
        "y": 313.6735534667969,
        "z": -893.962158203125
    },
    {
        "color": 4294967295,
        "name": "Generic Point 7",
        "x": 811.9249877929688,
        "y": 301.2281494140625,
        "z": -947.2916259765625
    },
    {
        "color": 4294967295,
        "name": "Generic Point 8",
        "x": 1012.5174560546875,
        "y": 407.7275695800781,
        "z": -1005.7881469726562
    },
    {
        "color": 4294967295,
        "name": "Generic Point 9",
        "x": 908.7776489257812,
        "y": 422.17352294921875,
        "z": -803.5706787109375
    }
]