[
    {
        "color": 4294967295,
        "name": "Generic Point 0",
        "x": -1375.9156494141,
        "y": 151.80131530762,
        "z": 7649.5766601563
    },
    {
        "color": 4294967295,
        "name": "Generic Point 1",
        "x": -1558.708984375,
        "y": 197.0458984375,
        "z": 7520.9921875
    },
    {
        "color": 4294967295,
        "name": "Generic Point 10",
        "x": -1505.7514648438,
        "y": 57.909770965576,
        "z": 8099.9711914063
    },
    {
        "color": 4294967295,
        "name": "Generic Point 100",
        "x": -1503.5928955078,
        "y": 71.185218811035,
        "z": 8450.212890625
    },
    {
        "color": 4294967295,
        "name": "Generic Point 101",
        "x": -1600.3900146484,
        "y": 122.15838623047,
        "z": 8006.3276367188
    },
    {
        "color": 4294967295,
        "name": "Generic Point 102",
        "x": -1802.2758789063,
        "y": -42.646999359131,
        "z": 8088.3828125
    },
    {
        "color": 4294967295,
        "name": "Generic Point 103",
        "x": -1459.8625488281,
        "y": 40.278621673584,
        "z": 8560.287109375
    },
    {
        "color": 4294967295,
        "name": "Generic Point 104",
        "x": -1883.5018310547,
        "y": -150.7565612793,
        "z": 7797.6713867188
    },
    {
        "color": 4294967295,
        "name": "Generic Point 11",
        "x": -1299.0961914063,
        "y": 172.80099487305,
        "z": 8790.345703125
    },
    {
        "color": 4294967295,
        "name": "Generic Point 12",
        "x": -1257.2263183594,
        "y": 192.72859191895,
        "z": 8895.9072265625
    },
    {
        "color": 4294967295,
        "name": "Generic Point 13",
        "x": -1472.0334472656,
        "y": 150.89784240723,
        "z": 8820.537109375
    },
    {
        "color": 4294967295,
        "name": "Generic Point 14",
        "x": -1477.6843261719,
        "y": 151.60028076172,
        "z": 8815.048828125
    },
    {
        "color": 4294967295,
        "name": "Generic Point 15",
        "x": -1522.4467773438,
        "y": 186.31034851074,
        "z": 8847.259765625
    },
    {
        "color": 4294967295,
        "name": "Generic Point 16",
        "x": -1611.0230712891,
        "y": 152.69071960449,
        "z": 9021.0888671875
    },
    {
        "color": 4294967295,
        "name": "Generic Point 17",
        "x": -1386.2602539063,
        "y": 178.51161193848,
        "z": 7681.0375976563
    },
    {
        "color": 4294967295,
        "name": "Generic Point 18",
        "x": -1880.9819335938,
        "y": 55.034507751465,
        "z": 9116.6142578125
    },
    {
        "color": 4294967295,
        "name": "Generic Point 19",
        "x": -2021.5260009766,
        "y": 2.6101608276367,
        "z": 8992.474609375
    },
    {
        "color": 4294967295,
        "name": "Generic Point 2",
        "x": -1959.130859375,
        "y": -136.28558349609,
        "z": 7760.7602539063
    },
    {
        "color": 4294967295,
        "name": "Generic Point 20",
        "x": -1943.8588867188,
        "y": 53.684631347656,
        "z": 8986.5693359375
    },
    {
        "color": 4294967295,
        "name": "Generic Point 21",
        "x": -1922.7116699219,
        "y": 58.964511871338,
        "z": 8992.2841796875
    },
    {
        "color": 4294967295,
        "name": "Generic Point 22",
        "x": -1946.9821777344,
        "y": 9.2777509689331,
        "z": 8907.21484375
    },
    {
        "color": 4294967295,
        "name": "Generic Point 23",
        "x": -1877.8585205078,
        "y": 7.5510091781616,
        "z": 8898.625
    },
    {
        "color": 4294967295,
        "name": "Generic Point 24",
        "x": -1865.5739746094,
        "y": 24.613868713379,
        "z": 8888.923828125
    },
    {
        "color": 4294967295,
        "name": "Generic Point 25",
        "x": -1775.6232910156,
        "y": 69.667343139648,
        "z": 8887.7958984375
    },
    {
        "color": 4294967295,
        "name": "Generic Point 26",
        "x": -1695.4611816406,
        "y": 122.35578155518,
        "z": 8799.1953125
    },
    {
        "color": 4294967295,
        "name": "Generic Point 27",
        "x": -1639.6376953125,
        "y": 126.58036804199,
        "z": 8674.9453125
    },
    {
        "color": 4294967295,
        "name": "Generic Point 28",
        "x": -1451.3082275391,
        "y": 276.33834838867,
        "z": 7744.8198242188
    },
    {
        "color": 4294967295,
        "name": "Generic Point 29",
        "x": -1464.8225097656,
        "y": 40.395847320557,
        "z": 8543.7822265625
    },
    {
        "color": 4294967295,
        "name": "Generic Point 3",
        "x": -2782.7856445313,
        "y": 201.79528808594,
        "z": 8271.33203125
    },
    {
        "color": 4294967295,
        "name": "Generic Point 30",
        "x": -1390.6237792969,
        "y": 51.873226165771,
        "z": 8441.193359375
    },
    {
        "color": 4294967295,
        "name": "Generic Point 31",
        "x": -1455.6502685547,
        "y": 82.545806884766,
        "z": 8416.0078125
    },
    {
        "color": 4294967295,
        "name": "Generic Point 32",
        "x": -1457.6126708984,
        "y": 68.499641418457,
        "z": 8279.1689453125
    },
    {
        "color": 4294967295,
        "name": "Generic Point 33",
        "x": -1522.3635253906,
        "y": 58.528625488281,
        "z": 8229.8603515625
    },
    {
        "color": 4294967295,
        "name": "Generic Point 34",
        "x": -1386.8377685547,
        "y": 62.046054840088,
        "z": 8627.0888671875
    },
    {
        "color": 4294967295,
        "name": "Generic Point 35",
        "x": -1783.0554199219,
        "y": -6.5990996360779,
        "z": 8657.4736328125
    },
    {
        "color": 4294967295,
        "name": "Generic Point 36",
        "x": -1593.359375,
        "y": 34.273788452148,
        "z": 8649.98828125
    },
    {
        "color": 4294967295,
        "name": "Generic Point 37",
        "x": -1542.6436767578,
        "y": 11.810252189636,
        "z": 8719.7802734375
    },
    {
        "color": 4294967295,
        "name": "Generic Point 38",
        "x": -1546.9744873047,
        "y": 130.48811340332,
        "z": 8665.9140625
    },
    {
        "color": 4294967295,
        "name": "Generic Point 39",
        "x": -1568.2847900391,
        "y": 103.97760772705,
        "z": 7964.3920898438
    },
    {
        "color": 4294967295,
        "name": "Generic Point 4",
        "x": -2257.7563476563,
        "y": 42.16849899292,
        "z": 8854.328125
    },
    {
        "color": 4294967295,
        "name": "Generic Point 40",
        "x": -1697.4001464844,
        "y": 90.801574707031,
        "z": 9007.9873046875
    },
    {
        "color": 4294967295,
        "name": "Generic Point 41",
        "x": -1774.1638183594,
        "y": 39.983047485352,
        "z": 9010.9609375
    },
    {
        "color": 4294967295,
        "name": "Generic Point 42",
        "x": -2108.5385742188,
        "y": 101.14087677002,
        "z": 8761.083984375
    },
    {
        "color": 4294967295,
        "name": "Generic Point 43",
        "x": -1983.7165527344,
        "y": 118.46667480469,
        "z": 8746.7734375
    },
    {
        "color": 4294967295,
        "name": "Generic Point 44",
        "x": -2447.2082519531,
        "y": 223.50523376465,
        "z": 9113.9765625
    },
    {
        "color": 4294967295,
        "name": "Generic Point 45",
        "x": -2512.5810546875,
        "y": 204.00396728516,
        "z": 9091.8427734375
    },
    {
        "color": 4294967295,
        "name": "Generic Point 46",
        "x": -2480.146484375,
        "y": 221.03031921387,
        "z": 8883.78515625
    },
    {
        "color": 4294967295,
        "name": "Generic Point 47",
        "x": -2357.1989746094,
        "y": 208.85552978516,
        "z": 8687.4150390625
    },
    {
        "color": 4294967295,
        "name": "Generic Point 48",
        "x": -2526.8005371094,
        "y": 223.19966125488,
        "z": 8414.6171875
    },
    {
        "color": 4294967295,
        "name": "Generic Point 49",
        "x": -2584.4638671875,
        "y": 213.94323730469,
        "z": 8543.232421875
    },
    {
        "color": 4294967295,
        "name": "Generic Point 5",
        "x": -2182.6081542969,
        "y": 89.469673156738,
        "z": 8890.306640625
    },
    {
        "color": 4294967295,
        "name": "Generic Point 50",
        "x": -1479.2731933594,
        "y": 131.38764953613,
        "z": 7907.2114257813
    },
    {
        "color": 4294967295,
        "name": "Generic Point 51",
        "x": -2559.9548339844,
        "y": 206.96255493164,
        "z": 8684.572265625
    },
    {
        "color": 4294967295,
        "name": "Generic Point 52",
        "x": -2537.6516113281,
        "y": 207.59934997559,
        "z": 8692.501953125
    },
    {
        "color": 4294967295,
        "name": "Generic Point 53",
        "x": -2654.5280761719,
        "y": 212.80499267578,
        "z": 8785.673828125
    },
    {
        "color": 4294967295,
        "name": "Generic Point 54",
        "x": -2886.720703125,
        "y": 201.99221801758,
        "z": 8728.0478515625
    },
    {
        "color": 4294967295,
        "name": "Generic Point 55",
        "x": -2806.5893554688,
        "y": 422.05340576172,
        "z": 8356.3515625
    },
    {
        "color": 4294967295,
        "name": "Generic Point 56",
        "x": -2703.6354980469,
        "y": 195.20843505859,
        "z": 8553.3544921875
    },
    {
        "color": 4294967295,
        "name": "Generic Point 57",
        "x": -2803.2368164063,
        "y": 96.765419006348,
        "z": 8534.064453125
    },
    {
        "color": 4294967295,
        "name": "Generic Point 58",
        "x": -2715.5578613281,
        "y": 41.308876037598,
        "z": 8556.1005859375
    },
    {
        "color": 4294967295,
        "name": "Generic Point 59",
        "x": -2722.5219726563,
        "y": 36.098419189453,
        "z": 8633.3671875
    },
    {
        "color": 4294967295,
        "name": "Generic Point 6",
        "x": -2065.7250976563,
        "y": 104.26027679443,
        "z": 7688.1049804688
    },
    {
        "color": 4294967295,
        "name": "Generic Point 60",
        "x": -2791.5927734375,
        "y": 16.964527130127,
        "z": 8687.53515625
    },
    {
        "color": 4294967295,
        "name": "Generic Point 61",
        "x": -1492.8243408203,
        "y": 101.91806030273,
        "z": 7931.0244140625
    },
    {
        "color": 4294967295,
        "name": "Generic Point 62",
        "x": -2795.4067382813,
        "y": 19.406555175781,
        "z": 8614.9755859375
    },
    {
        "color": 4294967295,
        "name": "Generic Point 63",
        "x": -2965.4719238281,
        "y": 223.75492858887,
        "z": 8301.849609375
    },
    {
        "color": 4294967295,
        "name": "Generic Point 64",
        "x": -2851.2805175781,
        "y": 201.75778198242,
        "z": 7765.111328125
    },
    {
        "color": 4294967295,
        "name": "Generic Point 65",
        "x": -2494.1040039063,
        "y": 206.0071105957,
        "z": 8295.01953125
    },
    {
        "color": 4294967295,
        "name": "Generic Point 66",
        "x": -2419.3815917969,
        "y": 348.64260864258,
        "z": 8295.482421875
    },
    {
        "color": 4294967295,
        "name": "Generic Point 67",
        "x": -2359.5634765625,
        "y": 289.53207397461,
        "z": 8433.2490234375
    },
    {
        "color": 4294967295,
        "name": "Generic Point 68",
        "x": -2354.6000976563,
        "y": 283.82711791992,
        "z": 8348.0380859375
    },
    {
        "color": 4294967295,
        "name": "Generic Point 69",
        "x": -2396.1171875,
        "y": 308.54266357422,
        "z": 8523.4140625
    },
    {
        "color": 4294967295,
        "name": "Generic Point 7",
        "x": -2167.3354492188,
        "y": 105.53100585938,
        "z": 7496.7055664063
    },
    {
        "color": 4294967295,
        "name": "Generic Point 70",
        "x": -2354.6704101563,
        "y": 300.57092285156,
        "z": 8520.4013671875
    },
    {
        "color": 4294967295,
        "name": "Generic Point 71",
        "x": -2345.4943847656,
        "y": 251.72808837891,
        "z": 8556.8681640625
    },
    {
        "color": 4294967295,
        "name": "Generic Point 72",
        "x": -1591.0158691406,
        "y": 120.74031066895,
        "z": 8015.5966796875
    },
    {
        "color": 4294967295,
        "name": "Generic Point 73",
        "x": -2251.302734375,
        "y": 351.77917480469,
        "z": 8298.607421875
    },
    {
        "color": 4294967295,
        "name": "Generic Point 74",
        "x": -2447.95703125,
        "y": 202.09162902832,
        "z": 7871.7934570313
    },
    {
        "color": 4294967295,
        "name": "Generic Point 75",
        "x": -2373.8762207031,
        "y": 108.4161529541,
        "z": 7911.6313476563
    },
    {
        "color": 4294967295,
        "name": "Generic Point 76",
        "x": -2292.583984375,
        "y": 210.4345703125,
        "z": 8007.6928710938
    },
    {
        "color": 4294967295,
        "name": "Generic Point 77",
        "x": -2238.7878417969,
        "y": 217.5534362793,
        "z": 8039.5913085938
    },
    {
        "color": 4294967295,
        "name": "Generic Point 78",
        "x": -2169.8054199219,
        "y": 226.83222961426,
        "z": 8049.1762695313
    },
    {
        "color": 4294967295,
        "name": "Generic Point 79",
        "x": -2231.3474121094,
        "y": 254.08522033691,
        "z": 8064.740234375
    },
    {
        "color": 4294967295,
        "name": "Generic Point 8",
        "x": -1361.2008056641,
        "y": 145.52366638184,
        "z": 7957.5712890625
    },
    {
        "color": 4294967295,
        "name": "Generic Point 80",
        "x": -2206.9184570313,
        "y": 317.42263793945,
        "z": 8067.61328125
    },
    {
        "color": 4294967295,
        "name": "Generic Point 81",
        "x": -2231.8432617188,
        "y": 229.46820068359,
        "z": 8100.005859375
    },
    {
        "color": 4294967295,
        "name": "Generic Point 82",
        "x": -2238.1337890625,
        "y": 218.03388977051,
        "z": 8108.3779296875
    },
    {
        "color": 4294967295,
        "name": "Generic Point 83",
        "x": -1597.3692626953,
        "y": 92.634407043457,
        "z": 8008.484375
    },
    {
        "color": 4294967295,
        "name": "Generic Point 84",
        "x": -2316.2392578125,
        "y": 226.56936645508,
        "z": 8084.3735351563
    },
    {
        "color": 4294967295,
        "name": "Generic Point 85",
        "x": -2291.7824707031,
        "y": 341.99938964844,
        "z": 8163.0454101563
    },
    {
        "color": 4294967295,
        "name": "Generic Point 86",
        "x": -2143.5769042969,
        "y": 311.99923706055,
        "z": 8166.1044921875
    },
    {
        "color": 4294967295,
        "name": "Generic Point 87",
        "x": -2074.8559570313,
        "y": 348.08673095703,
        "z": 8167.3598632813
    },
    {
        "color": 4294967295,
        "name": "Generic Point 88",
        "x": -1777.1849365234,
        "y": 34.398483276367,
        "z": 8399.0439453125
    },
    {
        "color": 4294967295,
        "name": "Generic Point 89",
        "x": -1762.1826171875,
        "y": 23.483600616455,
        "z": 8342.7099609375
    },
    {
        "color": 4294967295,
        "name": "Generic Point 9",
        "x": -1475.1767578125,
        "y": 72.733116149902,
        "z": 8100.9711914063
    },
    {
        "color": 4294967295,
        "name": "Generic Point 90",
        "x": -2199.6657714844,
        "y": 213.08517456055,
        "z": 7890.087890625
    },
    {
        "color": 4294967295,
        "name": "Generic Point 91",
        "x": -2578.6987304688,
        "y": 307.95196533203,
        "z": 8941.0986328125
    },
    {
        "color": 4294967295,
        "name": "Generic Point 92",
        "x": -1571.8227539063,
        "y": 40.475723266602,
        "z": 8275.02734375
    },
    {
        "color": 4294967295,
        "name": "Generic Point 93",
        "x": -2225.1552734375,
        "y": 227.85977172852,
        "z": 7971.591796875
    },
    {
        "color": 4294967295,
        "name": "Generic Point 94",
        "x": -1542.3131103516,
        "y": 202.87901306152,
        "z": 7537.853515625
    },
    {
        "color": 4294967295,
        "name": "Generic Point 95",
        "x": -2807.92578125,
        "y": 204.56701660156,
        "z": 9099.904296875
    },
    {
        "color": 4294967295,
        "name": "Generic Point 96",
        "x": -1758.8311767578,
        "y": 52.038120269775,
        "z": 8157.611328125
    },
    {
        "color": 4294967295,
        "name": "Generic Point 97",
        "x": -1779.0869140625,
        "y": 25.464914321899,
        "z": 8145.6401367188
    },
    {
        "color": 4294967295,
        "name": "Generic Point 98",
        "x": -1727.2755126953,
        "y": 25.516633987427,
        "z": 8127.1240234375
    },
    {
        "color": 4294967295,
        "name": "Generic Point 99",
        "x": -1765.32421875,
        "y": 49.380275726318,
        "z": 8238.544921875
    }
]