[
    {
        "color": 4294967295,
        "name": "Generic Point 0",
        "x": 1161.46,
        "y": 64.6131,
        "z": 3898.3
    },
    {
        "color": 4294967295,
        "name": "Generic Point 1",
        "x": 1315.39,
        "y": 108.045,
        "z": 3854.34
    },
    {
        "color": 4294967295,
        "name": "Generic Point 2",
        "x": 1277.18,
        "y": 109.523,
        "z": 3854.8
    },
    {
        "color": 4294967295,
        "name": "Generic Point 3",
        "x": 1254.98,
        "y": 91.8431,
        "z": 3860.43
    },
    {
        "color": 4294967295,
        "name": "Generic Point 4",
        "x": 1231.67,
        "y": 97.5995,
        "z": 3878.86
    },
    {
        "color": 4294967295,
        "name": "Generic Point 5",
        "x": 1175.84,
        "y": 110.114,
        "z": 3859.17
    },
    {
        "color": 4294967295,
        "name": "Generic Point 6",
        "x": 1164.32,
        "y": 125.576,
        "z": 3845.82
    },
    {
        "color": 4294967295,
        "name": "Generic Point 7",
        "x": 1186.27,
        "y": 149.966,
        "z": 3862.36
    }
]