[
    {
        "color": 4294967295,
        "name": "Generic Point 0",
        "x": -3449.06298828125,
        "y": 202.14781188964844,
        "z": -2775.572998046875
    },
    {
        "color": 4294967295,
        "name": "Generic Point 1",
        "x": -3828.47314453125,
        "y": 293.5834045410156,
        "z": -2357.233642578125
    },
    {
        "color": 4294967295,
        "name": "Generic Point 10",
        "x": -4004.115966796875,
        "y": 236.4663848876953,
        "z": -2455.1552734375
    },
    {
        "color": 4294967295,
        "name": "Generic Point 11",
        "x": -3465.62451171875,
        "y": 206.74362182617188,
        "z": -2634.244384765625
    },
    {
        "color": 4294967295,
        "name": "Generic Point 12",
        "x": -3991.0771484375,
        "y": 223.96029663085938,
        "z": -2505.626220703125
    },
    {
        "color": 4294967295,
        "name": "Generic Point 13",
        "x": -3894.353759765625,
        "y": 327.4493408203125,
        "z": -2407.733642578125
    },
    {
        "color": 4294967295,
        "name": "Generic Point 14",
        "x": -3895.84716796875,
        "y": 261.88031005859375,
        "z": -2455.72314453125
    },
    {
        "color": 4294967295,
        "name": "Generic Point 15",
        "x": -3901.4921875,
        "y": 259.5526428222656,
        "z": -2479.751220703125
    },
    {
        "color": 4294967295,
        "name": "Generic Point 16",
        "x": -3862.42822265625,
        "y": 256.530029296875,
        "z": -2253.97607421875
    },
    {
        "color": 4294967295,
        "name": "Generic Point 17",
        "x": -3941.794189453125,
        "y": 244.65585327148438,
        "z": -2240.9375
    },
    {
        "color": 4294967295,
        "name": "Generic Point 18",
        "x": -3464.666259765625,
        "y": 208.30258178710938,
        "z": -2148.9033203125
    },
    {
        "color": 4294967295,
        "name": "Generic Point 19",
        "x": -3595.855224609375,
        "y": 251.08128356933594,
        "z": -2080.989013671875
    },
    {
        "color": 4294967295,
        "name": "Generic Point 2",
        "x": -3803.77734375,
        "y": 266.10943603515625,
        "z": -2297.09423828125
    },
    {
        "color": 4294967295,
        "name": "Generic Point 20",
        "x": -3516.85400390625,
        "y": 207.19325256347656,
        "z": -2282.66845703125
    },
    {
        "color": 4294967295,
        "name": "Generic Point 21",
        "x": -3669.7333984375,
        "y": 229.95750427246094,
        "z": -1972.8746337890625
    },
    {
        "color": 4294967295,
        "name": "Generic Point 22",
        "x": -3578.14453125,
        "y": 217.09059143066406,
        "z": -2272.88818359375
    },
    {
        "color": 4294967295,
        "name": "Generic Point 23",
        "x": -3749.23681640625,
        "y": 206.67958068847656,
        "z": -1818.00634765625
    },
    {
        "color": 4294967295,
        "name": "Generic Point 24",
        "x": -3587.651611328125,
        "y": 202.22972106933594,
        "z": -1800.3299560546875
    },
    {
        "color": 4294967295,
        "name": "Generic Point 25",
        "x": -3588.708251953125,
        "y": 201.8659210205078,
        "z": -1777.8250732421875
    },
    {
        "color": 4294967295,
        "name": "Generic Point 26",
        "x": -3758.185791015625,
        "y": 201.36294555664062,
        "z": -1661.746337890625
    },
    {
        "color": 4294967295,
        "name": "Generic Point 27",
        "x": -3675.466064453125,
        "y": 205.3094482421875,
        "z": -2249.712646484375
    },
    {
        "color": 4294967295,
        "name": "Generic Point 28",
        "x": -3655.279541015625,
        "y": 233.49130249023438,
        "z": -2263.5419921875
    },
    {
        "color": 4294967295,
        "name": "Generic Point 29",
        "x": -3814.447021484375,
        "y": 238.98760986328125,
        "z": -2119.5712890625
    },
    {
        "color": 4294967295,
        "name": "Generic Point 3",
        "x": -3701.453369140625,
        "y": 251.66563415527344,
        "z": -2358.319580078125
    },
    {
        "color": 4294967295,
        "name": "Generic Point 30",
        "x": -3903.23388671875,
        "y": 213.82408142089844,
        "z": -2082.220703125
    },
    {
        "color": 4294967295,
        "name": "Generic Point 31",
        "x": -4079.26025390625,
        "y": 201.3954315185547,
        "z": -2154.079345703125
    },
    {
        "color": 4294967295,
        "name": "Generic Point 32",
        "x": -3692.820556640625,
        "y": 249.2294921875,
        "z": -2323.760986328125
    },
    {
        "color": 4294967295,
        "name": "Generic Point 4",
        "x": -3738.48681640625,
        "y": 242.86837768554688,
        "z": -2448.45751953125
    },
    {
        "color": 4294967295,
        "name": "Generic Point 5",
        "x": -3800.865234375,
        "y": 217.21080017089844,
        "z": -2578.22509765625
    },
    {
        "color": 4294967295,
        "name": "Generic Point 6",
        "x": -3955.72705078125,
        "y": 362.4930725097656,
        "z": -2435.400146484375
    },
    {
        "color": 4294967295,
        "name": "Generic Point 7",
        "x": -4127.79833984375,
        "y": 202.51458740234375,
        "z": -2350.557373046875
    },
    {
        "color": 4294967295,
        "name": "Generic Point 8",
        "x": -3979.338623046875,
        "y": 256.3029479980469,
        "z": -2368.323486328125
    },
    {
        "color": 4294967295,
        "name": "Generic Point 9",
        "x": -3961.02294921875,
        "y": 200.906982421875,
        "z": -2471.3408203125
    }
]