[
    {
        "color": 4294967295,
        "name": "Generic Point 0",
        "x": 3415.111328125,
        "y": 432.7110900878906,
        "z": 4305.56494140625
    },
    {
        "color": 4294967295,
        "name": "Generic Point 1",
        "x": 3411.198486328125,
        "y": 428.9153137207031,
        "z": 4254.591796875
    },
    {
        "color": 4294967295,
        "name": "Generic Point 2",
        "x": 3382.298095703125,
        "y": 424.0919494628906,
        "z": 4264.99462890625
    },
    {
        "color": 4294967295,
        "name": "Generic Point 3",
        "x": 3341.86181640625,
        "y": 426.02008056640625,
        "z": 4253.50390625
    }
]