[
    {
        "color": 4294967295,
        "name": "Generic Point 00",
        "x": 1772.1475830078125,
        "y": 256.3457336425781,
        "z": 9795.193359375
    },
    {
        "color": 4294967295,
        "name": "Generic Point 01",
        "x": 1776.9686279296875,
        "y": 268.1944274902344,
        "z": 9870.044921875
    },
    {
        "color": 4294967295,
        "name": "Generic Point 02",
        "x": 1819.9588623046875,
        "y": 234.82147216796875,
        "z": 9675.7939453125
    }
]