[
    {
        "color": 4294967295,
        "name": "Generic Point 0",
        "x": 2376.57763671875,
        "y": 383.0190734863281,
        "z": 3950.318115234375
    },
    {
        "color": 4294967295,
        "name": "Generic Point 1",
        "x": 2840.14599609375,
        "y": 503.7517395019531,
        "z": 3378.02490234375
    },
    {
        "color": 4294967295,
        "name": "Generic Point 10",
        "x": 2292.1796875,
        "y": 463.9076232910156,
        "z": 3400.4345703125
    },
    {
        "color": 4294967295,
        "name": "Generic Point 11",
        "x": 2527.69189453125,
        "y": 361.7585754394531,
        "z": 3699.8056640625
    },
    {
        "color": 4294967295,
        "name": "Generic Point 12",
        "x": 2405.901611328125,
        "y": 440.1913146972656,
        "z": 3359.844482421875
    },
    {
        "color": 4294967295,
        "name": "Generic Point 13",
        "x": 2523.75927734375,
        "y": 442.213623046875,
        "z": 3145.333740234375
    },
    {
        "color": 4294967295,
        "name": "Generic Point 14",
        "x": 2588.149658203125,
        "y": 430.1116943359375,
        "z": 3193.220947265625
    },
    {
        "color": 4294967295,
        "name": "Generic Point 15",
        "x": 2852.055908203125,
        "y": 442.160400390625,
        "z": 3338.0498046875
    },
    {
        "color": 4294967295,
        "name": "Generic Point 16",
        "x": 2927.048095703125,
        "y": 419.5352478027344,
        "z": 3580.847412109375
    },
    {
        "color": 4294967295,
        "name": "Generic Point 17",
        "x": 2744.030029296875,
        "y": 384.8302917480469,
        "z": 3524.949951171875
    },
    {
        "color": 4294967295,
        "name": "Generic Point 18",
        "x": 2756.317138671875,
        "y": 420.8829650878906,
        "z": 3495.84130859375
    },
    {
        "color": 4294967295,
        "name": "Generic Point 19",
        "x": 2982.932373046875,
        "y": 427.8300476074219,
        "z": 3653.2607421875
    },
    {
        "color": 4294967295,
        "name": "Generic Point 2",
        "x": 2848.51806640625,
        "y": 491.02423095703125,
        "z": 3262.710205078125
    },
    {
        "color": 4294967295,
        "name": "Generic Point 20",
        "x": 2865.631103515625,
        "y": 320.8392028808594,
        "z": 3658.298583984375
    },
    {
        "color": 4294967295,
        "name": "Generic Point 21",
        "x": 2982.324951171875,
        "y": 449.5083312988281,
        "z": 3906.636962890625
    },
    {
        "color": 4294967295,
        "name": "Generic Point 22",
        "x": 2459.709228515625,
        "y": 417.66162109375,
        "z": 3736.28076171875
    },
    {
        "color": 4294967295,
        "name": "Generic Point 23",
        "x": 2956.560546875,
        "y": 433.2219543457031,
        "z": 3773.936767578125
    },
    {
        "color": 4294967295,
        "name": "Generic Point 24",
        "x": 2881.516845703125,
        "y": 415.8714904785156,
        "z": 3813.943115234375
    },
    {
        "color": 4294967295,
        "name": "Generic Point 25",
        "x": 2800.08056640625,
        "y": 429.15966796875,
        "z": 3892.591552734375
    },
    {
        "color": 4294967295,
        "name": "Generic Point 26",
        "x": 2775.09521484375,
        "y": 395.0515441894531,
        "z": 3817.938232421875
    },
    {
        "color": 4294967295,
        "name": "Generic Point 27",
        "x": 3143.827392578125,
        "y": 441.14337158203125,
        "z": 3468.79248046875
    },
    {
        "color": 4294967295,
        "name": "Generic Point 28",
        "x": 3090.139404296875,
        "y": 410.90936279296875,
        "z": 3462.34521484375
    },
    {
        "color": 4294967295,
        "name": "Generic Point 29",
        "x": 3123.92919921875,
        "y": 404.0186462402344,
        "z": 3341.275390625
    },
    {
        "color": 4294967295,
        "name": "Generic Point 3",
        "x": 2474.189453125,
        "y": 334.13165283203125,
        "z": 3590.708251953125
    },
    {
        "color": 4294967295,
        "name": "Generic Point 30",
        "x": 3042.902587890625,
        "y": 393.35693359375,
        "z": 3143.595703125
    },
    {
        "color": 4294967295,
        "name": "Generic Point 31",
        "x": 2970.03564453125,
        "y": 441.828125,
        "z": 3196.51025390625
    },
    {
        "color": 4294967295,
        "name": "Generic Point 32",
        "x": 3044.465087890625,
        "y": 406.86932373046875,
        "z": 3032.953369140625
    },
    {
        "color": 4294967295,
        "name": "Generic Point 33",
        "x": 2268.026123046875,
        "y": 439.8359680175781,
        "z": 3694.14697265625
    },
    {
        "color": 4294967295,
        "name": "Generic Point 34",
        "x": 2974.89599609375,
        "y": 441.940185546875,
        "z": 3077.505859375
    },
    {
        "color": 4294967295,
        "name": "Generic Point 35",
        "x": 2767.916259765625,
        "y": 434.6258239746094,
        "z": 3004.8818359375
    },
    {
        "color": 4294967295,
        "name": "Generic Point 36",
        "x": 3845.0791015625,
        "y": 492.7237548828125,
        "z": 3583.273681640625
    },
    {
        "color": 4294967295,
        "name": "Generic Point 37",
        "x": 3909.796875,
        "y": 499.2396240234375,
        "z": 3591.4580078125
    },
    {
        "color": 4294967295,
        "name": "Generic Point 38",
        "x": 3957.83154296875,
        "y": 534.9632568359375,
        "z": 3660.813720703125
    },
    {
        "color": 4294967295,
        "name": "Generic Point 39",
        "x": 3947.00927734375,
        "y": 533.048583984375,
        "z": 3690.46728515625
    },
    {
        "color": 4294967295,
        "name": "Generic Point 4",
        "x": 2421.806640625,
        "y": 414.17242431640625,
        "z": 3417.269287109375
    },
    {
        "color": 4294967295,
        "name": "Generic Point 40",
        "x": 3987.821533203125,
        "y": 495.37652587890625,
        "z": 3517.1435546875
    },
    {
        "color": 4294967295,
        "name": "Generic Point 41",
        "x": 3710.94921875,
        "y": 509.3412170410156,
        "z": 3508.43701171875
    },
    {
        "color": 4294967295,
        "name": "Generic Point 42",
        "x": 3584.77783203125,
        "y": 537.3807983398438,
        "z": 3451.656982421875
    },
    {
        "color": 4294967295,
        "name": "Generic Point 43",
        "x": 3647.76904296875,
        "y": 522.5833740234375,
        "z": 3445.212890625
    },
    {
        "color": 4294967295,
        "name": "Generic Point 44",
        "x": 2410.628662109375,
        "y": 371.4837646484375,
        "z": 3593.491455078125
    },
    {
        "color": 4294967295,
        "name": "Generic Point 45",
        "x": 3509.8916015625,
        "y": 626.1900024414062,
        "z": 3403.43896484375
    },
    {
        "color": 4294967295,
        "name": "Generic Point 46",
        "x": 3718.064453125,
        "y": 530.794189453125,
        "z": 3409.08056640625
    },
    {
        "color": 4294967295,
        "name": "Generic Point 47",
        "x": 3755.07666015625,
        "y": 541.928466796875,
        "z": 3393.24462890625
    },
    {
        "color": 4294967295,
        "name": "Generic Point 48",
        "x": 3814.696533203125,
        "y": 526.3780517578125,
        "z": 3449.31982421875
    },
    {
        "color": 4294967295,
        "name": "Generic Point 49",
        "x": 3961.22119140625,
        "y": 523.8445434570312,
        "z": 3291.237060546875
    },
    {
        "color": 4294967295,
        "name": "Generic Point 5",
        "x": 2446.702392578125,
        "y": 415.34814453125,
        "z": 3408.4072265625
    },
    {
        "color": 4294967295,
        "name": "Generic Point 50",
        "x": 4185.86767578125,
        "y": 563.858154296875,
        "z": 3315.16796875
    },
    {
        "color": 4294967295,
        "name": "Generic Point 51",
        "x": 3563.344970703125,
        "y": 538.769287109375,
        "z": 3477.539794921875
    },
    {
        "color": 4294967295,
        "name": "Generic Point 52",
        "x": 3490.77734375,
        "y": 517.49609375,
        "z": 3497.992431640625
    },
    {
        "color": 4294967295,
        "name": "Generic Point 53",
        "x": 3429.99365234375,
        "y": 522.1815185546875,
        "z": 3447.891357421875
    },
    {
        "color": 4294967295,
        "name": "Generic Point 54",
        "x": 3389.665283203125,
        "y": 539.4072875976562,
        "z": 3471.0576171875
    },
    {
        "color": 4294967295,
        "name": "Generic Point 55",
        "x": 2390.523681640625,
        "y": 371.8463134765625,
        "z": 3620.13232421875
    },
    {
        "color": 4294967295,
        "name": "Generic Point 56",
        "x": 3545.341796875,
        "y": 489.0249328613281,
        "z": 3259.455322265625
    },
    {
        "color": 4294967295,
        "name": "Generic Point 57",
        "x": 3511.10888671875,
        "y": 441.668701171875,
        "z": 3341.7353515625
    },
    {
        "color": 4294967295,
        "name": "Generic Point 58",
        "x": 3289.1181640625,
        "y": 341.3524169921875,
        "z": 2752.9609375
    },
    {
        "color": 4294967295,
        "name": "Generic Point 59",
        "x": 3334.33349609375,
        "y": 441.4767150878906,
        "z": 2770.8466796875
    },
    {
        "color": 4294967295,
        "name": "Generic Point 6",
        "x": 2533.7705078125,
        "y": 426.8873596191406,
        "z": 3441.069091796875
    },
    {
        "color": 4294967295,
        "name": "Generic Point 60",
        "x": 3309.592529296875,
        "y": 449.79803466796875,
        "z": 3105.0263671875
    },
    {
        "color": 4294967295,
        "name": "Generic Point 61",
        "x": 3368.547607421875,
        "y": 441.3056335449219,
        "z": 2958.227294921875
    },
    {
        "color": 4294967295,
        "name": "Generic Point 62",
        "x": 3341.105712890625,
        "y": 458.053466796875,
        "z": 3025.57080078125
    },
    {
        "color": 4294967295,
        "name": "Generic Point 63",
        "x": 3253.201171875,
        "y": 419.158203125,
        "z": 3052.54345703125
    },
    {
        "color": 4294967295,
        "name": "Generic Point 64",
        "x": 3474.970947265625,
        "y": 422.76934814453125,
        "z": 2781.77490234375
    },
    {
        "color": 4294967295,
        "name": "Generic Point 65",
        "x": 3634.792724609375,
        "y": 440.92919921875,
        "z": 2845.373046875
    },
    {
        "color": 4294967295,
        "name": "Generic Point 66",
        "x": 2636.914794921875,
        "y": 603.19580078125,
        "z": 3660.22021484375
    },
    {
        "color": 4294967295,
        "name": "Generic Point 67",
        "x": 3744.593505859375,
        "y": 457.87213134765625,
        "z": 2822.83447265625
    },
    {
        "color": 4294967295,
        "name": "Generic Point 68",
        "x": 3853.31396484375,
        "y": 440.058837890625,
        "z": 2778.234375
    },
    {
        "color": 4294967295,
        "name": "Generic Point 69",
        "x": 3601.03076171875,
        "y": 476.0414733886719,
        "z": 2889.059326171875
    },
    {
        "color": 4294967295,
        "name": "Generic Point 7",
        "x": 2541.7998046875,
        "y": 391.51739501953125,
        "z": 3502.565673828125
    },
    {
        "color": 4294967295,
        "name": "Generic Point 70",
        "x": 3746.04931640625,
        "y": 506.4346008300781,
        "z": 2983.20947265625
    },
    {
        "color": 4294967295,
        "name": "Generic Point 71",
        "x": 3752.91064453125,
        "y": 477.2474670410156,
        "z": 2899.412353515625
    },
    {
        "color": 4294967295,
        "name": "Generic Point 72",
        "x": 3815.670654296875,
        "y": 476.8421630859375,
        "z": 3004.34130859375
    },
    {
        "color": 4294967295,
        "name": "Generic Point 73",
        "x": 3846.091552734375,
        "y": 495.5975341796875,
        "z": 2972.517578125
    },
    {
        "color": 4294967295,
        "name": "Generic Point 74",
        "x": 3522.15234375,
        "y": 470.8824157714844,
        "z": 3167.3427734375
    },
    {
        "color": 4294967295,
        "name": "Generic Point 75",
        "x": 3766.384033203125,
        "y": 441.01171875,
        "z": 2950.400390625
    },
    {
        "color": 4294967295,
        "name": "Generic Point 76",
        "x": 2625.60107421875,
        "y": 419.2235412597656,
        "z": 3809.951171875
    },
    {
        "color": 4294967295,
        "name": "Generic Point 77",
        "x": 2970.214599609375,
        "y": 442.98553466796875,
        "z": 3422.67041015625
    },
    {
        "color": 4294967295,
        "name": "Generic Point 8",
        "x": 2332.998046875,
        "y": 477.14501953125,
        "z": 3474.070556640625
    },
    {
        "color": 4294967295,
        "name": "Generic Point 9",
        "x": 2290.501220703125,
        "y": 440.4002990722656,
        "z": 3549.7451171875
    }
]