[
    {
        "color": 4294967295,
        "name": "Generic Point 0",
        "x": 306.87762451171875,
        "y": 234.10302734375,
        "z": 664.2169189453125
    },
    {
        "color": 4294967295,
        "name": "Generic Point 1",
        "x": 1607.3515625,
        "y": 270.9073791503906,
        "z": -46.92005920410156
    },
    {
        "color": 4294967295,
        "name": "Generic Point 10",
        "x": 898.2142333984375,
        "y": 362.9559631347656,
        "z": 1471.361572265625
    },
    {
        "color": 4294967295,
        "name": "Generic Point 11",
        "x": 1009.7661743164062,
        "y": 336.65606689453125,
        "z": 1574.486083984375
    },
    {
        "color": 4294967295,
        "name": "Generic Point 12",
        "x": 1552.5140380859375,
        "y": 216.0181884765625,
        "z": 240.5937042236328
    },
    {
        "color": 4294967295,
        "name": "Generic Point 13",
        "x": 537.2615356445312,
        "y": 243.3563232421875,
        "z": 913.8464965820312
    },
    {
        "color": 4294967295,
        "name": "Generic Point 14",
        "x": 147.984375,
        "y": 243.6709442138672,
        "z": 1017.8217163085938
    },
    {
        "color": 4294967295,
        "name": "Generic Point 15",
        "x": -173.54554748535156,
        "y": 190.32421875,
        "z": 895.3252563476562
    },
    {
        "color": 4294967295,
        "name": "Generic Point 16",
        "x": -429.6077575683594,
        "y": 192.042236328125,
        "z": 1207.65869140625
    },
    {
        "color": 4294967295,
        "name": "Generic Point 17",
        "x": -437.2566223144531,
        "y": 208.72982788085938,
        "z": 868.7167358398438
    },
    {
        "color": 4294967295,
        "name": "Generic Point 18",
        "x": -871.22900390625,
        "y": 160.8586883544922,
        "z": 1351.52685546875
    },
    {
        "color": 4294967295,
        "name": "Generic Point 19",
        "x": 1517.185302734375,
        "y": 238.69544982910156,
        "z": 41.1712646484375
    },
    {
        "color": 4294967295,
        "name": "Generic Point 2",
        "x": -108.48554992675781,
        "y": 282.1538391113281,
        "z": 103.69660186767578
    },
    {
        "color": 4294967295,
        "name": "Generic Point 20",
        "x": 575.3255004882812,
        "y": 201.2754669189453,
        "z": -461.7818603515625
    },
    {
        "color": 4294967295,
        "name": "Generic Point 21",
        "x": -392.59332275390625,
        "y": 203.61070251464844,
        "z": -691.4510498046875
    },
    {
        "color": 4294967295,
        "name": "Generic Point 22",
        "x": -757.86572265625,
        "y": 218.89134216308594,
        "z": 508.1264953613281
    },
    {
        "color": 4294967295,
        "name": "Generic Point 23",
        "x": -343.29803466796875,
        "y": 281.98272705078125,
        "z": 577.12060546875
    },
    {
        "color": 4294967295,
        "name": "Generic Point 24",
        "x": -259.59039306640625,
        "y": 373.8037109375,
        "z": 553.6207885742188
    },
    {
        "color": 4294967295,
        "name": "Generic Point 25",
        "x": 59.777099609375,
        "y": 209.9764404296875,
        "z": 688.5134887695312
    },
    {
        "color": 4294967295,
        "name": "Generic Point 26",
        "x": 622.9415283203125,
        "y": 260.89813232421875,
        "z": -370.4016418457031
    },
    {
        "color": 4294967295,
        "name": "Generic Point 27",
        "x": 896.7862548828125,
        "y": 201.41616821289062,
        "z": 373.3174133300781
    },
    {
        "color": 4294967295,
        "name": "Generic Point 28",
        "x": 1335.584228515625,
        "y": 202.2495880126953,
        "z": 286.90234375
    },
    {
        "color": 4294967295,
        "name": "Generic Point 29",
        "x": 1171.111328125,
        "y": 201.4130859375,
        "z": 377.929443359375
    },
    {
        "color": 4294967295,
        "name": "Generic Point 3",
        "x": 304.9058837890625,
        "y": 219.25990295410156,
        "z": 182.5868377685547
    },
    {
        "color": 4294967295,
        "name": "Generic Point 30",
        "x": 1104.501708984375,
        "y": 200.69580078125,
        "z": 458.7013854980469
    },
    {
        "color": 4294967295,
        "name": "Generic Point 31",
        "x": 1804.969482421875,
        "y": 212.09727478027344,
        "z": 584.8790283203125
    },
    {
        "color": 4294967295,
        "name": "Generic Point 32",
        "x": 1123.754150390625,
        "y": 209.4432830810547,
        "z": 960.5340576171875
    },
    {
        "color": 4294967295,
        "name": "Generic Point 33",
        "x": 684.6206665039062,
        "y": 207.51805114746094,
        "z": 888.9873046875
    },
    {
        "color": 4294967295,
        "name": "Generic Point 34",
        "x": 952.3292236328125,
        "y": 212.31243896484375,
        "z": 672.2989501953125
    },
    {
        "color": 4294967295,
        "name": "Generic Point 35",
        "x": 723.9073486328125,
        "y": 193.35475158691406,
        "z": 1080.197021484375
    },
    {
        "color": 4294967295,
        "name": "Generic Point 36",
        "x": 770.9518432617188,
        "y": 227.97059631347656,
        "z": 1306.2381591796875
    },
    {
        "color": 4294967295,
        "name": "Generic Point 37",
        "x": 318.0246887207031,
        "y": 200.63375854492188,
        "z": -191.266845703125
    },
    {
        "color": 4294967295,
        "name": "Generic Point 38",
        "x": 812.495361328125,
        "y": 265.8612976074219,
        "z": 1338.2694091796875
    },
    {
        "color": 4294967295,
        "name": "Generic Point 39",
        "x": 1009.0294799804688,
        "y": 302.8329772949219,
        "z": 1324.865234375
    },
    {
        "color": 4294967295,
        "name": "Generic Point 4",
        "x": 1177.489013671875,
        "y": 202.3056640625,
        "z": 529.45068359375
    },
    {
        "color": 4294967295,
        "name": "Generic Point 40",
        "x": 850.8013916015625,
        "y": 245.1342010498047,
        "z": 1661.6640625
    },
    {
        "color": 4294967295,
        "name": "Generic Point 41",
        "x": 697.50341796875,
        "y": 410.70208740234375,
        "z": 1891.5576171875
    },
    {
        "color": 4294967295,
        "name": "Generic Point 42",
        "x": 309.0670471191406,
        "y": 189.2410430908203,
        "z": 1456.677734375
    },
    {
        "color": 4294967295,
        "name": "Generic Point 43",
        "x": 527.3872680664062,
        "y": 351.06610107421875,
        "z": 1334.5474853515625
    },
    {
        "color": 4294967295,
        "name": "Generic Point 44",
        "x": 537.9095458984375,
        "y": 306.9559326171875,
        "z": 1274.6495361328125
    },
    {
        "color": 4294967295,
        "name": "Generic Point 45",
        "x": 351.7941589355469,
        "y": 184.23748779296875,
        "z": 832.8180541992188
    },
    {
        "color": 4294967295,
        "name": "Generic Point 46",
        "x": 298.6552429199219,
        "y": 214.4741973876953,
        "z": 607.8807373046875
    },
    {
        "color": 4294967295,
        "name": "Generic Point 47",
        "x": -323.3442077636719,
        "y": 224.58621215820312,
        "z": 1077.872802734375
    },
    {
        "color": 4294967295,
        "name": "Generic Point 48",
        "x": -453.15972900390625,
        "y": 420.51251220703125,
        "z": 603.2772216796875
    },
    {
        "color": 4294967295,
        "name": "Generic Point 49",
        "x": -473.2340087890625,
        "y": 182.32925415039062,
        "z": 1137.15673828125
    },
    {
        "color": 4294967295,
        "name": "Generic Point 5",
        "x": 1186.3466796875,
        "y": 200.6497039794922,
        "z": 263.2634582519531
    },
    {
        "color": 4294967295,
        "name": "Generic Point 50",
        "x": -517.3526000976562,
        "y": 183.86366271972656,
        "z": 1159.5517578125
    },
    {
        "color": 4294967295,
        "name": "Generic Point 51",
        "x": -492.88861083984375,
        "y": 181.73623657226562,
        "z": 1209.4603271484375
    },
    {
        "color": 4294967295,
        "name": "Generic Point 52",
        "x": -448.97540283203125,
        "y": 189.24636840820312,
        "z": 1198.8250732421875
    },
    {
        "color": 4294967295,
        "name": "Generic Point 53",
        "x": -486.7364807128906,
        "y": 198.21177673339844,
        "z": 1175.0626220703125
    },
    {
        "color": 4294967295,
        "name": "Generic Point 54",
        "x": -850.04736328125,
        "y": 191.4966583251953,
        "z": 1290.1666259765625
    },
    {
        "color": 4294967295,
        "name": "Generic Point 55",
        "x": -835.697265625,
        "y": 191.86949157714844,
        "z": 1305.93115234375
    },
    {
        "color": 4294967295,
        "name": "Generic Point 56",
        "x": -814.1595458984375,
        "y": 188.53530883789062,
        "z": 1292.67333984375
    },
    {
        "color": 4294967295,
        "name": "Generic Point 57",
        "x": -876.352294921875,
        "y": 211.2552947998047,
        "z": 1270.0321044921875
    },
    {
        "color": 4294967295,
        "name": "Generic Point 58",
        "x": -919.8744506835938,
        "y": 184.44100952148438,
        "z": 1281.07861328125
    },
    {
        "color": 4294967295,
        "name": "Generic Point 59",
        "x": -850.1218872070312,
        "y": 191.24603271484375,
        "z": 1290.720703125
    },
    {
        "color": 4294967295,
        "name": "Generic Point 6",
        "x": 1478.635986328125,
        "y": 230.37591552734375,
        "z": 512.7979125976562
    },
    {
        "color": 4294967295,
        "name": "Generic Point 60",
        "x": -116.392822265625,
        "y": 331.2877197265625,
        "z": 1999.25537109375
    },
    {
        "color": 4294967295,
        "name": "Generic Point 61",
        "x": -111.29045104980469,
        "y": 278.7724304199219,
        "z": 733.6295776367188
    },
    {
        "color": 4294967295,
        "name": "Generic Point 62",
        "x": 127.57461547851562,
        "y": 220.25584411621094,
        "z": 856.54248046875
    },
    {
        "color": 4294967295,
        "name": "Generic Point 63",
        "x": 16.687000274658203,
        "y": 264.71868896484375,
        "z": 263.625
    },
    {
        "color": 4294967295,
        "name": "Generic Point 64",
        "x": 76.44537353515625,
        "y": 257.0175476074219,
        "z": 97.29835510253906
    },
    {
        "color": 4294967295,
        "name": "Generic Point 65",
        "x": 44.95918273925781,
        "y": 272.18524169921875,
        "z": 68.46980285644531
    },
    {
        "color": 4294967295,
        "name": "Generic Point 66",
        "x": 309.8731994628906,
        "y": 201.4419403076172,
        "z": -73.78738403320312
    },
    {
        "color": 4294967295,
        "name": "Generic Point 67",
        "x": -641.031005859375,
        "y": 309.3036804199219,
        "z": 590.7724609375
    },
    {
        "color": 4294967295,
        "name": "Generic Point 68",
        "x": 743.6915283203125,
        "y": 172.08595275878906,
        "z": 1257.9259033203125
    },
    {
        "color": 4294967295,
        "name": "Generic Point 69",
        "x": 640.478759765625,
        "y": 208.21221923828125,
        "z": 1302.309326171875
    },
    {
        "color": 4294967295,
        "name": "Generic Point 7",
        "x": 1711.1236572265625,
        "y": 287.0546875,
        "z": 381.4719543457031
    },
    {
        "color": 4294967295,
        "name": "Generic Point 70",
        "x": 862.695556640625,
        "y": 325.3179016113281,
        "z": 1516.102783203125
    },
    {
        "color": 4294967295,
        "name": "Generic Point 71",
        "x": 873.554931640625,
        "y": 340.6293029785156,
        "z": 1558.931640625
    },
    {
        "color": 4294967295,
        "name": "Generic Point 72",
        "x": 861.08935546875,
        "y": 321.70220947265625,
        "z": 1315.198486328125
    },
    {
        "color": 4294967295,
        "name": "Generic Point 73",
        "x": 1026.7547607421875,
        "y": 270.2760314941406,
        "z": 1515.6541748046875
    },
    {
        "color": 4294967295,
        "name": "Generic Point 74",
        "x": 632.333251953125,
        "y": 232.73904418945312,
        "z": 1772.4847412109375
    },
    {
        "color": 4294967295,
        "name": "Generic Point 75",
        "x": 618.3041381835938,
        "y": 265.8190002441406,
        "z": 1455.25
    },
    {
        "color": 4294967295,
        "name": "Generic Point 76",
        "x": -398.21728515625,
        "y": 213.25657653808594,
        "z": 1083.69580078125
    },
    {
        "color": 4294967295,
        "name": "Generic Point 77",
        "x": -463.02069091796875,
        "y": 198.24220275878906,
        "z": 1236.5989990234375
    },
    {
        "color": 4294967295,
        "name": "Generic Point 78",
        "x": -104.75,
        "y": 262.7788391113281,
        "z": 714.733642578125
    },
    {
        "color": 4294967295,
        "name": "Generic Point 79",
        "x": -594.2463989257812,
        "y": 212.6990203857422,
        "z": 901.241943359375
    },
    {
        "color": 4294967295,
        "name": "Generic Point 8",
        "x": 1830.106201171875,
        "y": 243.31568908691406,
        "z": 460.0863952636719
    },
    {
        "color": 4294967295,
        "name": "Generic Point 80",
        "x": -841.5020141601562,
        "y": 198.0650634765625,
        "z": 816.0401611328125
    },
    {
        "color": 4294967295,
        "name": "Generic Point 81",
        "x": 21.94696044921875,
        "y": 236.795166015625,
        "z": 693.984130859375
    },
    {
        "color": 4294967295,
        "name": "Generic Point 82",
        "x": 219.4552001953125,
        "y": 201.91139221191406,
        "z": -15.021862030029297
    },
    {
        "color": 4294967295,
        "name": "Generic Point 83",
        "x": 1217.23095703125,
        "y": 268.16680908203125,
        "z": 1240.9573974609375
    },
    {
        "color": 4294967295,
        "name": "Generic Point 84",
        "x": 828.3322143554688,
        "y": 248.11419677734375,
        "z": 974.679443359375
    },
    {
        "color": 4294967295,
        "name": "Generic Point 85",
        "x": 763.921630859375,
        "y": 267.9543762207031,
        "z": 941.1275024414062
    },
    {
        "color": 4294967295,
        "name": "Generic Point 86",
        "x": 519.9659423828125,
        "y": 174.01885986328125,
        "z": 1094.430908203125
    },
    {
        "color": 4294967295,
        "name": "Generic Point 87",
        "x": 937.5924072265625,
        "y": 256.48797607421875,
        "z": 1235.25439453125
    },
    {
        "color": 4294967295,
        "name": "Generic Point 9",
        "x": 915.0076904296875,
        "y": 203.10403442382812,
        "z": 573.1776733398438
    }
]