[
    {
        "color": 4294967295,
        "name": "Generic Point 00",
        "x": 2215.7548828125,
        "y": 207.1123046875,
        "z": 8722.6376953125
    },
    {
        "color": 4294967295,
        "name": "Generic Point 01",
        "x": 2227.013916015625,
        "y": 202.4879913330078,
        "z": 8792.6728515625
    },
    {
        "color": 4294967295,
        "name": "Generic Point 02",
        "x": 2165.5947265625,
        "y": 204.8921356201172,
        "z": 8781.56640625
    },
    {
        "color": 4294967295,
        "name": "Generic Point 03",
        "x": 2227.5595703125,
        "y": 200.8399658203125,
        "z": 8963.6689453125
    },
    {
        "color": 4294967295,
        "name": "Generic Point 04",
        "x": 3428.83203125,
        "y": 199.54287719726562,
        "z": 9748.216796875
    },
    {
        "color": 4294967295,
        "name": "Generic Point 05",
        "x": 2084.823974609375,
        "y": 200.01806640625,
        "z": 10899.998046875
    },
    {
        "color": 4294967295,
        "name": "Generic Point 06",
        "x": 1726.340087890625,
        "y": 200.48240661621094,
        "z": 10319.4921875
    }
]