[
    {
        "color": 4294967295,
        "name": "Generic Point 0",
        "x": 2365.6044921875,
        "y": 249.98683166503906,
        "z": -753.0054931640625
    },
    {
        "color": 4294967295,
        "name": "Generic Point 1",
        "x": 1248.6129150390625,
        "y": 312.2758483886719,
        "z": -1296.97998046875
    },
    {
        "color": 4294967295,
        "name": "Generic Point 2",
        "x": 2110.1962890625,
        "y": 228.90914916992188,
        "z": -1452.0546875
    },
    {
        "color": 4294967295,
        "name": "Generic Point 3",
        "x": 2321.815185546875,
        "y": 286.9852294921875,
        "z": -1756.6259765625
    },
    {
        "color": 4294967295,
        "name": "Generic Point 4",
        "x": 2517.274169921875,
        "y": 270.9958190917969,
        "z": -1472.55859375
    },
    {
        "color": 4294967295,
        "name": "Generic Point 5",
        "x": 2516.329833984375,
        "y": 267.1978454589844,
        "z": -1435.5714111328125
    },
    {
        "color": 4294967295,
        "name": "Generic Point 6",
        "x": 2109.0732421875,
        "y": 276.012451171875,
        "z": -199.7220001220703
    },
    {
        "color": 4294967295,
        "name": "Generic Point 7",
        "x": 2560.89013671875,
        "y": 257.7718505859375,
        "z": -428.546875
    }
]