[
    {
        "color": 4294967295,
        "name": "Generic Point 0",
        "x": 1628.120849609375,
        "y": 294.7526550292969,
        "z": -1097.435302734375
    },
    {
        "color": 4294967295,
        "name": "Generic Point 1",
        "x": 1345.285400390625,
        "y": 270.906005859375,
        "z": -1116.6705322265625
    },
    {
        "color": 4294967295,
        "name": "Generic Point 10",
        "x": 758.5260620117188,
        "y": 201.86605834960938,
        "z": -1096.5250244140625
    },
    {
        "color": 4294967295,
        "name": "Generic Point 100",
        "x": 945.9534912109375,
        "y": 366.6812744140625,
        "z": -720.5491333007812
    },
    {
        "color": 4294967295,
        "name": "Generic Point 101",
        "x": 876.0695190429688,
        "y": 348.84967041015625,
        "z": -785.4505615234375
    },
    {
        "color": 4294967295,
        "name": "Generic Point 102",
        "x": 952.1909790039062,
        "y": 339.5129089355469,
        "z": -874.5503540039062
    },
    {
        "color": 4294967295,
        "name": "Generic Point 103",
        "x": 991.6263427734375,
        "y": 337.526123046875,
        "z": -969.5506591796875
    },
    {
        "color": 4294967295,
        "name": "Generic Point 104",
        "x": 1042.35791015625,
        "y": 336.7243957519531,
        "z": -966.817626953125
    },
    {
        "color": 4294967295,
        "name": "Generic Point 105",
        "x": 1425.79736328125,
        "y": 278.63055419921875,
        "z": -1048.5137939453125
    },
    {
        "color": 4294967295,
        "name": "Generic Point 106",
        "x": 842.8853759765625,
        "y": 294.259033203125,
        "z": -989.945068359375
    },
    {
        "color": 4294967295,
        "name": "Generic Point 107",
        "x": 817.8449096679688,
        "y": 289.3555603027344,
        "z": -920.1535034179688
    },
    {
        "color": 4294967295,
        "name": "Generic Point 108",
        "x": 952.222412109375,
        "y": 384.7937316894531,
        "z": -896.4280395507812
    },
    {
        "color": 4294967295,
        "name": "Generic Point 109",
        "x": 970.9232788085938,
        "y": 399.3329162597656,
        "z": -952.6253662109375
    },
    {
        "color": 4294967295,
        "name": "Generic Point 11",
        "x": 660.4332275390625,
        "y": 204.7535400390625,
        "z": -935.519775390625
    },
    {
        "color": 4294967295,
        "name": "Generic Point 110",
        "x": 935.646728515625,
        "y": 391.3187255859375,
        "z": -859.9234619140625
    },
    {
        "color": 4294967295,
        "name": "Generic Point 111",
        "x": 896.0413208007812,
        "y": 417.7884826660156,
        "z": -795.9691162109375
    },
    {
        "color": 4294967295,
        "name": "Generic Point 112",
        "x": 901.4407958984375,
        "y": 446.2533874511719,
        "z": -773.0938720703125
    },
    {
        "color": 4294967295,
        "name": "Generic Point 113",
        "x": 896.739501953125,
        "y": 455.5726013183594,
        "z": -903.86328125
    },
    {
        "color": 4294967295,
        "name": "Generic Point 114",
        "x": 852.2593994140625,
        "y": 382.2220764160156,
        "z": -863.7200927734375
    },
    {
        "color": 4294967295,
        "name": "Generic Point 115",
        "x": 856.780517578125,
        "y": 348.5318298339844,
        "z": -787.629150390625
    },
    {
        "color": 4294967295,
        "name": "Generic Point 116",
        "x": 1389.7857666015625,
        "y": 287.1442565917969,
        "z": -1045.8050537109375
    },
    {
        "color": 4294967295,
        "name": "Generic Point 117",
        "x": 657.1380004882812,
        "y": 201.472900390625,
        "z": -857.5541381835938
    },
    {
        "color": 4294967295,
        "name": "Generic Point 118",
        "x": 1044.1070556640625,
        "y": 466.0083312988281,
        "z": -882.1253051757812
    },
    {
        "color": 4294967295,
        "name": "Generic Point 119",
        "x": 1059.4664306640625,
        "y": 466.38232421875,
        "z": -888.822265625
    },
    {
        "color": 4294967295,
        "name": "Generic Point 12",
        "x": 1422.04345703125,
        "y": 268.2501525878906,
        "z": -1120.404296875
    },
    {
        "color": 4294967295,
        "name": "Generic Point 120",
        "x": 995.8273315429688,
        "y": 478.8677978515625,
        "z": -757.5968017578125
    },
    {
        "color": 4294967295,
        "name": "Generic Point 121",
        "x": 1136.5748291015625,
        "y": 507.14923095703125,
        "z": -836.083740234375
    },
    {
        "color": 4294967295,
        "name": "Generic Point 122",
        "x": 1106.04443359375,
        "y": 509.4468078613281,
        "z": -816.0598754882812
    },
    {
        "color": 4294967295,
        "name": "Generic Point 123",
        "x": 1149.93017578125,
        "y": 503.5582275390625,
        "z": -827.5792846679688
    },
    {
        "color": 4294967295,
        "name": "Generic Point 124",
        "x": 1131.5867919921875,
        "y": 505.7884826660156,
        "z": -803.0514526367188
    },
    {
        "color": 4294967295,
        "name": "Generic Point 125",
        "x": 1014.2042846679688,
        "y": 572.5249633789062,
        "z": -865.33447265625
    },
    {
        "color": 4294967295,
        "name": "Generic Point 126",
        "x": 1014.9088745117188,
        "y": 577.189453125,
        "z": -874.4442138671875
    },
    {
        "color": 4294967295,
        "name": "Generic Point 13",
        "x": 642.0841064453125,
        "y": 201.4961700439453,
        "z": -867.591796875
    },
    {
        "color": 4294967295,
        "name": "Generic Point 14",
        "x": 640.594482421875,
        "y": 200.88023376464844,
        "z": -748.650634765625
    },
    {
        "color": 4294967295,
        "name": "Generic Point 15",
        "x": 1158.7423095703125,
        "y": 408.52178955078125,
        "z": -981.11328125
    },
    {
        "color": 4294967295,
        "name": "Generic Point 16",
        "x": 1105.050537109375,
        "y": 464.9495849609375,
        "z": -974.3062744140625
    },
    {
        "color": 4294967295,
        "name": "Generic Point 17",
        "x": 1142.39111328125,
        "y": 382.34423828125,
        "z": -992.8031005859375
    },
    {
        "color": 4294967295,
        "name": "Generic Point 18",
        "x": 1101.5062255859375,
        "y": 387.10028076171875,
        "z": -1004.9967651367188
    },
    {
        "color": 4294967295,
        "name": "Generic Point 19",
        "x": 1109.5064697265625,
        "y": 410.7396545410156,
        "z": -1040.257568359375
    },
    {
        "color": 4294967295,
        "name": "Generic Point 2",
        "x": 978.8929443359375,
        "y": 609.8556518554688,
        "z": -921.532958984375
    },
    {
        "color": 4294967295,
        "name": "Generic Point 20",
        "x": 1204.449462890625,
        "y": 199.92196655273438,
        "z": -1205.83740234375
    },
    {
        "color": 4294967295,
        "name": "Generic Point 21",
        "x": 1099.9400634765625,
        "y": 203.2244873046875,
        "z": -1146.646240234375
    },
    {
        "color": 4294967295,
        "name": "Generic Point 22",
        "x": 1102.5738525390625,
        "y": 201.31150817871094,
        "z": -1184.0357666015625
    },
    {
        "color": 4294967295,
        "name": "Generic Point 23",
        "x": 1419.1739501953125,
        "y": 269.58660888671875,
        "z": -1108.1046142578125
    },
    {
        "color": 4294967295,
        "name": "Generic Point 24",
        "x": 1049.8096923828125,
        "y": 201.70367431640625,
        "z": -1261.084228515625
    },
    {
        "color": 4294967295,
        "name": "Generic Point 25",
        "x": 1001.6827392578125,
        "y": 209.07997131347656,
        "z": -1451.1024169921875
    },
    {
        "color": 4294967295,
        "name": "Generic Point 26",
        "x": 1394.401123046875,
        "y": 239.5400848388672,
        "z": -316.8568115234375
    },
    {
        "color": 4294967295,
        "name": "Generic Point 27",
        "x": 1504.7679443359375,
        "y": 232.9468994140625,
        "z": -342.8980712890625
    },
    {
        "color": 4294967295,
        "name": "Generic Point 28",
        "x": 1578.7119140625,
        "y": 295.06512451171875,
        "z": -1199.1317138671875
    },
    {
        "color": 4294967295,
        "name": "Generic Point 29",
        "x": 1515.482666015625,
        "y": 293.4201354980469,
        "z": -1207.4986572265625
    },
    {
        "color": 4294967295,
        "name": "Generic Point 3",
        "x": 1107.363037109375,
        "y": 464.4869689941406,
        "z": -968.2342529296875
    },
    {
        "color": 4294967295,
        "name": "Generic Point 30",
        "x": 1464.2119140625,
        "y": 289.4839782714844,
        "z": -1273.4234619140625
    },
    {
        "color": 4294967295,
        "name": "Generic Point 31",
        "x": 1399.72705078125,
        "y": 306.6032409667969,
        "z": -1272.1217041015625
    },
    {
        "color": 4294967295,
        "name": "Generic Point 32",
        "x": 1388.763916015625,
        "y": 268.91748046875,
        "z": -1158.6728515625
    },
    {
        "color": 4294967295,
        "name": "Generic Point 33",
        "x": 1390.276611328125,
        "y": 273.054443359375,
        "z": -1187.4571533203125
    },
    {
        "color": 4294967295,
        "name": "Generic Point 34",
        "x": 1287.076171875,
        "y": 273.708740234375,
        "z": -1220.285400390625
    },
    {
        "color": 4294967295,
        "name": "Generic Point 35",
        "x": 1273.877685546875,
        "y": 274.8152770996094,
        "z": -1178.0316162109375
    },
    {
        "color": 4294967295,
        "name": "Generic Point 36",
        "x": 1288.9222412109375,
        "y": 341.9966735839844,
        "z": -825.81396484375
    },
    {
        "color": 4294967295,
        "name": "Generic Point 37",
        "x": 1261.0538330078125,
        "y": 342.6352233886719,
        "z": -798.27685546875
    },
    {
        "color": 4294967295,
        "name": "Generic Point 38",
        "x": 1268.24951171875,
        "y": 342.89154052734375,
        "z": -785.1375732421875
    },
    {
        "color": 4294967295,
        "name": "Generic Point 39",
        "x": 1651.664794921875,
        "y": 268.86639404296875,
        "z": -971.1882934570312
    },
    {
        "color": 4294967295,
        "name": "Generic Point 4",
        "x": 961.9906616210938,
        "y": 201.1414031982422,
        "z": -1260.34716796875
    },
    {
        "color": 4294967295,
        "name": "Generic Point 40",
        "x": 1332.2779541015625,
        "y": 316.5414733886719,
        "z": -840.1189575195312
    },
    {
        "color": 4294967295,
        "name": "Generic Point 41",
        "x": 1341.9410400390625,
        "y": 292.0347595214844,
        "z": -982.9993896484375
    },
    {
        "color": 4294967295,
        "name": "Generic Point 42",
        "x": 1297.430908203125,
        "y": 303.0217590332031,
        "z": -1078.41943359375
    },
    {
        "color": 4294967295,
        "name": "Generic Point 43",
        "x": 1266.3509521484375,
        "y": 310.3067321777344,
        "z": -1087.3974609375
    },
    {
        "color": 4294967295,
        "name": "Generic Point 44",
        "x": 1232.502197265625,
        "y": 318.25482177734375,
        "z": -1111.326904296875
    },
    {
        "color": 4294967295,
        "name": "Generic Point 45",
        "x": 1247.585693359375,
        "y": 334.1104736328125,
        "z": -1118.5467529296875
    },
    {
        "color": 4294967295,
        "name": "Generic Point 46",
        "x": 1225.373291015625,
        "y": 342.8292236328125,
        "z": -1004.5130004882812
    },
    {
        "color": 4294967295,
        "name": "Generic Point 47",
        "x": 1244.4942626953125,
        "y": 346.73974609375,
        "z": -995.8018188476562
    },
    {
        "color": 4294967295,
        "name": "Generic Point 48",
        "x": 1262.33349609375,
        "y": 383.9466552734375,
        "z": -889.7070922851562
    },
    {
        "color": 4294967295,
        "name": "Generic Point 49",
        "x": 1331.145263671875,
        "y": 350.629638671875,
        "z": -978.6123657226562
    },
    {
        "color": 4294967295,
        "name": "Generic Point 5",
        "x": 827.9862670898438,
        "y": 199.8645477294922,
        "z": -1293.9158935546875
    },
    {
        "color": 4294967295,
        "name": "Generic Point 50",
        "x": 1715.9461669921875,
        "y": 302.4307861328125,
        "z": -927.2883911132812
    },
    {
        "color": 4294967295,
        "name": "Generic Point 51",
        "x": 1253.0809326171875,
        "y": 415.6526794433594,
        "z": -941.141845703125
    },
    {
        "color": 4294967295,
        "name": "Generic Point 52",
        "x": 1408.0069580078125,
        "y": 321.4057312011719,
        "z": -962.6841430664062
    },
    {
        "color": 4294967295,
        "name": "Generic Point 53",
        "x": 1424.45703125,
        "y": 337.33056640625,
        "z": -910.969482421875
    },
    {
        "color": 4294967295,
        "name": "Generic Point 54",
        "x": 1478.7557373046875,
        "y": 307.1970520019531,
        "z": -921.7525634765625
    },
    {
        "color": 4294967295,
        "name": "Generic Point 55",
        "x": 1532.70849609375,
        "y": 272.1002197265625,
        "z": -863.099609375
    },
    {
        "color": 4294967295,
        "name": "Generic Point 56",
        "x": 1534.1773681640625,
        "y": 272.9620056152344,
        "z": -823.6912231445312
    },
    {
        "color": 4294967295,
        "name": "Generic Point 57",
        "x": 1536.258056640625,
        "y": 266.9755859375,
        "z": -820.8556518554688
    },
    {
        "color": 4294967295,
        "name": "Generic Point 58",
        "x": 1459.46142578125,
        "y": 274.90069580078125,
        "z": -766.9171142578125
    },
    {
        "color": 4294967295,
        "name": "Generic Point 59",
        "x": 1432.13818359375,
        "y": 293.4627685546875,
        "z": -768.9940795898438
    },
    {
        "color": 4294967295,
        "name": "Generic Point 6",
        "x": 755.5599365234375,
        "y": 202.58950805664062,
        "z": -1161.3018798828125
    },
    {
        "color": 4294967295,
        "name": "Generic Point 60",
        "x": 1501.95947265625,
        "y": 266.98114013671875,
        "z": -695.57958984375
    },
    {
        "color": 4294967295,
        "name": "Generic Point 61",
        "x": 1493.2230224609375,
        "y": 268.57574462890625,
        "z": -1144.576416015625
    },
    {
        "color": 4294967295,
        "name": "Generic Point 62",
        "x": 1590.42822265625,
        "y": 278.5784912109375,
        "z": -704.174560546875
    },
    {
        "color": 4294967295,
        "name": "Generic Point 63",
        "x": 1644.5435791015625,
        "y": 258.057861328125,
        "z": -594.7160034179688
    },
    {
        "color": 4294967295,
        "name": "Generic Point 64",
        "x": 1485.8895263671875,
        "y": 266.9799499511719,
        "z": -639.078857421875
    },
    {
        "color": 4294967295,
        "name": "Generic Point 65",
        "x": 1414.598876953125,
        "y": 275.40533447265625,
        "z": -661.2745361328125
    },
    {
        "color": 4294967295,
        "name": "Generic Point 66",
        "x": 1363.318115234375,
        "y": 267.41717529296875,
        "z": -629.1889038085938
    },
    {
        "color": 4294967295,
        "name": "Generic Point 67",
        "x": 1359.58837890625,
        "y": 270.1064147949219,
        "z": -553.4844360351562
    },
    {
        "color": 4294967295,
        "name": "Generic Point 68",
        "x": 1356.762939453125,
        "y": 271.1958312988281,
        "z": -518.7600708007812
    },
    {
        "color": 4294967295,
        "name": "Generic Point 69",
        "x": 1328.404541015625,
        "y": 273.0460205078125,
        "z": -506.07080078125
    },
    {
        "color": 4294967295,
        "name": "Generic Point 7",
        "x": 608.3195190429688,
        "y": 202.62646484375,
        "z": -1162.5966796875
    },
    {
        "color": 4294967295,
        "name": "Generic Point 70",
        "x": 1396.7939453125,
        "y": 272.5171203613281,
        "z": -491.1983337402344
    },
    {
        "color": 4294967295,
        "name": "Generic Point 71",
        "x": 1298.0689697265625,
        "y": 283.82720947265625,
        "z": -432.4566345214844
    },
    {
        "color": 4294967295,
        "name": "Generic Point 72",
        "x": 1501.892333984375,
        "y": 272.3584899902344,
        "z": -1027.74951171875
    },
    {
        "color": 4294967295,
        "name": "Generic Point 73",
        "x": 1215.627197265625,
        "y": 392.9920654296875,
        "z": -756.5728759765625
    },
    {
        "color": 4294967295,
        "name": "Generic Point 74",
        "x": 1149.4586181640625,
        "y": 403.1712341308594,
        "z": -720.3634033203125
    },
    {
        "color": 4294967295,
        "name": "Generic Point 75",
        "x": 1093.503173828125,
        "y": 409.82574462890625,
        "z": -698.7305908203125
    },
    {
        "color": 4294967295,
        "name": "Generic Point 76",
        "x": 1072.35107421875,
        "y": 380.87237548828125,
        "z": -623.2655029296875
    },
    {
        "color": 4294967295,
        "name": "Generic Point 77",
        "x": 1029.7642822265625,
        "y": 380.0060119628906,
        "z": -571.7281494140625
    },
    {
        "color": 4294967295,
        "name": "Generic Point 78",
        "x": 1043.600830078125,
        "y": 367.1287841796875,
        "z": -578.4103393554688
    },
    {
        "color": 4294967295,
        "name": "Generic Point 79",
        "x": 1007.1304321289062,
        "y": 378.4309997558594,
        "z": -668.1539306640625
    },
    {
        "color": 4294967295,
        "name": "Generic Point 8",
        "x": 655.4356079101562,
        "y": 202.24790954589844,
        "z": -1057.05615234375
    },
    {
        "color": 4294967295,
        "name": "Generic Point 80",
        "x": 1019.3059692382812,
        "y": 351.8813781738281,
        "z": -648.45947265625
    },
    {
        "color": 4294967295,
        "name": "Generic Point 81",
        "x": 1029.6761474609375,
        "y": 349.2408447265625,
        "z": -655.7015991210938
    },
    {
        "color": 4294967295,
        "name": "Generic Point 82",
        "x": 958.75537109375,
        "y": 343.1461486816406,
        "z": -590.6275634765625
    },
    {
        "color": 4294967295,
        "name": "Generic Point 83",
        "x": 1482.8941650390625,
        "y": 267.2066650390625,
        "z": -1026.6923828125
    },
    {
        "color": 4294967295,
        "name": "Generic Point 84",
        "x": 1145.6085205078125,
        "y": 296.436767578125,
        "z": -517.6673583984375
    },
    {
        "color": 4294967295,
        "name": "Generic Point 85",
        "x": 1037.2000732421875,
        "y": 319.00225830078125,
        "z": -419.85394287109375
    },
    {
        "color": 4294967295,
        "name": "Generic Point 86",
        "x": 1131.184814453125,
        "y": 272.3635559082031,
        "z": -387.7685241699219
    },
    {
        "color": 4294967295,
        "name": "Generic Point 87",
        "x": 1085.3800048828125,
        "y": 253.70907592773438,
        "z": -362.32183837890625
    },
    {
        "color": 4294967295,
        "name": "Generic Point 88",
        "x": 1132.5079345703125,
        "y": 245.8392791748047,
        "z": -300.5972900390625
    },
    {
        "color": 4294967295,
        "name": "Generic Point 89",
        "x": 844.207275390625,
        "y": 327.67822265625,
        "z": -494.7500305175781
    },
    {
        "color": 4294967295,
        "name": "Generic Point 9",
        "x": 709.1536254882812,
        "y": 269.4309997558594,
        "z": -1116.4010009765625
    },
    {
        "color": 4294967295,
        "name": "Generic Point 90",
        "x": 776.501953125,
        "y": 327.7285461425781,
        "z": -535.984375
    },
    {
        "color": 4294967295,
        "name": "Generic Point 91",
        "x": 831.2115478515625,
        "y": 403.30279541015625,
        "z": -622.6611328125
    },
    {
        "color": 4294967295,
        "name": "Generic Point 92",
        "x": 927.8749389648438,
        "y": 346.9012145996094,
        "z": -527.3299560546875
    },
    {
        "color": 4294967295,
        "name": "Generic Point 93",
        "x": 924.1527099609375,
        "y": 300.00372314453125,
        "z": -443.7391357421875
    },
    {
        "color": 4294967295,
        "name": "Generic Point 94",
        "x": 1459.776123046875,
        "y": 278.5738525390625,
        "z": -1012.0352783203125
    },
    {
        "color": 4294967295,
        "name": "Generic Point 95",
        "x": 955.9266357421875,
        "y": 292.711669921875,
        "z": -414.9225769042969
    },
    {
        "color": 4294967295,
        "name": "Generic Point 96",
        "x": 985.0801391601562,
        "y": 271.8818359375,
        "z": -393.7572021484375
    },
    {
        "color": 4294967295,
        "name": "Generic Point 97",
        "x": 952.4814453125,
        "y": 284.60015869140625,
        "z": -378.9228820800781
    },
    {
        "color": 4294967295,
        "name": "Generic Point 98",
        "x": 850.7162475585938,
        "y": 293.3225402832031,
        "z": -394.4425048828125
    },
    {
        "color": 4294967295,
        "name": "Generic Point 99",
        "x": 909.5537719726562,
        "y": 341.4685363769531,
        "z": -633.596435546875
    }
]