[
    {
        "color": 4294967295,
        "name": "fred0211 0",
        "x": -1505.166259765625,
        "y": 249.9446563720703,
        "z": 9069.759765625
    },
    {
        "color": 4294967295,
        "name": "fred0211 1",
        "x": -514.1461181640625,
        "y": 208.77464294433594,
        "z": 10297.236328125
    },
    {
        "color": 4294967295,
        "name": "fred0211 2",
        "x": -784.8258056640625,
        "y": 202.13568115234375,
        "z": 9463.5859375
    },
    {
        "color": 4294967295,
        "name": "fred0211 3",
        "x": -1533.633056640625,
        "y": 127.24559020996094,
        "z": 8457.2958984375
    },
    {
        "color": 4294967295,
        "name": "fred0211 4",
        "x": -2838.93115234375,
        "y": 206.18063354492188,
        "z": 8757.625
    },
    {
        "color": 4294967295,
        "name": "fred0211 5",
        "x": -1831.966796875,
        "y": 265.28741455078125,
        "z": 7725.2763671875
    }
]