[
    {
        "color": 4294967295,
        "name": "Generic Point 0",
        "x": 1390.989990234375,
        "y": 306.9440002441406,
        "z": 3432.22998046875
    },
    {
        "color": 4294967295,
        "name": "Generic Point 1",
        "x": 1614.8499755859375,
        "y": 256.31298828125,
        "z": 3696.14990234375
    },
    {
        "color": 4294967295,
        "name": "Generic Point 2",
        "x": 1515.0799560546875,
        "y": 144.2899932861328,
        "z": 3818.550048828125
    },
    {
        "color": 4294967295,
        "name": "Generic Point 3",
        "x": 1422.1600341796875,
        "y": 131.3159942626953,
        "z": 3998.47998046875
    }
]