[
    {
        "color": 4294967295,
        "name": "Generic Point 0",
        "x": -4421.40673828125,
        "y": 193.599609375,
        "z": -3765.098876953125
    },
    {
        "color": 4294967295,
        "name": "Generic Point 1",
        "x": -4979.06201171875,
        "y": 204.88194274902344,
        "z": -4344.86767578125
    },
    {
        "color": 4294967295,
        "name": "Generic Point 10",
        "x": -4262.6123046875,
        "y": 204.59866333007812,
        "z": -4176.033203125
    },
    {
        "color": 4294967295,
        "name": "Generic Point 11",
        "x": -4246.65380859375,
        "y": 213.3135528564453,
        "z": -4265.7880859375
    },
    {
        "color": 4294967295,
        "name": "Generic Point 12",
        "x": -4409.65185546875,
        "y": 204.9257049560547,
        "z": -4236.94775390625
    },
    {
        "color": 4294967295,
        "name": "Generic Point 13",
        "x": -4822.47607421875,
        "y": 223.36688232421875,
        "z": -4807.2294921875
    },
    {
        "color": 4294967295,
        "name": "Generic Point 14",
        "x": -5002.06396484375,
        "y": 202.2585906982422,
        "z": -4596.1162109375
    },
    {
        "color": 4294967295,
        "name": "Generic Point 2",
        "x": -4664.85791015625,
        "y": 203.02822875976562,
        "z": -4066.802978515625
    },
    {
        "color": 4294967295,
        "name": "Generic Point 3",
        "x": -4784.17431640625,
        "y": 275.6004333496094,
        "z": -4025.2001953125
    },
    {
        "color": 4294967295,
        "name": "Generic Point 4",
        "x": -4669.42236328125,
        "y": 121.94824981689453,
        "z": -4248.30859375
    },
    {
        "color": 4294967295,
        "name": "Generic Point 5",
        "x": -4687.74609375,
        "y": 131.0941619873047,
        "z": -4275.01708984375
    },
    {
        "color": 4294967295,
        "name": "Generic Point 6",
        "x": -4637.76025390625,
        "y": 133.62574768066406,
        "z": -4248.86669921875
    },
    {
        "color": 4294967295,
        "name": "Generic Point 7",
        "x": -4431.244140625,
        "y": 166.13433837890625,
        "z": -3772.933349609375
    },
    {
        "color": 4294967295,
        "name": "Generic Point 8",
        "x": -4292.78076171875,
        "y": 203.61012268066406,
        "z": -3806.69677734375
    },
    {
        "color": 4294967295,
        "name": "Generic Point 9",
        "x": -4388.953125,
        "y": 217.6650848388672,
        "z": -3923.03662109375
    }
]