[
    {
        "color": 4294967295,
        "name": "Generic Point 0",
        "x": 1211.08740234375,
        "y": 615.8146362304688,
        "z": 4701.43505859375
    },
    {
        "color": 4294967295,
        "name": "Generic Point 1",
        "x": 1716.82080078125,
        "y": 566.3006591796875,
        "z": 4536.208984375
    },
    {
        "color": 4294967295,
        "name": "Generic Point 2",
        "x": 1480.1492919921875,
        "y": 227.44354248046875,
        "z": 3533.971435546875
    }
]