[
    {
        "color": 4294967295,
        "name": "Generic Point 0",
        "x": 843.25537109375,
        "y": 398.0465087890625,
        "z": 5412.70068359375
    },
    {
        "color": 4294967295,
        "name": "Generic Point 1",
        "x": -204.31529235839844,
        "y": 254.46580505371094,
        "z": 3645.0556640625
    },
    {
        "color": 4294967295,
        "name": "Generic Point 10",
        "x": -1694.0318603515625,
        "y": 256.2315368652344,
        "z": 3129.59228515625
    },
    {
        "color": 4294967295,
        "name": "Generic Point 100",
        "x": -1346.508544921875,
        "y": 17.412817001342773,
        "z": 5350.87646484375
    },
    {
        "color": 4294967295,
        "name": "Generic Point 101",
        "x": 144.4276580810547,
        "y": 259.98486328125,
        "z": 2301.536376953125
    },
    {
        "color": 4294967295,
        "name": "Generic Point 102",
        "x": -1482.6259765625,
        "y": 19.43175506591797,
        "z": 5607.0048828125
    },
    {
        "color": 4294967295,
        "name": "Generic Point 103",
        "x": -1454.535888671875,
        "y": 26.425033569335938,
        "z": 5739.8046875
    },
    {
        "color": 4294967295,
        "name": "Generic Point 104",
        "x": -1324.7742919921875,
        "y": 6.730395793914795,
        "z": 5762.70068359375
    },
    {
        "color": 4294967295,
        "name": "Generic Point 105",
        "x": -1550.7374267578125,
        "y": 26.846437454223633,
        "z": 5074.52001953125
    },
    {
        "color": 4294967295,
        "name": "Generic Point 106",
        "x": -1262.230712890625,
        "y": -29.738651275634766,
        "z": 5445.77099609375
    },
    {
        "color": 4294967295,
        "name": "Generic Point 107",
        "x": -259.6429138183594,
        "y": 201.247802734375,
        "z": 5151.68896484375
    },
    {
        "color": 4294967295,
        "name": "Generic Point 108",
        "x": -240.525390625,
        "y": 194.05467224121094,
        "z": 5092.13232421875
    },
    {
        "color": 4294967295,
        "name": "Generic Point 109",
        "x": -202.82565307617188,
        "y": -47.66154098510742,
        "z": 4777.625
    },
    {
        "color": 4294967295,
        "name": "Generic Point 11",
        "x": -1552.3773193359375,
        "y": 286.30731201171875,
        "z": 3518.456787109375
    },
    {
        "color": 4294967295,
        "name": "Generic Point 110",
        "x": -273.19012451171875,
        "y": 198.7454071044922,
        "z": 5115.7890625
    },
    {
        "color": 4294967295,
        "name": "Generic Point 111",
        "x": -812.83349609375,
        "y": 218.30943298339844,
        "z": 4971.701171875
    },
    {
        "color": 4294967295,
        "name": "Generic Point 112",
        "x": -1631.02783203125,
        "y": 200.90223693847656,
        "z": 2546.7607421875
    },
    {
        "color": 4294967295,
        "name": "Generic Point 113",
        "x": -227.4827880859375,
        "y": 213.65135192871094,
        "z": 2415.616455078125
    },
    {
        "color": 4294967295,
        "name": "Generic Point 114",
        "x": -1487.3870849609375,
        "y": 63.59928894042969,
        "z": 5153.419921875
    },
    {
        "color": 4294967295,
        "name": "Generic Point 115",
        "x": -797.7109375,
        "y": -250.51771545410156,
        "z": 5979.890625
    },
    {
        "color": 4294967295,
        "name": "Generic Point 116",
        "x": -691.6162719726562,
        "y": -278.4683532714844,
        "z": 6009.66796875
    },
    {
        "color": 4294967295,
        "name": "Generic Point 117",
        "x": -733.8592529296875,
        "y": -278.4200134277344,
        "z": 5996.017578125
    },
    {
        "color": 4294967295,
        "name": "Generic Point 118",
        "x": -767.2443237304688,
        "y": -277.772216796875,
        "z": 6019.02294921875
    },
    {
        "color": 4294967295,
        "name": "Generic Point 119",
        "x": -782.7255859375,
        "y": -86.03742980957031,
        "z": 4477.6201171875
    },
    {
        "color": 4294967295,
        "name": "Generic Point 12",
        "x": -1717.69384765625,
        "y": 192.2303924560547,
        "z": 3369.2509765625
    },
    {
        "color": 4294967295,
        "name": "Generic Point 120",
        "x": -748.298828125,
        "y": -87.30149841308594,
        "z": 4468.23388671875
    },
    {
        "color": 4294967295,
        "name": "Generic Point 121",
        "x": -771.2325439453125,
        "y": -93.6010971069336,
        "z": 4438.4248046875
    },
    {
        "color": 4294967295,
        "name": "Generic Point 122",
        "x": -334.0602111816406,
        "y": -17.811193466186523,
        "z": 5493.85595703125
    },
    {
        "color": 4294967295,
        "name": "Generic Point 123",
        "x": -304.01971435546875,
        "y": -17.810792922973633,
        "z": 5501.76806640625
    },
    {
        "color": 4294967295,
        "name": "Generic Point 124",
        "x": -106.05787658691406,
        "y": 330.93798828125,
        "z": 1996.818115234375
    },
    {
        "color": 4294967295,
        "name": "Generic Point 125",
        "x": -327.85009765625,
        "y": -17.884061813354492,
        "z": 5468.435546875
    },
    {
        "color": 4294967295,
        "name": "Generic Point 126",
        "x": -296.4374084472656,
        "y": -17.856191635131836,
        "z": 5473.84375
    },
    {
        "color": 4294967295,
        "name": "Generic Point 127",
        "x": -1318.681640625,
        "y": 288.87274169921875,
        "z": 2881.662109375
    },
    {
        "color": 4294967295,
        "name": "Generic Point 128",
        "x": -1766.068603515625,
        "y": 246.53173828125,
        "z": 2756.954345703125
    },
    {
        "color": 4294967295,
        "name": "Generic Point 129",
        "x": -1878.2440185546875,
        "y": 263.2292175292969,
        "z": 2768.94189453125
    },
    {
        "color": 4294967295,
        "name": "Generic Point 13",
        "x": -2622.711181640625,
        "y": 11.699719429016113,
        "z": 5662.57373046875
    },
    {
        "color": 4294967295,
        "name": "Generic Point 130",
        "x": -1494.4376220703125,
        "y": 203.6251220703125,
        "z": 2321.69189453125
    },
    {
        "color": 4294967295,
        "name": "Generic Point 131",
        "x": -1357.1942138671875,
        "y": 145.06130981445312,
        "z": 2363.333740234375
    },
    {
        "color": 4294967295,
        "name": "Generic Point 132",
        "x": -1326.1688232421875,
        "y": 178.35064697265625,
        "z": 2446.79052734375
    },
    {
        "color": 4294967295,
        "name": "Generic Point 133",
        "x": -1222.6864013671875,
        "y": 189.38858032226562,
        "z": 2358.68359375
    },
    {
        "color": 4294967295,
        "name": "Generic Point 134",
        "x": -1181.2850341796875,
        "y": 188.8083953857422,
        "z": 2261.264892578125
    },
    {
        "color": 4294967295,
        "name": "Generic Point 135",
        "x": -341.14984130859375,
        "y": 283.35882568359375,
        "z": 2121.0947265625
    },
    {
        "color": 4294967295,
        "name": "Generic Point 136",
        "x": -1186.74853515625,
        "y": 151.75042724609375,
        "z": 2213.641845703125
    },
    {
        "color": 4294967295,
        "name": "Generic Point 137",
        "x": -1191.859130859375,
        "y": 182.8977813720703,
        "z": 2472.587890625
    },
    {
        "color": 4294967295,
        "name": "Generic Point 138",
        "x": -1314.3212890625,
        "y": 176.84800720214844,
        "z": 2434.83544921875
    },
    {
        "color": 4294967295,
        "name": "Generic Point 139",
        "x": -1329.0697021484375,
        "y": 68.62957763671875,
        "z": 4972.29248046875
    },
    {
        "color": 4294967295,
        "name": "Generic Point 14",
        "x": -1642.530029296875,
        "y": 311.0384521484375,
        "z": 3098.232666015625
    },
    {
        "color": 4294967295,
        "name": "Generic Point 140",
        "x": -1296.497802734375,
        "y": 37.60249710083008,
        "z": 5436.37939453125
    },
    {
        "color": 4294967295,
        "name": "Generic Point 141",
        "x": -286.7246398925781,
        "y": -24.08968734741211,
        "z": 4783.69921875
    },
    {
        "color": 4294967295,
        "name": "Generic Point 142",
        "x": -464.68243408203125,
        "y": 258.0950927734375,
        "z": 5152.9736328125
    },
    {
        "color": 4294967295,
        "name": "Generic Point 143",
        "x": -1139.268310546875,
        "y": 105.78575134277344,
        "z": 5082.72021484375
    },
    {
        "color": 4294967295,
        "name": "Generic Point 144",
        "x": -941.2254638671875,
        "y": 84.65815734863281,
        "z": 5535.1728515625
    },
    {
        "color": 4294967295,
        "name": "Generic Point 145",
        "x": -1112.8201904296875,
        "y": -33.7244987487793,
        "z": 5411.29443359375
    },
    {
        "color": 4294967295,
        "name": "Generic Point 146",
        "x": -543.0191040039062,
        "y": 103.46170043945312,
        "z": 2357.5322265625
    },
    {
        "color": 4294967295,
        "name": "Generic Point 147",
        "x": -1191.7178955078125,
        "y": -37.95718765258789,
        "z": 5485.37548828125
    },
    {
        "color": 4294967295,
        "name": "Generic Point 148",
        "x": -1753.2052001953125,
        "y": 38.40163040161133,
        "z": 5553.7939453125
    },
    {
        "color": 4294967295,
        "name": "Generic Point 149",
        "x": -1483.840576171875,
        "y": 19.61577796936035,
        "z": 5600.8720703125
    },
    {
        "color": 4294967295,
        "name": "Generic Point 15",
        "x": -1356.301513671875,
        "y": 261.7746276855469,
        "z": 3314.834228515625
    },
    {
        "color": 4294967295,
        "name": "Generic Point 150",
        "x": -1472.4300537109375,
        "y": -28.543758392333984,
        "z": 5541.48828125
    },
    {
        "color": 4294967295,
        "name": "Generic Point 151",
        "x": -1386.1470947265625,
        "y": 58.206825256347656,
        "z": 5572.4208984375
    },
    {
        "color": 4294967295,
        "name": "Generic Point 152",
        "x": -978.942626953125,
        "y": -147.5023193359375,
        "z": 5009.439453125
    },
    {
        "color": 4294967295,
        "name": "Generic Point 153",
        "x": -734.211669921875,
        "y": -23.79005241394043,
        "z": 4430.4052734375
    },
    {
        "color": 4294967295,
        "name": "Generic Point 154",
        "x": -993.273193359375,
        "y": 34.80204391479492,
        "z": 4850.0908203125
    },
    {
        "color": 4294967295,
        "name": "Generic Point 155",
        "x": -968.6549072265625,
        "y": 68.42082214355469,
        "z": 4813.62109375
    },
    {
        "color": 4294967295,
        "name": "Generic Point 156",
        "x": -1008.2860717773438,
        "y": 37.19663619995117,
        "z": 4781.841796875
    },
    {
        "color": 4294967295,
        "name": "Generic Point 157",
        "x": -1234.4921875,
        "y": 305.52642822265625,
        "z": 2072.384033203125
    },
    {
        "color": 4294967295,
        "name": "Generic Point 158",
        "x": -1030.175537109375,
        "y": 67.08148193359375,
        "z": 4797.0517578125
    },
    {
        "color": 4294967295,
        "name": "Generic Point 159",
        "x": -496.8092346191406,
        "y": 118.65830993652344,
        "z": 4351.10498046875
    },
    {
        "color": 4294967295,
        "name": "Generic Point 16",
        "x": -1411.1029052734375,
        "y": 231.3470001220703,
        "z": 3693.15380859375
    },
    {
        "color": 4294967295,
        "name": "Generic Point 160",
        "x": -626.5404052734375,
        "y": 261.594970703125,
        "z": 5104.30908203125
    },
    {
        "color": 4294967295,
        "name": "Generic Point 161",
        "x": -1293.8096923828125,
        "y": 60.99751663208008,
        "z": 5115.50048828125
    },
    {
        "color": 4294967295,
        "name": "Generic Point 162",
        "x": -1201.0103759765625,
        "y": -64.04505157470703,
        "z": 5626.9326171875
    },
    {
        "color": 4294967295,
        "name": "Generic Point 163",
        "x": -1107.614990234375,
        "y": -62.38655090332031,
        "z": 5666.28955078125
    },
    {
        "color": 4294967295,
        "name": "Generic Point 164",
        "x": -1111.4837646484375,
        "y": -66.12252807617188,
        "z": 5729.27978515625
    },
    {
        "color": 4294967295,
        "name": "Generic Point 165",
        "x": -1178.7562255859375,
        "y": 43.30374526977539,
        "z": 5782.599609375
    },
    {
        "color": 4294967295,
        "name": "Generic Point 166",
        "x": -1390.4033203125,
        "y": 52.16316223144531,
        "z": 5388.09814453125
    },
    {
        "color": 4294967295,
        "name": "Generic Point 167",
        "x": -985.9508056640625,
        "y": -214.49594116210938,
        "z": 5770.42138671875
    },
    {
        "color": 4294967295,
        "name": "Generic Point 168",
        "x": -1409.0301513671875,
        "y": 304.95635986328125,
        "z": 2184.450439453125
    },
    {
        "color": 4294967295,
        "name": "Generic Point 169",
        "x": -996.293701171875,
        "y": -221.09324645996094,
        "z": 5820.01171875
    },
    {
        "color": 4294967295,
        "name": "Generic Point 17",
        "x": -1283.314453125,
        "y": 259.5321044921875,
        "z": 3636.518798828125
    },
    {
        "color": 4294967295,
        "name": "Generic Point 170",
        "x": -930.7868041992188,
        "y": -49.14610290527344,
        "z": 4975.162109375
    },
    {
        "color": 4294967295,
        "name": "Generic Point 171",
        "x": -884.6495361328125,
        "y": -197.2247772216797,
        "z": 5039.27978515625
    },
    {
        "color": 4294967295,
        "name": "Generic Point 172",
        "x": -902.8417358398438,
        "y": -196.9295196533203,
        "z": 5029.9462890625
    },
    {
        "color": 4294967295,
        "name": "Generic Point 173",
        "x": -600.4014892578125,
        "y": 227.44503784179688,
        "z": 4994.05517578125
    },
    {
        "color": 4294967295,
        "name": "Generic Point 174",
        "x": -457.4146728515625,
        "y": -77.709228515625,
        "z": 5510.32470703125
    },
    {
        "color": 4294967295,
        "name": "Generic Point 175",
        "x": -1515.6405029296875,
        "y": 81.26203918457031,
        "z": 5014.8486328125
    },
    {
        "color": 4294967295,
        "name": "Generic Point 176",
        "x": -1373.89697265625,
        "y": 28.593994140625,
        "z": 5262.7001953125
    },
    {
        "color": 4294967295,
        "name": "Generic Point 177",
        "x": -895.2496337890625,
        "y": 52.30052947998047,
        "z": 4510.1875
    },
    {
        "color": 4294967295,
        "name": "Generic Point 178",
        "x": -100.57843017578125,
        "y": 36.432918548583984,
        "z": 4901.02783203125
    },
    {
        "color": 4294967295,
        "name": "Generic Point 179",
        "x": -1708.6641845703125,
        "y": 140.22506713867188,
        "z": 2129.762451171875
    },
    {
        "color": 4294967295,
        "name": "Generic Point 18",
        "x": -1217.8914794921875,
        "y": 254.4335174560547,
        "z": 3975.847412109375
    },
    {
        "color": 4294967295,
        "name": "Generic Point 180",
        "x": -474.5608215332031,
        "y": 253.65493774414062,
        "z": 4951.7158203125
    },
    {
        "color": 4294967295,
        "name": "Generic Point 181",
        "x": -910.2977905273438,
        "y": 131.9061737060547,
        "z": 4811.279296875
    },
    {
        "color": 4294967295,
        "name": "Generic Point 182",
        "x": -1773.640625,
        "y": -13.784660339355469,
        "z": 5528.14599609375
    },
    {
        "color": 4294967295,
        "name": "Generic Point 183",
        "x": -1498.5565185546875,
        "y": -1.934422492980957,
        "z": 5272.80126953125
    },
    {
        "color": 4294967295,
        "name": "Generic Point 184",
        "x": -202.6944580078125,
        "y": 218.12808227539062,
        "z": 4463.8544921875
    },
    {
        "color": 4294967295,
        "name": "Generic Point 185",
        "x": -1097.4788818359375,
        "y": 72.6035385131836,
        "z": 5610.87646484375
    },
    {
        "color": 4294967295,
        "name": "Generic Point 186",
        "x": -1435.3782958984375,
        "y": -51.16377639770508,
        "z": 5488.4560546875
    },
    {
        "color": 4294967295,
        "name": "Generic Point 187",
        "x": -498.3375549316406,
        "y": 264.4354553222656,
        "z": 5219.3525390625
    },
    {
        "color": 4294967295,
        "name": "Generic Point 188",
        "x": -1338.3782958984375,
        "y": -36.634029388427734,
        "z": 5699.0986328125
    },
    {
        "color": 4294967295,
        "name": "Generic Point 189",
        "x": -704.1148681640625,
        "y": 55.133689880371094,
        "z": 4471.52685546875
    },
    {
        "color": 4294967295,
        "name": "Generic Point 19",
        "x": -1171.1649169921875,
        "y": 255.84815979003906,
        "z": 3928.12158203125
    },
    {
        "color": 4294967295,
        "name": "Generic Point 190",
        "x": -1754.1785888671875,
        "y": 195.7594757080078,
        "z": 2174.03759765625
    },
    {
        "color": 4294967295,
        "name": "Generic Point 191",
        "x": -1237.95361328125,
        "y": 95.65000915527344,
        "z": 5049.27734375
    },
    {
        "color": 4294967295,
        "name": "Generic Point 192",
        "x": -845.9287719726562,
        "y": 141.33712768554688,
        "z": 4801.29736328125
    },
    {
        "color": 4294967295,
        "name": "Generic Point 193",
        "x": -813.1402587890625,
        "y": 155.40821838378906,
        "z": 4838.65576171875
    },
    {
        "color": 4294967295,
        "name": "Generic Point 194",
        "x": -793.860595703125,
        "y": 146.29283142089844,
        "z": 4802.82763671875
    },
    {
        "color": 4294967295,
        "name": "Generic Point 195",
        "x": -602.3112182617188,
        "y": 252.62437438964844,
        "z": 5171.80859375
    },
    {
        "color": 4294967295,
        "name": "Generic Point 196",
        "x": -567.5882568359375,
        "y": 252.6260986328125,
        "z": 5168.39599609375
    },
    {
        "color": 4294967295,
        "name": "Generic Point 197",
        "x": -557.96728515625,
        "y": 248.2183837890625,
        "z": 5191.07470703125
    },
    {
        "color": 4294967295,
        "name": "Generic Point 198",
        "x": -1192.7845458984375,
        "y": 121.63240051269531,
        "z": 5053.296875
    },
    {
        "color": 4294967295,
        "name": "Generic Point 199",
        "x": -1423.66845703125,
        "y": 50.04672622680664,
        "z": 5115.03515625
    },
    {
        "color": 4294967295,
        "name": "Generic Point 2",
        "x": -1761.7279052734375,
        "y": 214.81674194335938,
        "z": 4625.80419921875
    },
    {
        "color": 4294967295,
        "name": "Generic Point 20",
        "x": -1102.866455078125,
        "y": 176.15638732910156,
        "z": 3711.189453125
    },
    {
        "color": 4294967295,
        "name": "Generic Point 200",
        "x": -1391.625244140625,
        "y": 47.6198844909668,
        "z": 5115.03173828125
    },
    {
        "color": 4294967295,
        "name": "Generic Point 201",
        "x": -1729.311767578125,
        "y": 206.44125366210938,
        "z": 2498.565673828125
    },
    {
        "color": 4294967295,
        "name": "Generic Point 202",
        "x": -1419.8603515625,
        "y": 41.43755340576172,
        "z": 5180.201171875
    },
    {
        "color": 4294967295,
        "name": "Generic Point 203",
        "x": -1612.6790771484375,
        "y": -1.5832526683807373,
        "z": 5787.5107421875
    },
    {
        "color": 4294967295,
        "name": "Generic Point 204",
        "x": -1486.9595947265625,
        "y": 28.90045928955078,
        "z": 5620.38232421875
    },
    {
        "color": 4294967295,
        "name": "Generic Point 205",
        "x": -1239.5882568359375,
        "y": 42.63703918457031,
        "z": 5616.13916015625
    },
    {
        "color": 4294967295,
        "name": "Generic Point 206",
        "x": -1413.7183837890625,
        "y": 55.16440963745117,
        "z": 5324.7197265625
    },
    {
        "color": 4294967295,
        "name": "Generic Point 207",
        "x": 424.34368896484375,
        "y": 254.39186096191406,
        "z": 2208.423095703125
    },
    {
        "color": 4294967295,
        "name": "Generic Point 208",
        "x": 348.2125549316406,
        "y": 184.94496154785156,
        "z": 2288.59375
    },
    {
        "color": 4294967295,
        "name": "Generic Point 209",
        "x": 233.94509887695312,
        "y": 313.97894287109375,
        "z": 2113.371826171875
    },
    {
        "color": 4294967295,
        "name": "Generic Point 21",
        "x": -1281.1904296875,
        "y": 235.12440490722656,
        "z": 2708.25390625
    },
    {
        "color": 4294967295,
        "name": "Generic Point 210",
        "x": 103.2965087890625,
        "y": 247.5054473876953,
        "z": 2263.1083984375
    },
    {
        "color": 4294967295,
        "name": "Generic Point 211",
        "x": -208.17782592773438,
        "y": 235.66763305664062,
        "z": 2297.66796875
    },
    {
        "color": 4294967295,
        "name": "Generic Point 212",
        "x": -1575.928955078125,
        "y": 217.61476135253906,
        "z": 2761.60302734375
    },
    {
        "color": 4294967295,
        "name": "Generic Point 213",
        "x": -377.89678955078125,
        "y": 199.5472869873047,
        "z": 2343.6591796875
    },
    {
        "color": 4294967295,
        "name": "Generic Point 214",
        "x": -544.6942138671875,
        "y": 103.6092300415039,
        "z": 2277.951416015625
    },
    {
        "color": 4294967295,
        "name": "Generic Point 215",
        "x": -538.9026489257812,
        "y": 218.6793670654297,
        "z": 2346.11083984375
    },
    {
        "color": 4294967295,
        "name": "Generic Point 216",
        "x": -501.36334228515625,
        "y": 134.6272735595703,
        "z": 2505.1748046875
    },
    {
        "color": 4294967295,
        "name": "Generic Point 217",
        "x": -370.8441162109375,
        "y": 247.35003662109375,
        "z": 2627.072021484375
    },
    {
        "color": 4294967295,
        "name": "Generic Point 218",
        "x": -14.059677124023438,
        "y": 172.79953002929688,
        "z": 2634.36572265625
    },
    {
        "color": 4294967295,
        "name": "Generic Point 219",
        "x": -23.935253143310547,
        "y": 298.0837707519531,
        "z": 2828.527099609375
    },
    {
        "color": 4294967295,
        "name": "Generic Point 22",
        "x": -902.1152954101562,
        "y": 334.10272216796875,
        "z": 3367.470947265625
    },
    {
        "color": 4294967295,
        "name": "Generic Point 220",
        "x": -62.38984680175781,
        "y": 184.78057861328125,
        "z": 2854.443603515625
    },
    {
        "color": 4294967295,
        "name": "Generic Point 221",
        "x": -594.1839599609375,
        "y": 230.87002563476562,
        "z": 2955.89501953125
    },
    {
        "color": 4294967295,
        "name": "Generic Point 222",
        "x": -793.94970703125,
        "y": 213.24473571777344,
        "z": 2680.861328125
    },
    {
        "color": 4294967295,
        "name": "Generic Point 223",
        "x": -1522.0474853515625,
        "y": 345.8330993652344,
        "z": 2262.5517578125
    },
    {
        "color": 4294967295,
        "name": "Generic Point 224",
        "x": -1523.1151123046875,
        "y": 204.0011444091797,
        "z": 2747.421630859375
    },
    {
        "color": 4294967295,
        "name": "Generic Point 225",
        "x": -830.6777954101562,
        "y": 181.68600463867188,
        "z": 2533.342529296875
    },
    {
        "color": 4294967295,
        "name": "Generic Point 226",
        "x": -1284.455322265625,
        "y": 332.83343505859375,
        "z": 2008.95849609375
    },
    {
        "color": 4294967295,
        "name": "Generic Point 227",
        "x": -1206.67041015625,
        "y": 193.09498596191406,
        "z": 2354.78271484375
    },
    {
        "color": 4294967295,
        "name": "Generic Point 228",
        "x": -1611.59619140625,
        "y": 201.6456298828125,
        "z": 2593.09375
    },
    {
        "color": 4294967295,
        "name": "Generic Point 229",
        "x": -1578.6270751953125,
        "y": 201.12225341796875,
        "z": 2479.758544921875
    },
    {
        "color": 4294967295,
        "name": "Generic Point 23",
        "x": -860.7872314453125,
        "y": 197.46815490722656,
        "z": 3308.74365234375
    },
    {
        "color": 4294967295,
        "name": "Generic Point 230",
        "x": -1578.3323974609375,
        "y": 357.78533935546875,
        "z": 2290.89697265625
    },
    {
        "color": 4294967295,
        "name": "Generic Point 231",
        "x": -1740.3111572265625,
        "y": 403.6254577636719,
        "z": 2164.84521484375
    },
    {
        "color": 4294967295,
        "name": "Generic Point 232",
        "x": -1835.183349609375,
        "y": 265.4304504394531,
        "z": 2845.564697265625
    },
    {
        "color": 4294967295,
        "name": "Generic Point 233",
        "x": -1869.08154296875,
        "y": 3.9027762413024902,
        "z": 3270.590576171875
    },
    {
        "color": 4294967295,
        "name": "Generic Point 234",
        "x": -1800.7806396484375,
        "y": 89.13496398925781,
        "z": 3372.768798828125
    },
    {
        "color": 4294967295,
        "name": "Generic Point 235",
        "x": -1390.585693359375,
        "y": 270.0129699707031,
        "z": 2832.773681640625
    },
    {
        "color": 4294967295,
        "name": "Generic Point 236",
        "x": -1795.0645751953125,
        "y": 123.78422546386719,
        "z": 3479.869873046875
    },
    {
        "color": 4294967295,
        "name": "Generic Point 237",
        "x": -1775.301513671875,
        "y": 150.73439025878906,
        "z": 3549.257080078125
    },
    {
        "color": 4294967295,
        "name": "Generic Point 238",
        "x": -1770.6856689453125,
        "y": 167.77464294433594,
        "z": 3576.673828125
    },
    {
        "color": 4294967295,
        "name": "Generic Point 239",
        "x": -1771.5704345703125,
        "y": 166.6944580078125,
        "z": 3593.6201171875
    },
    {
        "color": 4294967295,
        "name": "Generic Point 24",
        "x": -2712.731201171875,
        "y": 153.4888153076172,
        "z": 5078.455078125
    },
    {
        "color": 4294967295,
        "name": "Generic Point 240",
        "x": -1772.9200439453125,
        "y": 266.919189453125,
        "z": 3689.4189453125
    },
    {
        "color": 4294967295,
        "name": "Generic Point 241",
        "x": -1870.86669921875,
        "y": 323.8364562988281,
        "z": 3740.8916015625
    },
    {
        "color": 4294967295,
        "name": "Generic Point 242",
        "x": -1486.11865234375,
        "y": 177.4398956298828,
        "z": 3211.454345703125
    },
    {
        "color": 4294967295,
        "name": "Generic Point 243",
        "x": -1530.2767333984375,
        "y": 194.326171875,
        "z": 3490.4462890625
    },
    {
        "color": 4294967295,
        "name": "Generic Point 244",
        "x": -1340.75,
        "y": 151.9534149169922,
        "z": 3413.18603515625
    },
    {
        "color": 4294967295,
        "name": "Generic Point 245",
        "x": -1292.934326171875,
        "y": 210.70729064941406,
        "z": 3519.307861328125
    },
    {
        "color": 4294967295,
        "name": "Generic Point 246",
        "x": -1333.330078125,
        "y": 276.33953857421875,
        "z": 2861.54638671875
    },
    {
        "color": 4294967295,
        "name": "Generic Point 247",
        "x": -1200.4613037109375,
        "y": 207.1865234375,
        "z": 3488.872802734375
    },
    {
        "color": 4294967295,
        "name": "Generic Point 248",
        "x": -1225.4541015625,
        "y": 228.3058624267578,
        "z": 3898.01904296875
    },
    {
        "color": 4294967295,
        "name": "Generic Point 249",
        "x": -944.0347900390625,
        "y": 220.97994995117188,
        "z": 3512.840087890625
    },
    {
        "color": 4294967295,
        "name": "Generic Point 25",
        "x": -886.753173828125,
        "y": 361.5375671386719,
        "z": 3213.559814453125
    },
    {
        "color": 4294967295,
        "name": "Generic Point 250",
        "x": -857.7952880859375,
        "y": 237.70956420898438,
        "z": 3504.279052734375
    },
    {
        "color": 4294967295,
        "name": "Generic Point 251",
        "x": -826.1346435546875,
        "y": 105.68763732910156,
        "z": 3342.294677734375
    },
    {
        "color": 4294967295,
        "name": "Generic Point 252",
        "x": -1041.0296630859375,
        "y": 293.2430725097656,
        "z": 3283.577880859375
    },
    {
        "color": 4294967295,
        "name": "Generic Point 253",
        "x": -1295.5333251953125,
        "y": 200.00357055664062,
        "z": 3163.724609375
    },
    {
        "color": 4294967295,
        "name": "Generic Point 254",
        "x": -1232.1729736328125,
        "y": 283.42181396484375,
        "z": 2860.440673828125
    },
    {
        "color": 4294967295,
        "name": "Generic Point 255",
        "x": -1295.344482421875,
        "y": 201.41476440429688,
        "z": 2692.44140625
    },
    {
        "color": 4294967295,
        "name": "Generic Point 256",
        "x": -1710.3829345703125,
        "y": 131.63748168945312,
        "z": 2703.339599609375
    },
    {
        "color": 4294967295,
        "name": "Generic Point 257",
        "x": -1475.3729248046875,
        "y": 233.01649475097656,
        "z": 2956.218505859375
    },
    {
        "color": 4294967295,
        "name": "Generic Point 258",
        "x": -794.3970336914062,
        "y": 181.17027282714844,
        "z": 3737.49658203125
    },
    {
        "color": 4294967295,
        "name": "Generic Point 259",
        "x": -518.146240234375,
        "y": 159.31060791015625,
        "z": 3615.19287109375
    },
    {
        "color": 4294967295,
        "name": "Generic Point 26",
        "x": -1018.407958984375,
        "y": 242.13571166992188,
        "z": 2908.828369140625
    },
    {
        "color": 4294967295,
        "name": "Generic Point 260",
        "x": -391.800537109375,
        "y": 207.28271484375,
        "z": 3654.4619140625
    },
    {
        "color": 4294967295,
        "name": "Generic Point 261",
        "x": -916.2108764648438,
        "y": 76.49089813232422,
        "z": 3136.013916015625
    },
    {
        "color": 4294967295,
        "name": "Generic Point 262",
        "x": -831.843505859375,
        "y": 139.76319885253906,
        "z": 3191.978515625
    },
    {
        "color": 4294967295,
        "name": "Generic Point 263",
        "x": -583.1162109375,
        "y": 126.90957641601562,
        "z": 3403.738037109375
    },
    {
        "color": 4294967295,
        "name": "Generic Point 264",
        "x": -482.5738220214844,
        "y": 188.60992431640625,
        "z": 3308.197021484375
    },
    {
        "color": 4294967295,
        "name": "Generic Point 265",
        "x": -411.53302001953125,
        "y": 248.6717529296875,
        "z": 3396.292236328125
    },
    {
        "color": 4294967295,
        "name": "Generic Point 266",
        "x": -222.98568725585938,
        "y": 250.3400421142578,
        "z": 3335.687255859375
    },
    {
        "color": 4294967295,
        "name": "Generic Point 267",
        "x": -352.3616943359375,
        "y": 221.9897003173828,
        "z": 3844.357421875
    },
    {
        "color": 4294967295,
        "name": "Generic Point 268",
        "x": -1879.42333984375,
        "y": 101.03977966308594,
        "z": 2929.26416015625
    },
    {
        "color": 4294967295,
        "name": "Generic Point 269",
        "x": -265.3186950683594,
        "y": 257.51025390625,
        "z": 3750.88720703125
    },
    {
        "color": 4294967295,
        "name": "Generic Point 27",
        "x": -1148.9864501953125,
        "y": 301.42584228515625,
        "z": 2463.8095703125
    },
    {
        "color": 4294967295,
        "name": "Generic Point 270",
        "x": -216.25596618652344,
        "y": 225.65017700195312,
        "z": 3910.537353515625
    },
    {
        "color": 4294967295,
        "name": "Generic Point 271",
        "x": -1673.71826171875,
        "y": 111.96918487548828,
        "z": 2266.31103515625
    },
    {
        "color": 4294967295,
        "name": "Generic Point 272",
        "x": -1783.8271484375,
        "y": 232.98719787597656,
        "z": 2965.77099609375
    },
    {
        "color": 4294967295,
        "name": "Generic Point 273",
        "x": -1747.28173828125,
        "y": 186.33815002441406,
        "z": 3042.0283203125
    },
    {
        "color": 4294967295,
        "name": "Generic Point 274",
        "x": -1768.0565185546875,
        "y": 148.31626892089844,
        "z": 3528.0947265625
    },
    {
        "color": 4294967295,
        "name": "Generic Point 275",
        "x": -1711.118896484375,
        "y": 192.34327697753906,
        "z": 3377.498291015625
    },
    {
        "color": 4294967295,
        "name": "Generic Point 276",
        "x": -1333.172607421875,
        "y": 293.13629150390625,
        "z": 3258.099609375
    },
    {
        "color": 4294967295,
        "name": "Generic Point 277",
        "x": -1297.5570068359375,
        "y": 281.2091979980469,
        "z": 2188.66259765625
    },
    {
        "color": 4294967295,
        "name": "Generic Point 278",
        "x": -1507.5128173828125,
        "y": 284.4699401855469,
        "z": 3244.505859375
    },
    {
        "color": 4294967295,
        "name": "Generic Point 279",
        "x": -1694.0318603515625,
        "y": 256.2315368652344,
        "z": 3129.59228515625
    },
    {
        "color": 4294967295,
        "name": "Generic Point 28",
        "x": -1265.64599609375,
        "y": 108.30664825439453,
        "z": 2320.502197265625
    },
    {
        "color": 4294967295,
        "name": "Generic Point 280",
        "x": -1552.3773193359375,
        "y": 286.30731201171875,
        "z": 3518.456787109375
    },
    {
        "color": 4294967295,
        "name": "Generic Point 281",
        "x": -1717.69384765625,
        "y": 192.2303924560547,
        "z": 3369.2509765625
    },
    {
        "color": 4294967295,
        "name": "Generic Point 282",
        "x": -1642.530029296875,
        "y": 311.0384521484375,
        "z": 3098.232666015625
    },
    {
        "color": 4294967295,
        "name": "Generic Point 283",
        "x": -1356.301513671875,
        "y": 261.7746276855469,
        "z": 3314.834228515625
    },
    {
        "color": 4294967295,
        "name": "Generic Point 284",
        "x": -1411.1029052734375,
        "y": 231.3470001220703,
        "z": 3693.15380859375
    },
    {
        "color": 4294967295,
        "name": "Generic Point 285",
        "x": -1283.314453125,
        "y": 259.5321044921875,
        "z": 3636.518798828125
    },
    {
        "color": 4294967295,
        "name": "Generic Point 286",
        "x": -1217.8914794921875,
        "y": 254.4335174560547,
        "z": 3975.847412109375
    },
    {
        "color": 4294967295,
        "name": "Generic Point 287",
        "x": -1171.1649169921875,
        "y": 255.84815979003906,
        "z": 3928.12158203125
    },
    {
        "color": 4294967295,
        "name": "Generic Point 288",
        "x": -1589.0625,
        "y": 201.29327392578125,
        "z": 2713.290283203125
    },
    {
        "color": 4294967295,
        "name": "Generic Point 289",
        "x": -1102.866455078125,
        "y": 176.15638732910156,
        "z": 3711.189453125
    },
    {
        "color": 4294967295,
        "name": "Generic Point 29",
        "x": -1224.4713134765625,
        "y": 156.80006408691406,
        "z": 2162.437744140625
    },
    {
        "color": 4294967295,
        "name": "Generic Point 290",
        "x": -1281.1904296875,
        "y": 235.12440490722656,
        "z": 2708.25390625
    },
    {
        "color": 4294967295,
        "name": "Generic Point 291",
        "x": -902.1152954101562,
        "y": 334.10272216796875,
        "z": 3367.470947265625
    },
    {
        "color": 4294967295,
        "name": "Generic Point 292",
        "x": -860.7872314453125,
        "y": 197.46815490722656,
        "z": 3308.74365234375
    },
    {
        "color": 4294967295,
        "name": "Generic Point 293",
        "x": -886.753173828125,
        "y": 361.5375671386719,
        "z": 3213.559814453125
    },
    {
        "color": 4294967295,
        "name": "Generic Point 294",
        "x": -1018.407958984375,
        "y": 242.13571166992188,
        "z": 2908.828369140625
    },
    {
        "color": 4294967295,
        "name": "Generic Point 295",
        "x": -1148.9864501953125,
        "y": 301.42584228515625,
        "z": 2463.8095703125
    },
    {
        "color": 4294967295,
        "name": "Generic Point 296",
        "x": -1265.64599609375,
        "y": 108.30664825439453,
        "z": 2320.502197265625
    },
    {
        "color": 4294967295,
        "name": "Generic Point 297",
        "x": -1224.4713134765625,
        "y": 156.80006408691406,
        "z": 2162.437744140625
    },
    {
        "color": 4294967295,
        "name": "Generic Point 298",
        "x": -1486.48876953125,
        "y": 356.4097900390625,
        "z": 2050.892578125
    },
    {
        "color": 4294967295,
        "name": "Generic Point 299",
        "x": -1356.0404052734375,
        "y": 276.0800476074219,
        "z": 2783.3779296875
    },
    {
        "color": 4294967295,
        "name": "Generic Point 3",
        "x": -1879.42333984375,
        "y": 101.03977966308594,
        "z": 2929.26416015625
    },
    {
        "color": 4294967295,
        "name": "Generic Point 30",
        "x": -1486.48876953125,
        "y": 356.4097900390625,
        "z": 2050.892578125
    },
    {
        "color": 4294967295,
        "name": "Generic Point 300",
        "x": -477.943115234375,
        "y": 264.2878723144531,
        "z": 3722.11328125
    },
    {
        "color": 4294967295,
        "name": "Generic Point 301",
        "x": -651.5254516601562,
        "y": 201.44418334960938,
        "z": 2866.1640625
    },
    {
        "color": 4294967295,
        "name": "Generic Point 302",
        "x": -219.633544921875,
        "y": 224.002685546875,
        "z": 2547.982421875
    },
    {
        "color": 4294967295,
        "name": "Generic Point 303",
        "x": -135.6897430419922,
        "y": 201.37710571289062,
        "z": 2648.213134765625
    },
    {
        "color": 4294967295,
        "name": "Generic Point 304",
        "x": -87.4793701171875,
        "y": 221.1870574951172,
        "z": 2633.279541015625
    },
    {
        "color": 4294967295,
        "name": "Generic Point 305",
        "x": 97.82821655273438,
        "y": 163.08343505859375,
        "z": 2717.45947265625
    },
    {
        "color": 4294967295,
        "name": "Generic Point 306",
        "x": 187.45875549316406,
        "y": 251.02716064453125,
        "z": 2961.939453125
    },
    {
        "color": 4294967295,
        "name": "Generic Point 307",
        "x": 113.40196228027344,
        "y": 155.28323364257812,
        "z": 2938.043212890625
    },
    {
        "color": 4294967295,
        "name": "Generic Point 308",
        "x": 161.34840393066406,
        "y": 383.7139587402344,
        "z": 2142.849853515625
    },
    {
        "color": 4294967295,
        "name": "Generic Point 309",
        "x": -1044.1513671875,
        "y": 254.3960723876953,
        "z": 2177.406005859375
    },
    {
        "color": 4294967295,
        "name": "Generic Point 31",
        "x": -477.943115234375,
        "y": 264.2878723144531,
        "z": 3722.11328125
    },
    {
        "color": 4294967295,
        "name": "Generic Point 310",
        "x": -2282.9453125,
        "y": 358.7683410644531,
        "z": 4314.92431640625
    },
    {
        "color": 4294967295,
        "name": "Generic Point 311",
        "x": 221.88864135742188,
        "y": 87.32534790039062,
        "z": 3012.9794921875
    },
    {
        "color": 4294967295,
        "name": "Generic Point 312",
        "x": -703.2948608398438,
        "y": 231.9059295654297,
        "z": 3154.97509765625
    },
    {
        "color": 4294967295,
        "name": "Generic Point 313",
        "x": -644.3245849609375,
        "y": 226.84878540039062,
        "z": 3145.69677734375
    },
    {
        "color": 4294967295,
        "name": "Generic Point 314",
        "x": -191.9895782470703,
        "y": 246.2821044921875,
        "z": 3639.763671875
    },
    {
        "color": 4294967295,
        "name": "Generic Point 315",
        "x": 112.15352630615234,
        "y": 94.95417785644531,
        "z": 2969.837890625
    },
    {
        "color": 4294967295,
        "name": "Generic Point 316",
        "x": -813.5767822265625,
        "y": -35.32530975341797,
        "z": 3179.59765625
    },
    {
        "color": 4294967295,
        "name": "Generic Point 317",
        "x": -1920.8271484375,
        "y": 15.183634757995605,
        "z": 3244.3603515625
    },
    {
        "color": 4294967295,
        "name": "Generic Point 318",
        "x": -1966.22412109375,
        "y": 376.74847412109375,
        "z": 3490.409912109375
    },
    {
        "color": 4294967295,
        "name": "Generic Point 319",
        "x": 69.08548736572266,
        "y": 280.2139587402344,
        "z": 2291.43310546875
    },
    {
        "color": 4294967295,
        "name": "Generic Point 32",
        "x": -651.5254516601562,
        "y": 201.44418334960938,
        "z": 2866.1640625
    },
    {
        "color": 4294967295,
        "name": "Generic Point 320",
        "x": 336.8101806640625,
        "y": 183.66143798828125,
        "z": 2276.008544921875
    },
    {
        "color": 4294967295,
        "name": "Generic Point 321",
        "x": 251.82305908203125,
        "y": 389.7911071777344,
        "z": 2011.8055419921875
    },
    {
        "color": 4294967295,
        "name": "Generic Point 322",
        "x": -1323.4537353515625,
        "y": 178.30397033691406,
        "z": 3443.634033203125
    },
    {
        "color": 4294967295,
        "name": "Generic Point 323",
        "x": -1657.6798095703125,
        "y": 95.78469848632812,
        "z": 3303.418701171875
    },
    {
        "color": 4294967295,
        "name": "Generic Point 324",
        "x": 251.82305908203125,
        "y": 389.7911071777344,
        "z": 2011.8055419921875
    },
    {
        "color": 4294967295,
        "name": "Generic Point 325",
        "x": 314.31072998046875,
        "y": 270.54412841796875,
        "z": 2221.086181640625
    },
    {
        "color": 4294967295,
        "name": "Generic Point 326",
        "x": 126.14253234863281,
        "y": 282.40557861328125,
        "z": 2460.857177734375
    },
    {
        "color": 4294967295,
        "name": "Generic Point 327",
        "x": 144.4276580810547,
        "y": 259.98486328125,
        "z": 2301.536376953125
    },
    {
        "color": 4294967295,
        "name": "Generic Point 328",
        "x": -227.4827880859375,
        "y": 213.65135192871094,
        "z": 2415.616455078125
    },
    {
        "color": 4294967295,
        "name": "Generic Point 329",
        "x": -106.05787658691406,
        "y": 330.93798828125,
        "z": 1996.818115234375
    },
    {
        "color": 4294967295,
        "name": "Generic Point 33",
        "x": -219.633544921875,
        "y": 224.002685546875,
        "z": 2547.982421875
    },
    {
        "color": 4294967295,
        "name": "Generic Point 330",
        "x": -341.14984130859375,
        "y": 283.35882568359375,
        "z": 2121.0947265625
    },
    {
        "color": 4294967295,
        "name": "Generic Point 331",
        "x": -543.0191040039062,
        "y": 103.46170043945312,
        "z": 2357.5322265625
    },
    {
        "color": 4294967295,
        "name": "Generic Point 332",
        "x": -2390.673095703125,
        "y": 242.6143035888672,
        "z": 4463.5751953125
    },
    {
        "color": 4294967295,
        "name": "Generic Point 333",
        "x": -1234.4921875,
        "y": 305.52642822265625,
        "z": 2072.384033203125
    },
    {
        "color": 4294967295,
        "name": "Generic Point 334",
        "x": -1409.0301513671875,
        "y": 304.95635986328125,
        "z": 2184.450439453125
    },
    {
        "color": 4294967295,
        "name": "Generic Point 335",
        "x": -1708.6641845703125,
        "y": 140.22506713867188,
        "z": 2129.762451171875
    },
    {
        "color": 4294967295,
        "name": "Generic Point 336",
        "x": -1754.1785888671875,
        "y": 195.7594757080078,
        "z": 2174.03759765625
    },
    {
        "color": 4294967295,
        "name": "Generic Point 337",
        "x": -1729.311767578125,
        "y": 206.44125366210938,
        "z": 2498.565673828125
    },
    {
        "color": 4294967295,
        "name": "Generic Point 338",
        "x": -1575.928955078125,
        "y": 217.61476135253906,
        "z": 2761.60302734375
    },
    {
        "color": 4294967295,
        "name": "Generic Point 339",
        "x": -1523.1151123046875,
        "y": 204.0011444091797,
        "z": 2747.421630859375
    },
    {
        "color": 4294967295,
        "name": "Generic Point 34",
        "x": -135.6897430419922,
        "y": 201.37710571289062,
        "z": 2648.213134765625
    },
    {
        "color": 4294967295,
        "name": "Generic Point 340",
        "x": -1390.585693359375,
        "y": 270.0129699707031,
        "z": 2832.773681640625
    },
    {
        "color": 4294967295,
        "name": "Generic Point 341",
        "x": -1333.330078125,
        "y": 276.33953857421875,
        "z": 2861.54638671875
    },
    {
        "color": 4294967295,
        "name": "Generic Point 342",
        "x": -1475.3729248046875,
        "y": 233.01649475097656,
        "z": 2956.218505859375
    },
    {
        "color": 4294967295,
        "name": "Generic Point 343",
        "x": 399.60858154296875,
        "y": 229.47653198242188,
        "z": 6382.48828125
    },
    {
        "color": 4294967295,
        "name": "Generic Point 344",
        "x": 508.9644775390625,
        "y": 228.03582763671875,
        "z": 6463.89501953125
    },
    {
        "color": 4294967295,
        "name": "Generic Point 345",
        "x": 691.8896484375,
        "y": 326.28369140625,
        "z": 5615.76025390625
    },
    {
        "color": 4294967295,
        "name": "Generic Point 346",
        "x": 612.2498168945312,
        "y": 310.07293701171875,
        "z": 5899.23876953125
    },
    {
        "color": 4294967295,
        "name": "Generic Point 347",
        "x": 615.4133911132812,
        "y": 311.5108947753906,
        "z": 5771.75146484375
    },
    {
        "color": 4294967295,
        "name": "Generic Point 348",
        "x": 527.2598876953125,
        "y": 294.89398193359375,
        "z": 6021.8046875
    },
    {
        "color": 4294967295,
        "name": "Generic Point 349",
        "x": 469.8598937988281,
        "y": 351.2498474121094,
        "z": 6041.869140625
    },
    {
        "color": 4294967295,
        "name": "Generic Point 35",
        "x": -2986.2216796875,
        "y": 183.8671112060547,
        "z": 5435.87353515625
    },
    {
        "color": 4294967295,
        "name": "Generic Point 350",
        "x": 115.62863159179688,
        "y": 222.50216674804688,
        "z": 6099.48779296875
    },
    {
        "color": 4294967295,
        "name": "Generic Point 351",
        "x": 746.7915649414062,
        "y": 311.6720275878906,
        "z": 5736.6328125
    },
    {
        "color": 4294967295,
        "name": "Generic Point 352",
        "x": 424.6903381347656,
        "y": 236.92196655273438,
        "z": 6356.82763671875
    },
    {
        "color": 4294967295,
        "name": "Generic Point 353",
        "x": 283.03692626953125,
        "y": 269.62872314453125,
        "z": 6725.98291015625
    },
    {
        "color": 4294967295,
        "name": "Generic Point 354",
        "x": 295.96282958984375,
        "y": 304.60357666015625,
        "z": 6823.021484375
    },
    {
        "color": 4294967295,
        "name": "Generic Point 355",
        "x": 615.345458984375,
        "y": 281.2867431640625,
        "z": 6772.7265625
    },
    {
        "color": 4294967295,
        "name": "Generic Point 356",
        "x": 587.8526611328125,
        "y": 286.4815368652344,
        "z": 6711.05029296875
    },
    {
        "color": 4294967295,
        "name": "Generic Point 357",
        "x": 539.9610595703125,
        "y": 276.1712341308594,
        "z": 6751.3232421875
    },
    {
        "color": 4294967295,
        "name": "Generic Point 358",
        "x": 498.1753234863281,
        "y": 265.5911560058594,
        "z": 6736.18701171875
    },
    {
        "color": 4294967295,
        "name": "Generic Point 359",
        "x": 327.4676208496094,
        "y": 302.1981201171875,
        "z": 6199.88720703125
    },
    {
        "color": 4294967295,
        "name": "Generic Point 36",
        "x": -87.4793701171875,
        "y": 221.1870574951172,
        "z": 2633.279541015625
    },
    {
        "color": 4294967295,
        "name": "Generic Point 360",
        "x": 544.4631958007812,
        "y": 240.8043212890625,
        "z": 6467.06884765625
    },
    {
        "color": 4294967295,
        "name": "Generic Point 361",
        "x": 462.76263427734375,
        "y": 85.53227233886719,
        "z": 6444.9873046875
    },
    {
        "color": 4294967295,
        "name": "Generic Point 362",
        "x": 593.4071044921875,
        "y": 103.81885528564453,
        "z": 6371.80078125
    },
    {
        "color": 4294967295,
        "name": "Generic Point 363",
        "x": 401.00335693359375,
        "y": 322.4201965332031,
        "z": 5536.72265625
    },
    {
        "color": 4294967295,
        "name": "Generic Point 364",
        "x": 679.1170654296875,
        "y": 283.7396545410156,
        "z": 6141.01708984375
    },
    {
        "color": 4294967295,
        "name": "Generic Point 365",
        "x": 884.0400390625,
        "y": 264.4770202636719,
        "z": 5635.0947265625
    },
    {
        "color": 4294967295,
        "name": "Generic Point 366",
        "x": 883.4041137695312,
        "y": 264.7395935058594,
        "z": 5638.85791015625
    },
    {
        "color": 4294967295,
        "name": "Generic Point 367",
        "x": 835.7680053710938,
        "y": 260.45233154296875,
        "z": 5592.87744140625
    },
    {
        "color": 4294967295,
        "name": "Generic Point 368",
        "x": 833.5784301757812,
        "y": 260.7953796386719,
        "z": 5602.796875
    },
    {
        "color": 4294967295,
        "name": "Generic Point 369",
        "x": 924.1823120117188,
        "y": 259.6528015136719,
        "z": 5535.65673828125
    },
    {
        "color": 4294967295,
        "name": "Generic Point 37",
        "x": 97.82821655273438,
        "y": 163.08343505859375,
        "z": 2717.45947265625
    },
    {
        "color": 4294967295,
        "name": "Generic Point 370",
        "x": 921.8912963867188,
        "y": 259.6400146484375,
        "z": 5534.03857421875
    },
    {
        "color": 4294967295,
        "name": "Generic Point 371",
        "x": 1016.0866088867188,
        "y": 375.3262023925781,
        "z": 5977.76220703125
    },
    {
        "color": 4294967295,
        "name": "Generic Point 372",
        "x": 965.4378051757812,
        "y": 364.0115051269531,
        "z": 5968.0263671875
    },
    {
        "color": 4294967295,
        "name": "Generic Point 373",
        "x": 282.61395263671875,
        "y": 269.2783508300781,
        "z": 6724.88427734375
    },
    {
        "color": 4294967295,
        "name": "Generic Point 374",
        "x": 423.9604797363281,
        "y": 237.4186553955078,
        "z": 6357.2978515625
    },
    {
        "color": 4294967295,
        "name": "Generic Point 375",
        "x": 1019.9874877929688,
        "y": 314.7738037109375,
        "z": 6426.73974609375
    },
    {
        "color": 4294967295,
        "name": "Generic Point 376",
        "x": 367.52734375,
        "y": 312.55120849609375,
        "z": 5627.33544921875
    },
    {
        "color": 4294967295,
        "name": "Generic Point 377",
        "x": 465.1778259277344,
        "y": 351.949951171875,
        "z": 5506.1767578125
    },
    {
        "color": 4294967295,
        "name": "Generic Point 378",
        "x": 730.0693359375,
        "y": 311.7378845214844,
        "z": 5509.57080078125
    },
    {
        "color": 4294967295,
        "name": "Generic Point 379",
        "x": 801.1919555664062,
        "y": 319.13360595703125,
        "z": 5668.9716796875
    },
    {
        "color": 4294967295,
        "name": "Generic Point 38",
        "x": 187.45875549316406,
        "y": 251.02716064453125,
        "z": 2961.939453125
    },
    {
        "color": 4294967295,
        "name": "Generic Point 380",
        "x": 767.939697265625,
        "y": 319.9302062988281,
        "z": 5791.07275390625
    },
    {
        "color": 4294967295,
        "name": "Generic Point 381",
        "x": 363.6316223144531,
        "y": 310.36907958984375,
        "z": 5749.84130859375
    },
    {
        "color": 4294967295,
        "name": "Generic Point 382",
        "x": 559.5293579101562,
        "y": 252.66879272460938,
        "z": 5759.6748046875
    },
    {
        "color": 4294967295,
        "name": "Generic Point 383",
        "x": 301.03228759765625,
        "y": 284.4842224121094,
        "z": 6766.93701171875
    },
    {
        "color": 4294967295,
        "name": "Generic Point 384",
        "x": 585.6438598632812,
        "y": 318.9507141113281,
        "z": 6816.91455078125
    },
    {
        "color": 4294967295,
        "name": "Generic Point 385",
        "x": 699.808349609375,
        "y": 296.0086364746094,
        "z": 6658.41650390625
    },
    {
        "color": 4294967295,
        "name": "Generic Point 386",
        "x": 907.5839233398438,
        "y": 201.58592224121094,
        "z": 6636.8427734375
    },
    {
        "color": 4294967295,
        "name": "Generic Point 387",
        "x": 1100.1900634765625,
        "y": 202.46615600585938,
        "z": 6541.873046875
    },
    {
        "color": 4294967295,
        "name": "Generic Point 388",
        "x": 828.1798706054688,
        "y": 315.1211242675781,
        "z": 6122.5927734375
    },
    {
        "color": 4294967295,
        "name": "Generic Point 389",
        "x": 899.9744262695312,
        "y": 374.3188171386719,
        "z": 5970.0947265625
    },
    {
        "color": 4294967295,
        "name": "Generic Point 39",
        "x": 113.40196228027344,
        "y": 155.28323364257812,
        "z": 2938.043212890625
    },
    {
        "color": 4294967295,
        "name": "Generic Point 390",
        "x": 489.84490966796875,
        "y": 343.30975341796875,
        "z": 5971.14306640625
    },
    {
        "color": 4294967295,
        "name": "Generic Point 391",
        "x": 353.618896484375,
        "y": 315.9234619140625,
        "z": 6045.82373046875
    },
    {
        "color": 4294967295,
        "name": "Generic Point 392",
        "x": 417.8924865722656,
        "y": 290.1648864746094,
        "z": 6168.17822265625
    },
    {
        "color": 4294967295,
        "name": "Generic Point 393",
        "x": 502.8237609863281,
        "y": 272.619873046875,
        "z": 6308.37451171875
    },
    {
        "color": 4294967295,
        "name": "Generic Point 394",
        "x": 582.13671875,
        "y": 299.9571533203125,
        "z": 6367.6943359375
    },
    {
        "color": 4294967295,
        "name": "Generic Point 395",
        "x": 637.3817138671875,
        "y": 317.0174560546875,
        "z": 6460.958984375
    },
    {
        "color": 4294967295,
        "name": "Generic Point 396",
        "x": 623.9633178710938,
        "y": 333.82354736328125,
        "z": 6550.11572265625
    },
    {
        "color": 4294967295,
        "name": "Generic Point 397",
        "x": 585.7599487304688,
        "y": 222.72314453125,
        "z": 6681.560546875
    },
    {
        "color": 4294967295,
        "name": "Generic Point 398",
        "x": 658.4459838867188,
        "y": 189.5509033203125,
        "z": 6643.642578125
    },
    {
        "color": 4294967295,
        "name": "Generic Point 399",
        "x": 698.7240600585938,
        "y": 158.97711181640625,
        "z": 6675.81005859375
    },
    {
        "color": 4294967295,
        "name": "Generic Point 4",
        "x": -1783.8271484375,
        "y": 232.98719787597656,
        "z": 2965.77099609375
    },
    {
        "color": 4294967295,
        "name": "Generic Point 40",
        "x": 161.34840393066406,
        "y": 383.7139587402344,
        "z": 2142.849853515625
    },
    {
        "color": 4294967295,
        "name": "Generic Point 400",
        "x": 748.8580932617188,
        "y": 213.74310302734375,
        "z": 6517.21044921875
    },
    {
        "color": 4294967295,
        "name": "Generic Point 401",
        "x": 746.3912963867188,
        "y": 209.97720336914062,
        "z": 6506.404296875
    },
    {
        "color": 4294967295,
        "name": "Generic Point 402",
        "x": 397.82733154296875,
        "y": 361.024658203125,
        "z": 6033.71533203125
    },
    {
        "color": 4294967295,
        "name": "Generic Point 403",
        "x": 720.705322265625,
        "y": 336.7424011230469,
        "z": 6614.244140625
    },
    {
        "color": 4294967295,
        "name": "Generic Point 404",
        "x": 629.479736328125,
        "y": 439.2190856933594,
        "z": 6525.78173828125
    },
    {
        "color": 4294967295,
        "name": "Generic Point 405",
        "x": 661.8798217773438,
        "y": 395.3360290527344,
        "z": 6533.5224609375
    },
    {
        "color": 4294967295,
        "name": "Generic Point 406",
        "x": 626.9561767578125,
        "y": 363.7180480957031,
        "z": 6317.013671875
    },
    {
        "color": 4294967295,
        "name": "Generic Point 407",
        "x": 715.7000122070312,
        "y": 315.5943908691406,
        "z": 6312.462890625
    },
    {
        "color": 4294967295,
        "name": "Generic Point 408",
        "x": 679.6390991210938,
        "y": 318.5119323730469,
        "z": 6267.3017578125
    },
    {
        "color": 4294967295,
        "name": "Generic Point 409",
        "x": 305.3654479980469,
        "y": 271.580322265625,
        "z": 6722.95556640625
    },
    {
        "color": 4294967295,
        "name": "Generic Point 41",
        "x": -2358.149658203125,
        "y": 186.29837036132812,
        "z": 4539.42626953125
    },
    {
        "color": 4294967295,
        "name": "Generic Point 410",
        "x": 304.3160705566406,
        "y": 242.32000732421875,
        "z": 6655.1328125
    },
    {
        "color": 4294967295,
        "name": "Generic Point 411",
        "x": 240.51055908203125,
        "y": 348.256591796875,
        "z": 6942.55517578125
    },
    {
        "color": 4294967295,
        "name": "Generic Point 412",
        "x": 609.6514892578125,
        "y": 382.8044738769531,
        "z": 6872.8662109375
    },
    {
        "color": 4294967295,
        "name": "Generic Point 413",
        "x": 440.8409729003906,
        "y": 380.4593200683594,
        "z": 6017.57275390625
    },
    {
        "color": 4294967295,
        "name": "Generic Point 414",
        "x": 534.65234375,
        "y": 272.5859680175781,
        "z": 6746.48291015625
    },
    {
        "color": 4294967295,
        "name": "Generic Point 415",
        "x": 394.7584533691406,
        "y": 235.25839233398438,
        "z": 6636.818359375
    },
    {
        "color": 4294967295,
        "name": "Generic Point 416",
        "x": 380.37054443359375,
        "y": 238.83474731445312,
        "z": 6681.13134765625
    },
    {
        "color": 4294967295,
        "name": "Generic Point 417",
        "x": 411.9266357421875,
        "y": 221.70762634277344,
        "z": 6836.0732421875
    },
    {
        "color": 4294967295,
        "name": "Generic Point 418",
        "x": 559.3029174804688,
        "y": 164.39584350585938,
        "z": 6747.70947265625
    },
    {
        "color": 4294967295,
        "name": "Generic Point 419",
        "x": 251.84201049804688,
        "y": 333.84454345703125,
        "z": 6407.95654296875
    },
    {
        "color": 4294967295,
        "name": "Generic Point 42",
        "x": -1888.9833984375,
        "y": 136.3086395263672,
        "z": 5306.8671875
    },
    {
        "color": 4294967295,
        "name": "Generic Point 420",
        "x": 308.7624206542969,
        "y": 271.54217529296875,
        "z": 6393.68896484375
    },
    {
        "color": 4294967295,
        "name": "Generic Point 421",
        "x": 281.3007507324219,
        "y": 282.09027099609375,
        "z": 6350.31787109375
    },
    {
        "color": 4294967295,
        "name": "Generic Point 422",
        "x": 253.11619567871094,
        "y": 282.37060546875,
        "z": 6251.7666015625
    },
    {
        "color": 4294967295,
        "name": "Generic Point 423",
        "x": 358.15667724609375,
        "y": 304.1704406738281,
        "z": 6231.73486328125
    },
    {
        "color": 4294967295,
        "name": "Generic Point 424",
        "x": 448.8091735839844,
        "y": 294.84368896484375,
        "z": 6244.30029296875
    },
    {
        "color": 4294967295,
        "name": "Generic Point 425",
        "x": 502.6194763183594,
        "y": 357.4813232421875,
        "z": 6091.39599609375
    },
    {
        "color": 4294967295,
        "name": "Generic Point 426",
        "x": 436.26324462890625,
        "y": 275.366455078125,
        "z": 6301.57421875
    },
    {
        "color": 4294967295,
        "name": "Generic Point 427",
        "x": 494.38873291015625,
        "y": 235.2070770263672,
        "z": 6378.96337890625
    },
    {
        "color": 4294967295,
        "name": "Generic Point 428",
        "x": 431.2607116699219,
        "y": 254.35418701171875,
        "z": 6552.01220703125
    },
    {
        "color": 4294967295,
        "name": "Generic Point 429",
        "x": 485.3028259277344,
        "y": 263.3733215332031,
        "z": 6530.943359375
    },
    {
        "color": 4294967295,
        "name": "Generic Point 43",
        "x": -1903.6602783203125,
        "y": 124.03168487548828,
        "z": 5376.89111328125
    },
    {
        "color": 4294967295,
        "name": "Generic Point 430",
        "x": 554.2125244140625,
        "y": 147.27151489257812,
        "z": 6578.18017578125
    },
    {
        "color": 4294967295,
        "name": "Generic Point 431",
        "x": 567.0354614257812,
        "y": 107.36577606201172,
        "z": 6591.53955078125
    },
    {
        "color": 4294967295,
        "name": "Generic Point 432",
        "x": 322.849609375,
        "y": 131.65017700195312,
        "z": 6229.6640625
    },
    {
        "color": 4294967295,
        "name": "Generic Point 433",
        "x": 881.9044799804688,
        "y": 155.01712036132812,
        "z": 6322.505859375
    },
    {
        "color": 4294967295,
        "name": "Generic Point 434",
        "x": 1152.625,
        "y": 121.52333068847656,
        "z": 6490.04296875
    },
    {
        "color": 4294967295,
        "name": "Generic Point 435",
        "x": 695.1599731445312,
        "y": 286.75262451171875,
        "z": 6699.4365234375
    },
    {
        "color": 4294967295,
        "name": "Generic Point 436",
        "x": 593.4775390625,
        "y": 333.0711975097656,
        "z": 6143.62255859375
    },
    {
        "color": 4294967295,
        "name": "Generic Point 437",
        "x": 814.3280029296875,
        "y": 350.2488708496094,
        "z": 6458.43212890625
    },
    {
        "color": 4294967295,
        "name": "Generic Point 438",
        "x": 1034.987060546875,
        "y": 229.54669189453125,
        "z": 6540.06005859375
    },
    {
        "color": 4294967295,
        "name": "Generic Point 439",
        "x": 1145.249755859375,
        "y": 201.1980743408203,
        "z": 6436.80859375
    },
    {
        "color": 4294967295,
        "name": "Generic Point 44",
        "x": -2362.52783203125,
        "y": 151.2731475830078,
        "z": 5037.40478515625
    },
    {
        "color": 4294967295,
        "name": "Generic Point 440",
        "x": 859.31005859375,
        "y": 332.6351318359375,
        "z": 6120.5859375
    },
    {
        "color": 4294967295,
        "name": "Generic Point 441",
        "x": 955.9959106445312,
        "y": 328.8464050292969,
        "z": 6298.93701171875
    },
    {
        "color": 4294967295,
        "name": "Generic Point 442",
        "x": 654.7169799804688,
        "y": 254.66163635253906,
        "z": 6001.861328125
    },
    {
        "color": 4294967295,
        "name": "Generic Point 443",
        "x": 848.4791259765625,
        "y": 343.6587829589844,
        "z": 5800.703125
    },
    {
        "color": 4294967295,
        "name": "Generic Point 444",
        "x": 889.065673828125,
        "y": 351.12103271484375,
        "z": 5911.61181640625
    },
    {
        "color": 4294967295,
        "name": "Generic Point 445",
        "x": 878.19775390625,
        "y": 300.6529846191406,
        "z": 5874.28759765625
    },
    {
        "color": 4294967295,
        "name": "Generic Point 446",
        "x": 654.4254760742188,
        "y": 329.83245849609375,
        "z": 6128.95458984375
    },
    {
        "color": 4294967295,
        "name": "Generic Point 447",
        "x": 840.739990234375,
        "y": 317.3128967285156,
        "z": 6038.05517578125
    },
    {
        "color": 4294967295,
        "name": "Generic Point 448",
        "x": 805.180419921875,
        "y": 251.48257446289062,
        "z": 6111.53857421875
    },
    {
        "color": 4294967295,
        "name": "Generic Point 449",
        "x": 785.1857299804688,
        "y": 261.16363525390625,
        "z": 6088.83154296875
    },
    {
        "color": 4294967295,
        "name": "Generic Point 45",
        "x": -2349.895751953125,
        "y": 116.88646697998047,
        "z": 5050.529296875
    },
    {
        "color": 4294967295,
        "name": "Generic Point 450",
        "x": 690.0294189453125,
        "y": 226.54666137695312,
        "z": 6115.755859375
    },
    {
        "color": 4294967295,
        "name": "Generic Point 451",
        "x": 756.4598388671875,
        "y": 206.29063415527344,
        "z": 6108.49951171875
    },
    {
        "color": 4294967295,
        "name": "Generic Point 452",
        "x": 738.3912353515625,
        "y": 207.5143280029297,
        "z": 6151.54833984375
    },
    {
        "color": 4294967295,
        "name": "Generic Point 453",
        "x": 904.935791015625,
        "y": 192.3929443359375,
        "z": 6043.083984375
    },
    {
        "color": 4294967295,
        "name": "Generic Point 454",
        "x": 782.218017578125,
        "y": 225.00637817382812,
        "z": 5963.40771484375
    },
    {
        "color": 4294967295,
        "name": "Generic Point 455",
        "x": 779.4959716796875,
        "y": 233.08712768554688,
        "z": 5951.14990234375
    },
    {
        "color": 4294967295,
        "name": "Generic Point 456",
        "x": 798.4594116210938,
        "y": 205.92758178710938,
        "z": 5988.5908203125
    },
    {
        "color": 4294967295,
        "name": "Generic Point 457",
        "x": 885.9171752929688,
        "y": 325.8686218261719,
        "z": 5435.4873046875
    },
    {
        "color": 4294967295,
        "name": "Generic Point 458",
        "x": 689.9591674804688,
        "y": 259.3293151855469,
        "z": 6198.83984375
    },
    {
        "color": 4294967295,
        "name": "Generic Point 459",
        "x": 936.311279296875,
        "y": 323.6493835449219,
        "z": 5606.11572265625
    },
    {
        "color": 4294967295,
        "name": "Generic Point 46",
        "x": -2203.51416015625,
        "y": -85.53353118896484,
        "z": 5994.44091796875
    },
    {
        "color": 4294967295,
        "name": "Generic Point 460",
        "x": 804.9688110351562,
        "y": 301.92132568359375,
        "z": 5766.56884765625
    },
    {
        "color": 4294967295,
        "name": "Generic Point 461",
        "x": 951.9901733398438,
        "y": 426.1753234863281,
        "z": 6115.79296875
    },
    {
        "color": 4294967295,
        "name": "Generic Point 462",
        "x": 1029.3994140625,
        "y": 420.7062683105469,
        "z": 6042.7138671875
    },
    {
        "color": 4294967295,
        "name": "Generic Point 463",
        "x": 941.29345703125,
        "y": 390.6978759765625,
        "z": 5867.8076171875
    },
    {
        "color": 4294967295,
        "name": "Generic Point 464",
        "x": 707.4912109375,
        "y": 280.1350402832031,
        "z": 6402.63427734375
    },
    {
        "color": 4294967295,
        "name": "Generic Point 465",
        "x": 684.1376953125,
        "y": 242.85606384277344,
        "z": 6408.71484375
    },
    {
        "color": 4294967295,
        "name": "Generic Point 466",
        "x": 21.37159538269043,
        "y": 261.90277099609375,
        "z": 6221.51220703125
    },
    {
        "color": 4294967295,
        "name": "Generic Point 467",
        "x": 608.8402099609375,
        "y": 318.5659484863281,
        "z": 5581.71240234375
    },
    {
        "color": 4294967295,
        "name": "Generic Point 468",
        "x": 469.6752014160156,
        "y": 312.4234313964844,
        "z": 5622.64697265625
    },
    {
        "color": 4294967295,
        "name": "Generic Point 469",
        "x": 789.1754150390625,
        "y": 250.5554656982422,
        "z": 6239.41650390625
    },
    {
        "color": 4294967295,
        "name": "Generic Point 47",
        "x": -2188.767578125,
        "y": 11.29666805267334,
        "z": 5404.2099609375
    },
    {
        "color": 4294967295,
        "name": "Generic Point 470",
        "x": 496.12139892578125,
        "y": 310.36004638671875,
        "z": 5627.3388671875
    },
    {
        "color": 4294967295,
        "name": "Generic Point 471",
        "x": 495.5910949707031,
        "y": 310.5194091796875,
        "z": 5623.2138671875
    },
    {
        "color": 4294967295,
        "name": "Generic Point 472",
        "x": 407.4425048828125,
        "y": 313.2095642089844,
        "z": 5676.86767578125
    },
    {
        "color": 4294967295,
        "name": "Generic Point 473",
        "x": 643.817138671875,
        "y": 348.02899169921875,
        "z": 5870.89990234375
    },
    {
        "color": 4294967295,
        "name": "Generic Point 474",
        "x": 638.73291015625,
        "y": 311.8554992675781,
        "z": 5805.857421875
    },
    {
        "color": 4294967295,
        "name": "Generic Point 475",
        "x": 635.4562377929688,
        "y": 313.3703918457031,
        "z": 5791.14697265625
    },
    {
        "color": 4294967295,
        "name": "Generic Point 476",
        "x": 696.3026733398438,
        "y": 310.0709533691406,
        "z": 5783.15966796875
    },
    {
        "color": 4294967295,
        "name": "Generic Point 477",
        "x": 698.5005493164062,
        "y": 310.9889831542969,
        "z": 5782.46240234375
    },
    {
        "color": 4294967295,
        "name": "Generic Point 478",
        "x": 677.9393310546875,
        "y": 310.409912109375,
        "z": 5554.6455078125
    },
    {
        "color": 4294967295,
        "name": "Generic Point 479",
        "x": 676.8001708984375,
        "y": 311.2358093261719,
        "z": 5555.8974609375
    },
    {
        "color": 4294967295,
        "name": "Generic Point 48",
        "x": -2426.85546875,
        "y": 119.99201202392578,
        "z": 5270.27294921875
    },
    {
        "color": 4294967295,
        "name": "Generic Point 480",
        "x": 345.1034851074219,
        "y": 311.3432922363281,
        "z": 5691.693359375
    },
    {
        "color": 4294967295,
        "name": "Generic Point 481",
        "x": 645.9205322265625,
        "y": 305.0340576171875,
        "z": 6208.703125
    },
    {
        "color": 4294967295,
        "name": "Generic Point 482",
        "x": 344.8980712890625,
        "y": 312.7129821777344,
        "z": 5691.3583984375
    },
    {
        "color": 4294967295,
        "name": "Generic Point 483",
        "x": 546.9947509765625,
        "y": 310.77337646484375,
        "z": 5851.75341796875
    },
    {
        "color": 4294967295,
        "name": "Generic Point 484",
        "x": 523.1588134765625,
        "y": 310.9804382324219,
        "z": 5851.81396484375
    },
    {
        "color": 4294967295,
        "name": "Generic Point 485",
        "x": 522.2857055664062,
        "y": 310.74945068359375,
        "z": 5851.81298828125
    },
    {
        "color": 4294967295,
        "name": "Generic Point 486",
        "x": 544.2623291015625,
        "y": 311.12127685546875,
        "z": 5825.47607421875
    },
    {
        "color": 4294967295,
        "name": "Generic Point 487",
        "x": 544.2623901367188,
        "y": 311.15478515625,
        "z": 5825.47607421875
    },
    {
        "color": 4294967295,
        "name": "Generic Point 488",
        "x": 557.7568969726562,
        "y": 310.4416198730469,
        "z": 5827.09033203125
    },
    {
        "color": 4294967295,
        "name": "Generic Point 489",
        "x": 677.977294921875,
        "y": 309.5401916503906,
        "z": 5807.7421875
    },
    {
        "color": 4294967295,
        "name": "Generic Point 49",
        "x": -2436.64501953125,
        "y": 62.83658981323242,
        "z": 5295.52099609375
    },
    {
        "color": 4294967295,
        "name": "Generic Point 490",
        "x": 383.9849548339844,
        "y": 307.352783203125,
        "z": 5899.3828125
    },
    {
        "color": 4294967295,
        "name": "Generic Point 491",
        "x": 1057.203125,
        "y": 201.09877014160156,
        "z": 6633.115234375
    },
    {
        "color": 4294967295,
        "name": "Generic Point 492",
        "x": 408.5228576660156,
        "y": 312.12554931640625,
        "z": 5681.93505859375
    },
    {
        "color": 4294967295,
        "name": "Generic Point 5",
        "x": -1747.28173828125,
        "y": 186.33815002441406,
        "z": 3042.0283203125
    },
    {
        "color": 4294967295,
        "name": "Generic Point 50",
        "x": -2343.5478515625,
        "y": 46.934837341308594,
        "z": 5356.9482421875
    },
    {
        "color": 4294967295,
        "name": "Generic Point 51",
        "x": -2369.547119140625,
        "y": -1.877882957458496,
        "z": 5402.63720703125
    },
    {
        "color": 4294967295,
        "name": "Generic Point 52",
        "x": -2369.547119140625,
        "y": -1.877882957458496,
        "z": 5402.63720703125
    },
    {
        "color": 4294967295,
        "name": "Generic Point 53",
        "x": -2713.87890625,
        "y": -0.27843600511550903,
        "z": 5763.29296875
    },
    {
        "color": 4294967295,
        "name": "Generic Point 54",
        "x": -2385.89501953125,
        "y": 192.56594848632812,
        "z": 5778.4345703125
    },
    {
        "color": 4294967295,
        "name": "Generic Point 55",
        "x": -2321.54345703125,
        "y": 192.65185546875,
        "z": 5751.330078125
    },
    {
        "color": 4294967295,
        "name": "Generic Point 56",
        "x": -2815.66552734375,
        "y": 179.87799072265625,
        "z": 5994.8515625
    },
    {
        "color": 4294967295,
        "name": "Generic Point 57",
        "x": -2262.5576171875,
        "y": -36.27606201171875,
        "z": 5898.13232421875
    },
    {
        "color": 4294967295,
        "name": "Generic Point 58",
        "x": -2201.61962890625,
        "y": 3.34564471244812,
        "z": 5598.5888671875
    },
    {
        "color": 4294967295,
        "name": "Generic Point 59",
        "x": -2226.28564453125,
        "y": 4.602378845214844,
        "z": 5548.0439453125
    },
    {
        "color": 4294967295,
        "name": "Generic Point 6",
        "x": -1768.0565185546875,
        "y": 148.31626892089844,
        "z": 3528.0947265625
    },
    {
        "color": 4294967295,
        "name": "Generic Point 60",
        "x": -2255.486083984375,
        "y": 3.3172121047973633,
        "z": 5581.79296875
    },
    {
        "color": 4294967295,
        "name": "Generic Point 61",
        "x": -2292.0673828125,
        "y": 50.99905014038086,
        "z": 5568.5087890625
    },
    {
        "color": 4294967295,
        "name": "Generic Point 62",
        "x": -2339.426025390625,
        "y": 192.57647705078125,
        "z": 5614.6201171875
    },
    {
        "color": 4294967295,
        "name": "Generic Point 63",
        "x": -2286.818359375,
        "y": 192.42527770996094,
        "z": 5582.45947265625
    },
    {
        "color": 4294967295,
        "name": "Generic Point 64",
        "x": -2326.7890625,
        "y": 10.681137084960938,
        "z": 5567.20263671875
    },
    {
        "color": 4294967295,
        "name": "Generic Point 65",
        "x": -2352.0947265625,
        "y": 10.684078216552734,
        "z": 5595.548828125
    },
    {
        "color": 4294967295,
        "name": "Generic Point 66",
        "x": -2270.2578125,
        "y": 16.02657699584961,
        "z": 5740.17626953125
    },
    {
        "color": 4294967295,
        "name": "Generic Point 67",
        "x": -2306.2314453125,
        "y": -87.85646057128906,
        "z": 5984.9892578125
    },
    {
        "color": 4294967295,
        "name": "Generic Point 68",
        "x": -1414.757568359375,
        "y": 54.875938415527344,
        "z": 5319.9755859375
    },
    {
        "color": 4294967295,
        "name": "Generic Point 69",
        "x": -2306.481201171875,
        "y": -74.07560729980469,
        "z": 5839.77001953125
    },
    {
        "color": 4294967295,
        "name": "Generic Point 7",
        "x": -1711.118896484375,
        "y": 192.34327697753906,
        "z": 3377.498291015625
    },
    {
        "color": 4294967295,
        "name": "Generic Point 70",
        "x": -2102.8056640625,
        "y": -55.35359573364258,
        "z": 5738.939453125
    },
    {
        "color": 4294967295,
        "name": "Generic Point 71",
        "x": -2032.8822021484375,
        "y": 92.5531005859375,
        "z": 5977.03955078125
    },
    {
        "color": 4294967295,
        "name": "Generic Point 72",
        "x": -1980.461669921875,
        "y": 102.6314926147461,
        "z": 5964.75439453125
    },
    {
        "color": 4294967295,
        "name": "Generic Point 73",
        "x": -1952.1075439453125,
        "y": 150.33570861816406,
        "z": 5941.65087890625
    },
    {
        "color": 4294967295,
        "name": "Generic Point 74",
        "x": -2041.346435546875,
        "y": 162.2801055908203,
        "z": 5550.82568359375
    },
    {
        "color": 4294967295,
        "name": "Generic Point 75",
        "x": -3019.359375,
        "y": 116.73812866210938,
        "z": 4467.38427734375
    },
    {
        "color": 4294967295,
        "name": "Generic Point 76",
        "x": -3006.08251953125,
        "y": 277.94415283203125,
        "z": 4880.83837890625
    },
    {
        "color": 4294967295,
        "name": "Generic Point 77",
        "x": -2205.59912109375,
        "y": -85.52228546142578,
        "z": 5999.0205078125
    },
    {
        "color": 4294967295,
        "name": "Generic Point 78",
        "x": -2379.28759765625,
        "y": 36.643009185791016,
        "z": 5304.68798828125
    },
    {
        "color": 4294967295,
        "name": "Generic Point 79",
        "x": 314.31072998046875,
        "y": 270.54412841796875,
        "z": 2221.086181640625
    },
    {
        "color": 4294967295,
        "name": "Generic Point 8",
        "x": -1333.172607421875,
        "y": 293.13629150390625,
        "z": 3258.099609375
    },
    {
        "color": 4294967295,
        "name": "Generic Point 80",
        "x": -2370.89501953125,
        "y": 132.6774444580078,
        "z": 5594.2080078125
    },
    {
        "color": 4294967295,
        "name": "Generic Point 81",
        "x": -2985.2880859375,
        "y": 160.7592010498047,
        "z": 5437.25732421875
    },
    {
        "color": 4294967295,
        "name": "Generic Point 82",
        "x": -1660.945068359375,
        "y": 100.10444641113281,
        "z": 4511.9384765625
    },
    {
        "color": 4294967295,
        "name": "Generic Point 83",
        "x": -2376.8505859375,
        "y": 45.58165740966797,
        "z": 4240.6650390625
    },
    {
        "color": 4294967295,
        "name": "Generic Point 84",
        "x": -2401.37646484375,
        "y": 76.01753234863281,
        "z": 4295.1630859375
    },
    {
        "color": 4294967295,
        "name": "Generic Point 85",
        "x": -1772.4122314453125,
        "y": 260.0149841308594,
        "z": 4491.96533203125
    },
    {
        "color": 4294967295,
        "name": "Generic Point 86",
        "x": -1978.1015625,
        "y": 189.44911193847656,
        "z": 4591.5439453125
    },
    {
        "color": 4294967295,
        "name": "Generic Point 87",
        "x": -2379.341064453125,
        "y": 122.85185241699219,
        "z": 4952.0263671875
    },
    {
        "color": 4294967295,
        "name": "Generic Point 88",
        "x": -2442.395751953125,
        "y": 138.41856384277344,
        "z": 5216.42041015625
    },
    {
        "color": 4294967295,
        "name": "Generic Point 89",
        "x": -2724.276611328125,
        "y": 200.59022521972656,
        "z": 5630.2197265625
    },
    {
        "color": 4294967295,
        "name": "Generic Point 9",
        "x": -1507.5128173828125,
        "y": 284.4699401855469,
        "z": 3244.505859375
    },
    {
        "color": 4294967295,
        "name": "Generic Point 90",
        "x": 126.14253234863281,
        "y": 282.40557861328125,
        "z": 2460.857177734375
    },
    {
        "color": 4294967295,
        "name": "Generic Point 91",
        "x": -2845.3955078125,
        "y": 178.99008178710938,
        "z": 5802.88818359375
    },
    {
        "color": 4294967295,
        "name": "Generic Point 92",
        "x": -2993.36572265625,
        "y": 231.6051025390625,
        "z": 5566.82958984375
    },
    {
        "color": 4294967295,
        "name": "Generic Point 93",
        "x": -2217.66943359375,
        "y": -8.706242561340332,
        "z": 5569.18603515625
    },
    {
        "color": 4294967295,
        "name": "Generic Point 94",
        "x": -2443.1787109375,
        "y": -46.216400146484375,
        "z": 5718.548828125
    },
    {
        "color": 4294967295,
        "name": "Generic Point 95",
        "x": -1872.0306396484375,
        "y": 147.21153259277344,
        "z": 5581.6171875
    },
    {
        "color": 4294967295,
        "name": "Generic Point 96",
        "x": -2572.865478515625,
        "y": 136.9756622314453,
        "z": 4997.08544921875
    },
    {
        "color": 4294967295,
        "name": "Generic Point 97",
        "x": -2981.73291015625,
        "y": 303.8952941894531,
        "z": 4944.95703125
    },
    {
        "color": 4294967295,
        "name": "Generic Point 98",
        "x": -3030.732177734375,
        "y": 107.38420867919922,
        "z": 4251.27880859375
    },
    {
        "color": 4294967295,
        "name": "Generic Point 99",
        "x": -1232.185791015625,
        "y": -22.0197811126709,
        "z": 5798.67236328125
    }
]