[
    {
        "color": 4294967295,
        "name": "Generic Point 0",
        "x": 1602.14,
        "y": 701.165,
        "z": 4488.14
    },
    {
        "color": 4294967295,
        "name": "Generic Point 1",
        "x": 1374.16,
        "y": 256.339,
        "z": 3858.35
    },
    {
        "color": 4294967295,
        "name": "Generic Point 2",
        "x": 1635.96,
        "y": 246.083,
        "z": 3815.86
    },
    {
        "color": 4294967295,
        "name": "Generic Point 3",
        "x": 1308.44,
        "y": 196.81,
        "z": 3724.12
    }
]