[
    {
        "color": 4294967295,
        "name": "Generic Point 0",
        "x": -2787.26123046875,
        "y": 192.57443237304688,
        "z": -4067.232177734375
    },
    {
        "color": 4294967295,
        "name": "Generic Point 1",
        "x": -2256.213134765625,
        "y": 137.8849639892578,
        "z": -4886.728515625
    },
    {
        "color": 4294967295,
        "name": "Generic Point 10",
        "x": -2292.664306640625,
        "y": 211.838623046875,
        "z": -4286.25537109375
    },
    {
        "color": 4294967295,
        "name": "Generic Point 11",
        "x": -2600.64697265625,
        "y": 208.48867797851562,
        "z": -4116.5419921875
    },
    {
        "color": 4294967295,
        "name": "Generic Point 12",
        "x": -2964.589599609375,
        "y": 206.04287719726562,
        "z": -4069.2958984375
    },
    {
        "color": 4294967295,
        "name": "Generic Point 13",
        "x": -2642.25390625,
        "y": 213.37710571289062,
        "z": -4228.08984375
    },
    {
        "color": 4294967295,
        "name": "Generic Point 14",
        "x": -2874.34716796875,
        "y": 203.6433563232422,
        "z": -4176.333984375
    },
    {
        "color": 4294967295,
        "name": "Generic Point 15",
        "x": -2964.589599609375,
        "y": 206.04287719726562,
        "z": -4069.2958984375
    },
    {
        "color": 4294967295,
        "name": "Generic Point 16",
        "x": -2792.5009765625,
        "y": 226.3357391357422,
        "z": -4456.01611328125
    },
    {
        "color": 4294967295,
        "name": "Generic Point 17",
        "x": -2789.983154296875,
        "y": 218.79605102539062,
        "z": -4258.09228515625
    },
    {
        "color": 4294967295,
        "name": "Generic Point 18",
        "x": -2447.864501953125,
        "y": 201.47268676757812,
        "z": -4600.2919921875
    },
    {
        "color": 4294967295,
        "name": "Generic Point 19",
        "x": -2358.122314453125,
        "y": 200.7190704345703,
        "z": -4745.41552734375
    },
    {
        "color": 4294967295,
        "name": "Generic Point 2",
        "x": -2358.122314453125,
        "y": 200.7190704345703,
        "z": -4745.41552734375
    },
    {
        "color": 4294967295,
        "name": "Generic Point 3",
        "x": -2471.336181640625,
        "y": 227.55706787109375,
        "z": -4110.04296875
    },
    {
        "color": 4294967295,
        "name": "Generic Point 4",
        "x": -1867.232177734375,
        "y": 223.68734741210938,
        "z": -4188.705078125
    },
    {
        "color": 4294967295,
        "name": "Generic Point 5",
        "x": -2187.32373046875,
        "y": 229.493408203125,
        "z": -4264.2705078125
    },
    {
        "color": 4294967295,
        "name": "Generic Point 6",
        "x": -2933.784423828125,
        "y": 200.9019317626953,
        "z": -4306.349609375
    },
    {
        "color": 4294967295,
        "name": "Generic Point 7",
        "x": -2824.93994140625,
        "y": 202.01702880859375,
        "z": -4338.7802734375
    },
    {
        "color": 4294967295,
        "name": "Generic Point 8",
        "x": -3018.17626953125,
        "y": 212.05239868164062,
        "z": -4504.3544921875
    },
    {
        "color": 4294967295,
        "name": "Generic Point 9",
        "x": -2347.93408203125,
        "y": 206.0408935546875,
        "z": -4223.43310546875
    }
]