[
    {
        "color": 4294967295,
        "name": "Generic Point 0",
        "x": 2245.02734375,
        "y": 264.2933654785156,
        "z": -751.8994750976562
    },
    {
        "color": 4294967295,
        "name": "Generic Point 1",
        "x": 2372.7451171875,
        "y": 299.33251953125,
        "z": -649.309814453125
    },
    {
        "color": 4294967295,
        "name": "Generic Point 2",
        "x": 2959.3671875,
        "y": 199.7343292236328,
        "z": -1425.9599609375
    },
    {
        "color": 4294967295,
        "name": "Generic Point 3",
        "x": 2632.296875,
        "y": 193.39431762695312,
        "z": -2377.466064453125
    },
    {
        "color": 4294967295,
        "name": "Generic Point 4",
        "x": 2652.37255859375,
        "y": 325.02362060546875,
        "z": 131.47772216796875
    },
    {
        "color": 4294967295,
        "name": "Generic Point 5",
        "x": 1385.097900390625,
        "y": 233.80152893066406,
        "z": -1553.9884033203125
    }
]