[
    {
        "color": 4294967295,
        "name": "Generic Point 0",
        "x": -3763.918212890625,
        "y": 202.1307830810547,
        "z": -1379.37353515625
    },
    {
        "color": 4294967295,
        "name": "Generic Point 1",
        "x": -4010.2236328125,
        "y": 227.2796173095703,
        "z": -648.039306640625
    },
    {
        "color": 4294967295,
        "name": "Generic Point 10",
        "x": -3530.4677734375,
        "y": 203.6925048828125,
        "z": -794.619384765625
    },
    {
        "color": 4294967295,
        "name": "Generic Point 11",
        "x": -4018.715576171875,
        "y": 209.26290893554688,
        "z": -993.385009765625
    },
    {
        "color": 4294967295,
        "name": "Generic Point 12",
        "x": -3608.1904296875,
        "y": 212.14060974121094,
        "z": -950.4163818359375
    },
    {
        "color": 4294967295,
        "name": "Generic Point 13",
        "x": -3657.88525390625,
        "y": 201.665771484375,
        "z": -1009.8207397460938
    },
    {
        "color": 4294967295,
        "name": "Generic Point 14",
        "x": -3544.48974609375,
        "y": 188.5631866455078,
        "z": -1163.500732421875
    },
    {
        "color": 4294967295,
        "name": "Generic Point 15",
        "x": -3537.223388671875,
        "y": 198.01821899414062,
        "z": -1152.685302734375
    },
    {
        "color": 4294967295,
        "name": "Generic Point 16",
        "x": -3428.947265625,
        "y": 206.49713134765625,
        "z": -1005.5510864257812
    },
    {
        "color": 4294967295,
        "name": "Generic Point 17",
        "x": -3452.338623046875,
        "y": 201.27777099609375,
        "z": -733.9773559570312
    },
    {
        "color": 4294967295,
        "name": "Generic Point 18",
        "x": -3769.4189453125,
        "y": 150.4462432861328,
        "z": -1067.65966796875
    },
    {
        "color": 4294967295,
        "name": "Generic Point 19",
        "x": -3705.71337890625,
        "y": 129.26181030273438,
        "z": -1001.365966796875
    },
    {
        "color": 4294967295,
        "name": "Generic Point 2",
        "x": -3849.702392578125,
        "y": 200.90191650390625,
        "z": -433.92559814453125
    },
    {
        "color": 4294967295,
        "name": "Generic Point 20",
        "x": -3842.751708984375,
        "y": 130.48631286621094,
        "z": -696.3421630859375
    },
    {
        "color": 4294967295,
        "name": "Generic Point 21",
        "x": -3721.051513671875,
        "y": 125.31753540039062,
        "z": -663.3455200195312
    },
    {
        "color": 4294967295,
        "name": "Generic Point 22",
        "x": -3872.229248046875,
        "y": 124.01236724853516,
        "z": -1002.4451904296875
    },
    {
        "color": 4294967295,
        "name": "Generic Point 23",
        "x": -3655.324951171875,
        "y": 122.5444107055664,
        "z": -755.5652465820312
    },
    {
        "color": 4294967295,
        "name": "Generic Point 24",
        "x": -3721.093505859375,
        "y": 114.09902954101562,
        "z": -857.0044555664062
    },
    {
        "color": 4294967295,
        "name": "Generic Point 25",
        "x": -3770.731201171875,
        "y": 121.84304809570312,
        "z": -849.130615234375
    },
    {
        "color": 4294967295,
        "name": "Generic Point 26",
        "x": -3783.903564453125,
        "y": 111.5180435180664,
        "z": -787.4092407226562
    },
    {
        "color": 4294967295,
        "name": "Generic Point 27",
        "x": -3937.369140625,
        "y": 108.48001098632812,
        "z": -852.9733276367188
    },
    {
        "color": 4294967295,
        "name": "Generic Point 28",
        "x": -3733.953125,
        "y": 127.81146240234375,
        "z": -917.578125
    },
    {
        "color": 4294967295,
        "name": "Generic Point 29",
        "x": -4065.398193359375,
        "y": 201.89698791503906,
        "z": -873.1146850585938
    },
    {
        "color": 4294967295,
        "name": "Generic Point 3",
        "x": -3869.14453125,
        "y": 203.1241455078125,
        "z": -436.973876953125
    },
    {
        "color": 4294967295,
        "name": "Generic Point 30",
        "x": -4099.71142578125,
        "y": 200.93409729003906,
        "z": -1096.033203125
    },
    {
        "color": 4294967295,
        "name": "Generic Point 31",
        "x": -4043.22412109375,
        "y": 206.67555236816406,
        "z": -1411.760986328125
    },
    {
        "color": 4294967295,
        "name": "Generic Point 32",
        "x": -4027.09423828125,
        "y": 208.91282653808594,
        "z": -1266.8255615234375
    },
    {
        "color": 4294967295,
        "name": "Generic Point 4",
        "x": -3772.71044921875,
        "y": 205.60877990722656,
        "z": -493.69854736328125
    },
    {
        "color": 4294967295,
        "name": "Generic Point 5",
        "x": -4048.34521484375,
        "y": 206.732177734375,
        "z": -362.62213134765625
    },
    {
        "color": 4294967295,
        "name": "Generic Point 6",
        "x": -3985.01025390625,
        "y": 203.64462280273438,
        "z": -468.7345886230469
    },
    {
        "color": 4294967295,
        "name": "Generic Point 7",
        "x": -3598.66357421875,
        "y": 218.689453125,
        "z": -634.9380493164062
    },
    {
        "color": 4294967295,
        "name": "Generic Point 8",
        "x": -3578.7294921875,
        "y": 201.77752685546875,
        "z": -496.8450012207031
    },
    {
        "color": 4294967295,
        "name": "Generic Point 9",
        "x": -3658.060546875,
        "y": 186.28677368164062,
        "z": -582.4141235351562
    }
]