[
    {
        "color": 4294967295,
        "name": "Generic Point 0",
        "x": 1534.447998046875,
        "y": 243.9448699951172,
        "z": 79.39692687988281
    },
    {
        "color": 4294967295,
        "name": "Generic Point 1",
        "x": 1653.6727294921875,
        "y": 278.9880676269531,
        "z": 527.7478637695312
    },
    {
        "color": 4294967295,
        "name": "Generic Point 2",
        "x": 1441.001953125,
        "y": 246.12794494628906,
        "z": 1303.793212890625
    },
    {
        "color": 4294967295,
        "name": "Generic Point 3",
        "x": 1211.9068603515625,
        "y": 261.3897399902344,
        "z": 1297.95947265625
    },
    {
        "color": 4294967295,
        "name": "Generic Point 4",
        "x": 1060.5869140625,
        "y": 317.9740905761719,
        "z": 1416.9129638671875
    },
    {
        "color": 4294967295,
        "name": "Generic Point 5",
        "x": 445.08319091796875,
        "y": 300.9880065917969,
        "z": 1573.0068359375
    },
    {
        "color": 4294967295,
        "name": "Generic Point 6",
        "x": -69.0039291381836,
        "y": 246.05564880371094,
        "z": 1085.7142333984375
    },
    {
        "color": 4294967295,
        "name": "Generic Point 7",
        "x": -639.5736694335938,
        "y": 145.0814971923828,
        "z": 892.8450927734375
    },
    {
        "color": 4294967295,
        "name": "Generic Point 8",
        "x": -608.370849609375,
        "y": 202.68878173828125,
        "z": -680.450927734375
    },
    {
        "color": 4294967295,
        "name": "Generic Point 9",
        "x": 1019.0972290039062,
        "y": 242.94253540039062,
        "z": -279.93505859375
    }
]