[
    {
        "color": 4294967295,
        "name": "Generic Point 0",
        "x": -4288.74755859375,
        "y": 201.35658264160156,
        "z": -3744.061279296875
    },
    {
        "color": 4294967295,
        "name": "Generic Point 1",
        "x": -4445.85009765625,
        "y": 233.7056884765625,
        "z": -3937.63671875
    },
    {
        "color": 4294967295,
        "name": "Generic Point 10",
        "x": -4276.42626953125,
        "y": 210.31114196777344,
        "z": -4308.3017578125
    },
    {
        "color": 4294967295,
        "name": "Generic Point 11",
        "x": -4201.66552734375,
        "y": 201.00242614746094,
        "z": -3846.7275390625
    },
    {
        "color": 4294967295,
        "name": "Generic Point 12",
        "x": -4472.03759765625,
        "y": 202.56631469726562,
        "z": -4294.45849609375
    },
    {
        "color": 4294967295,
        "name": "Generic Point 13",
        "x": -4907.56494140625,
        "y": 221.94305419921875,
        "z": -4679.8125
    },
    {
        "color": 4294967295,
        "name": "Generic Point 14",
        "x": -4668.66845703125,
        "y": 212.17027282714844,
        "z": -4447.314453125
    },
    {
        "color": 4294967295,
        "name": "Generic Point 15",
        "x": -4853.59619140625,
        "y": 206.50341796875,
        "z": -4190.00830078125
    },
    {
        "color": 4294967295,
        "name": "Generic Point 16",
        "x": -4845.17919921875,
        "y": 201.69461059570312,
        "z": -4110.583984375
    },
    {
        "color": 4294967295,
        "name": "Generic Point 17",
        "x": -4719.4521484375,
        "y": 239.73785400390625,
        "z": -4110.85498046875
    },
    {
        "color": 4294967295,
        "name": "Generic Point 18",
        "x": -4621.22119140625,
        "y": 201.19107055664062,
        "z": -3997.552978515625
    },
    {
        "color": 4294967295,
        "name": "Generic Point 19",
        "x": -4745.8671875,
        "y": 201.54348754882812,
        "z": -4277.173828125
    },
    {
        "color": 4294967295,
        "name": "Generic Point 2",
        "x": -4551.29296875,
        "y": 201.79983520507812,
        "z": -3874.759521484375
    },
    {
        "color": 4294967295,
        "name": "Generic Point 20",
        "x": -3718.13525390625,
        "y": 130.6447296142578,
        "z": -603.3372192382812
    },
    {
        "color": 4294967295,
        "name": "Generic Point 21",
        "x": -4400.94482421875,
        "y": 202.30921936035156,
        "z": -3704.47900390625
    },
    {
        "color": 4294967295,
        "name": "Generic Point 22",
        "x": -4432.9765625,
        "y": 206.54052734375,
        "z": -3743.69140625
    },
    {
        "color": 4294967295,
        "name": "Generic Point 23",
        "x": -4432.919921875,
        "y": 201.63906860351562,
        "z": -3739.82421875
    },
    {
        "color": 4294967295,
        "name": "Generic Point 24",
        "x": -4431.921875,
        "y": 193.49392700195312,
        "z": -3753.55517578125
    },
    {
        "color": 4294967295,
        "name": "Generic Point 25",
        "x": -4426.14208984375,
        "y": 187.70333862304688,
        "z": -3743.5283203125
    },
    {
        "color": 4294967295,
        "name": "Generic Point 26",
        "x": -4437.1220703125,
        "y": 189.6488800048828,
        "z": -3732.20703125
    },
    {
        "color": 4294967295,
        "name": "Generic Point 27",
        "x": -4403.5830078125,
        "y": 169.67550659179688,
        "z": -3810.857177734375
    },
    {
        "color": 4294967295,
        "name": "Generic Point 3",
        "x": -4268.517578125,
        "y": 220.7506561279297,
        "z": -4142.84130859375
    },
    {
        "color": 4294967295,
        "name": "Generic Point 4",
        "x": -4358.25244140625,
        "y": 204.47413635253906,
        "z": -3965.61572265625
    },
    {
        "color": 4294967295,
        "name": "Generic Point 5",
        "x": -4473.0146484375,
        "y": 201.26678466796875,
        "z": -4030.102294921875
    },
    {
        "color": 4294967295,
        "name": "Generic Point 6",
        "x": -4355.32373046875,
        "y": 247.47996520996094,
        "z": -4184.8916015625
    },
    {
        "color": 4294967295,
        "name": "Generic Point 7",
        "x": -4284.24951171875,
        "y": 221.97076416015625,
        "z": -4218.169921875
    },
    {
        "color": 4294967295,
        "name": "Generic Point 8",
        "x": -4230.634765625,
        "y": 209.62619018554688,
        "z": -4251.92333984375
    },
    {
        "color": 4294967295,
        "name": "Generic Point 9",
        "x": -4153.41845703125,
        "y": 201.88490295410156,
        "z": -4306.6162109375
    }
]