[
    {
        "color": 4294967295,
        "name": "Generic Point 00",
        "x": 3172.62744140625,
        "y": 230.65695190429688,
        "z": 9449.40234375
    },
    {
        "color": 4294967295,
        "name": "Generic Point 01",
        "x": 3184.099365234375,
        "y": 371.10736083984375,
        "z": 9852.685546875
    },
    {
        "color": 4294967295,
        "name": "Generic Point 02",
        "x": 3152.591064453125,
        "y": 347.5747375488281,
        "z": 9896.9921875
    },
    {
        "color": 4294967295,
        "name": "Generic Point 03",
        "x": 2892.34130859375,
        "y": 202.64553833007812,
        "z": 9948.052734375
    }
]