[
    {
        "color": 4294967295,
        "name": "Generic Point 0",
        "x": 1929.7022705078125,
        "y": 196.7440643310547,
        "z": -1265.9759521484375
    },
    {
        "color": 4294967295,
        "name": "Generic Point 1",
        "x": 2565.548828125,
        "y": 214.66932678222656,
        "z": -1325.03515625
    },
    {
        "color": 4294967295,
        "name": "Generic Point 2",
        "x": 1856.48486328125,
        "y": 258.0086669921875,
        "z": -576.4886474609375
    },
    {
        "color": 4294967295,
        "name": "Generic Point 3",
        "x": 2644.9794921875,
        "y": 262.1303405761719,
        "z": 176.85498046875
    }
]