[
    {
        "color": 4294967295,
        "name": "Generic Point 0",
        "x": 2874.966064453125,
        "y": 260.5421142578125,
        "z": -1800.125244140625
    },
    {
        "color": 4294967295,
        "name": "Generic Point 1",
        "x": 2898.0654296875,
        "y": 236.1206817626953,
        "z": -1737.1212158203125
    },
    {
        "color": 4294967295,
        "name": "Generic Point 10",
        "x": 1974.32861328125,
        "y": 221.08033752441406,
        "z": -1560.4974365234375
    },
    {
        "color": 4294967295,
        "name": "Generic Point 11",
        "x": 1879.017333984375,
        "y": 196.03233337402344,
        "z": -1301.8206787109375
    },
    {
        "color": 4294967295,
        "name": "Generic Point 12",
        "x": 1739.7027587890625,
        "y": 267.44500732421875,
        "z": -1089.061279296875
    },
    {
        "color": 4294967295,
        "name": "Generic Point 13",
        "x": 1638.19580078125,
        "y": 247.14295959472656,
        "z": -1292.85302734375
    },
    {
        "color": 4294967295,
        "name": "Generic Point 14",
        "x": 1402.6656494140625,
        "y": 239.25204467773438,
        "z": -1480.43701171875
    },
    {
        "color": 4294967295,
        "name": "Generic Point 15",
        "x": 1416.1236572265625,
        "y": 240.75811767578125,
        "z": -1539.550537109375
    },
    {
        "color": 4294967295,
        "name": "Generic Point 16",
        "x": 1362.8587646484375,
        "y": 241.59234619140625,
        "z": -1520.389404296875
    },
    {
        "color": 4294967295,
        "name": "Generic Point 17",
        "x": 1150.394287109375,
        "y": 301.0211486816406,
        "z": -1511.7418212890625
    },
    {
        "color": 4294967295,
        "name": "Generic Point 18",
        "x": 1320.9710693359375,
        "y": 275.8775939941406,
        "z": -1737.699462890625
    },
    {
        "color": 4294967295,
        "name": "Generic Point 19",
        "x": 1379.97607421875,
        "y": 279.36181640625,
        "z": -1761.317626953125
    },
    {
        "color": 4294967295,
        "name": "Generic Point 2",
        "x": 2701.450927734375,
        "y": 245.06069946289062,
        "z": -1317.9888916015625
    },
    {
        "color": 4294967295,
        "name": "Generic Point 20",
        "x": 1516.023681640625,
        "y": 352.3215026855469,
        "z": -2069.04541015625
    },
    {
        "color": 4294967295,
        "name": "Generic Point 21",
        "x": 1568.744384765625,
        "y": 334.78753662109375,
        "z": -2054.3427734375
    },
    {
        "color": 4294967295,
        "name": "Generic Point 22",
        "x": 1625.0225830078125,
        "y": 344.47906494140625,
        "z": -2127.197509765625
    },
    {
        "color": 4294967295,
        "name": "Generic Point 23",
        "x": 1955.17919921875,
        "y": 224.1522216796875,
        "z": -961.751220703125
    },
    {
        "color": 4294967295,
        "name": "Generic Point 24",
        "x": 1908.2747802734375,
        "y": 231.6468963623047,
        "z": -872.448486328125
    },
    {
        "color": 4294967295,
        "name": "Generic Point 25",
        "x": 1739.16259765625,
        "y": 265.12225341796875,
        "z": -893.2083740234375
    },
    {
        "color": 4294967295,
        "name": "Generic Point 26",
        "x": 1735.64794921875,
        "y": 233.58766174316406,
        "z": -534.585205078125
    },
    {
        "color": 4294967295,
        "name": "Generic Point 27",
        "x": 1893.091552734375,
        "y": 212.6840362548828,
        "z": -125.2943115234375
    },
    {
        "color": 4294967295,
        "name": "Generic Point 28",
        "x": 1863.1356201171875,
        "y": 203.59381103515625,
        "z": -201.972900390625
    },
    {
        "color": 4294967295,
        "name": "Generic Point 29",
        "x": 1829.5404052734375,
        "y": 203.22689819335938,
        "z": -97.97023010253906
    },
    {
        "color": 4294967295,
        "name": "Generic Point 3",
        "x": 2661.744873046875,
        "y": 233.73912048339844,
        "z": -1079.4921875
    },
    {
        "color": 4294967295,
        "name": "Generic Point 30",
        "x": 2114.02685546875,
        "y": 219.63743591308594,
        "z": -523.1103515625
    },
    {
        "color": 4294967295,
        "name": "Generic Point 31",
        "x": 2257.97119140625,
        "y": 270.2142639160156,
        "z": -262.87188720703125
    },
    {
        "color": 4294967295,
        "name": "Generic Point 32",
        "x": 2229.3515625,
        "y": 270.527587890625,
        "z": -256.1255798339844
    },
    {
        "color": 4294967295,
        "name": "Generic Point 33",
        "x": 2295.210693359375,
        "y": 271.84521484375,
        "z": -240.03854370117188
    },
    {
        "color": 4294967295,
        "name": "Generic Point 34",
        "x": 2285.8564453125,
        "y": 270.8341979980469,
        "z": -269.26708984375
    },
    {
        "color": 4294967295,
        "name": "Generic Point 35",
        "x": 2346.53857421875,
        "y": 277.20831298828125,
        "z": -384.1396484375
    },
    {
        "color": 4294967295,
        "name": "Generic Point 36",
        "x": 2416.755615234375,
        "y": 240.66749572753906,
        "z": -422.75189208984375
    },
    {
        "color": 4294967295,
        "name": "Generic Point 37",
        "x": 2374.588134765625,
        "y": 315.58154296875,
        "z": -176.0570526123047
    },
    {
        "color": 4294967295,
        "name": "Generic Point 38",
        "x": 2459.01318359375,
        "y": 299.5516662597656,
        "z": -357.5459289550781
    },
    {
        "color": 4294967295,
        "name": "Generic Point 39",
        "x": 2503.083984375,
        "y": 216.16212463378906,
        "z": -432.4143981933594
    },
    {
        "color": 4294967295,
        "name": "Generic Point 4",
        "x": 2602.20751953125,
        "y": 212.36776733398438,
        "z": -1400.79296875
    },
    {
        "color": 4294967295,
        "name": "Generic Point 40",
        "x": 2559.043212890625,
        "y": 269.161865234375,
        "z": -272.5506591796875
    },
    {
        "color": 4294967295,
        "name": "Generic Point 41",
        "x": 2661.079833984375,
        "y": 246.5067901611328,
        "z": -440.1476745605469
    },
    {
        "color": 4294967295,
        "name": "Generic Point 42",
        "x": 2689.028564453125,
        "y": 265.3905334472656,
        "z": -346.99505615234375
    },
    {
        "color": 4294967295,
        "name": "Generic Point 43",
        "x": 2619.2744140625,
        "y": 214.57005310058594,
        "z": -64.85508728027344
    },
    {
        "color": 4294967295,
        "name": "Generic Point 44",
        "x": 2690.698974609375,
        "y": 240.97201538085938,
        "z": 25.718299865722656
    },
    {
        "color": 4294967295,
        "name": "Generic Point 45",
        "x": 2748.865234375,
        "y": 208.532958984375,
        "z": 48.548789978027344
    },
    {
        "color": 4294967295,
        "name": "Generic Point 46",
        "x": 2854.86376953125,
        "y": 219.98245239257812,
        "z": 155.16259765625
    },
    {
        "color": 4294967295,
        "name": "Generic Point 47",
        "x": 2830.787353515625,
        "y": 222.2865753173828,
        "z": 290.22198486328125
    },
    {
        "color": 4294967295,
        "name": "Generic Point 48",
        "x": 2626.2255859375,
        "y": 206.7299041748047,
        "z": 346.1371154785156
    },
    {
        "color": 4294967295,
        "name": "Generic Point 49",
        "x": 2546.802978515625,
        "y": 218.64010620117188,
        "z": 370.9214782714844
    },
    {
        "color": 4294967295,
        "name": "Generic Point 5",
        "x": 2453.26123046875,
        "y": 296.3965148925781,
        "z": -1611.84375
    },
    {
        "color": 4294967295,
        "name": "Generic Point 50",
        "x": 2510.61328125,
        "y": 208.67213439941406,
        "z": 251.86074829101562
    },
    {
        "color": 4294967295,
        "name": "Generic Point 6",
        "x": 2308.263427734375,
        "y": 249.24037170410156,
        "z": -1473.61669921875
    },
    {
        "color": 4294967295,
        "name": "Generic Point 7",
        "x": 2172.537353515625,
        "y": 266.8614196777344,
        "z": -1759.27099609375
    },
    {
        "color": 4294967295,
        "name": "Generic Point 8",
        "x": 2193.11181640625,
        "y": 234.78158569335938,
        "z": -1303.4134521484375
    },
    {
        "color": 4294967295,
        "name": "Generic Point 9",
        "x": 2051.1513671875,
        "y": 198.4882354736328,
        "z": -1193.836181640625
    }
]