[
    {
        "color": 4294967295,
        "name": "Generic Point 0",
        "x": 1027.2313232421875,
        "y": 208.84249877929688,
        "z": 25.600784301757812
    },
    {
        "color": 4294967295,
        "name": "Generic Point 1",
        "x": 390.32366943359375,
        "y": 208.3323211669922,
        "z": -105.65757751464844
    },
    {
        "color": 4294967295,
        "name": "Generic Point 2",
        "x": -195.2398681640625,
        "y": 281.63433837890625,
        "z": 59.31854248046875
    },
    {
        "color": 4294967295,
        "name": "Generic Point 3",
        "x": -478.3213195800781,
        "y": 181.76715087890625,
        "z": 893.57763671875
    }
]