[
    {
        "color": 4294967295,
        "name": "Generic Point 000",
        "x": 1801.5830078125,
        "y": 252.63592529296875,
        "z": 9464.4853515625
    },
    {
        "color": 4294967295,
        "name": "Generic Point 001",
        "x": 1829.4556884765625,
        "y": 257.76220703125,
        "z": 9335.15625
    },
    {
        "color": 4294967295,
        "name": "Generic Point 002",
        "x": 1918.2432861328125,
        "y": 260.5673522949219,
        "z": 9190.7958984375
    },
    {
        "color": 4294967295,
        "name": "Generic Point 003",
        "x": 1958.48828125,
        "y": 254.4047088623047,
        "z": 9457.7666015625
    },
    {
        "color": 4294967295,
        "name": "Generic Point 004",
        "x": 1938.5946044921875,
        "y": 201.83921813964844,
        "z": 9535.763671875
    },
    {
        "color": 4294967295,
        "name": "Generic Point 005",
        "x": 2244.90234375,
        "y": 202.56719970703125,
        "z": 9543.6005859375
    },
    {
        "color": 4294967295,
        "name": "Generic Point 006",
        "x": 2262.44677734375,
        "y": 202.91470336914062,
        "z": 9467.484375
    },
    {
        "color": 4294967295,
        "name": "Generic Point 007",
        "x": 2311.4951171875,
        "y": 201.3332977294922,
        "z": 9605.0224609375
    },
    {
        "color": 4294967295,
        "name": "Generic Point 008",
        "x": 2376.04150390625,
        "y": 201.45477294921875,
        "z": 9361.8134765625
    },
    {
        "color": 4294967295,
        "name": "Generic Point 009",
        "x": 2208.27392578125,
        "y": 281.7210388183594,
        "z": 9233.2548828125
    },
    {
        "color": 4294967295,
        "name": "Generic Point 010",
        "x": 2213.68994140625,
        "y": 265.94073486328125,
        "z": 9038.3896484375
    },
    {
        "color": 4294967295,
        "name": "Generic Point 011",
        "x": 2157.482666015625,
        "y": 201.44248962402344,
        "z": 8993.5751953125
    },
    {
        "color": 4294967295,
        "name": "Generic Point 012",
        "x": 2175.27197265625,
        "y": 201.1441650390625,
        "z": 8925.0029296875
    },
    {
        "color": 4294967295,
        "name": "Generic Point 013",
        "x": 2138.738037109375,
        "y": 201.04603576660156,
        "z": 8721.306640625
    },
    {
        "color": 4294967295,
        "name": "Generic Point 014",
        "x": 2414.972412109375,
        "y": 201.28271484375,
        "z": 8754.07421875
    },
    {
        "color": 4294967295,
        "name": "Generic Point 015",
        "x": 2494.029052734375,
        "y": 201.48098754882812,
        "z": 8816.7021484375
    },
    {
        "color": 4294967295,
        "name": "Generic Point 016",
        "x": 2592.50341796875,
        "y": 383.738037109375,
        "z": 9162.8017578125
    },
    {
        "color": 4294967295,
        "name": "Generic Point 017",
        "x": 2871.336669921875,
        "y": 242.6809844970703,
        "z": 9115.443359375
    },
    {
        "color": 4294967295,
        "name": "Generic Point 018",
        "x": 2935.50927734375,
        "y": 205.45159912109375,
        "z": 9252.794921875
    },
    {
        "color": 4294967295,
        "name": "Generic Point 019",
        "x": 3020.073486328125,
        "y": 208.5610809326172,
        "z": 9367.970703125
    },
    {
        "color": 4294967295,
        "name": "Generic Point 020",
        "x": 3139.129638671875,
        "y": 203.14138793945312,
        "z": 9292.859375
    },
    {
        "color": 4294967295,
        "name": "Generic Point 021",
        "x": 3224.541015625,
        "y": 201.43319702148438,
        "z": 9243.9296875
    },
    {
        "color": 4294967295,
        "name": "Generic Point 022",
        "x": 3271.30908203125,
        "y": 201.13417053222656,
        "z": 9310.2060546875
    },
    {
        "color": 4294967295,
        "name": "Generic Point 023",
        "x": 3173.06689453125,
        "y": 237.63308715820312,
        "z": 9446.794921875
    },
    {
        "color": 4294967295,
        "name": "Generic Point 024",
        "x": 3198.7919921875,
        "y": 228.2139892578125,
        "z": 9517.28515625
    },
    {
        "color": 4294967295,
        "name": "Generic Point 025",
        "x": 3263.0751953125,
        "y": 238.83999633789062,
        "z": 9582.80859375
    },
    {
        "color": 4294967295,
        "name": "Generic Point 026",
        "x": 3316.5234375,
        "y": 199.9775390625,
        "z": 9497.4345703125
    },
    {
        "color": 4294967295,
        "name": "Generic Point 027",
        "x": 3439.1650390625,
        "y": 238.3909912109375,
        "z": 9364.0703125
    },
    {
        "color": 4294967295,
        "name": "Generic Point 028",
        "x": 3381.800048828125,
        "y": 204.63832092285156,
        "z": 9170.1494140625
    },
    {
        "color": 4294967295,
        "name": "Generic Point 029",
        "x": 3557.70654296875,
        "y": 221.53199768066406,
        "z": 9717.04296875
    },
    {
        "color": 4294967295,
        "name": "Generic Point 030",
        "x": 3620.177001953125,
        "y": 203.57205200195312,
        "z": 9874.5322265625
    },
    {
        "color": 4294967295,
        "name": "Generic Point 031",
        "x": 3290.88525390625,
        "y": 321.7078857421875,
        "z": 9865.6279296875
    },
    {
        "color": 4294967295,
        "name": "Generic Point 032",
        "x": 3277.744140625,
        "y": 426.3694763183594,
        "z": 9959.7041015625
    },
    {
        "color": 4294967295,
        "name": "Generic Point 033",
        "x": 3110.787109375,
        "y": 356.70074462890625,
        "z": 9822.193359375
    },
    {
        "color": 4294967295,
        "name": "Generic Point 034",
        "x": 2213.70458984375,
        "y": 214.1798858642578,
        "z": 10764.1962890625
    },
    {
        "color": 4294967295,
        "name": "Generic Point 035",
        "x": 2071.00146484375,
        "y": 201.2655792236328,
        "z": 10913.03125
    },
    {
        "color": 4294967295,
        "name": "Generic Point 036",
        "x": 1913.706787109375,
        "y": 201.08197021484375,
        "z": 10939.7822265625
    },
    {
        "color": 4294967295,
        "name": "Generic Point 037",
        "x": 1903.71435546875,
        "y": 202.78900146484375,
        "z": 10639.3095703125
    },
    {
        "color": 4294967295,
        "name": "Generic Point 038",
        "x": 1805.191650390625,
        "y": 208.66554260253906,
        "z": 10488.5517578125
    },
    {
        "color": 4294967295,
        "name": "Generic Point 039",
        "x": 1798.3292236328125,
        "y": 223.04721069335938,
        "z": 10382.66015625
    },
    {
        "color": 4294967295,
        "name": "Generic Point 040",
        "x": 1673.133056640625,
        "y": 200.7340545654297,
        "z": 10484.759765625
    },
    {
        "color": 4294967295,
        "name": "Generic Point 041",
        "x": 1568.8690185546875,
        "y": 213.8891143798828,
        "z": 10100.9609375
    },
    {
        "color": 4294967295,
        "name": "Generic Point 042",
        "x": 1691.850341796875,
        "y": 226.57521057128906,
        "z": 10056.6845703125
    },
    {
        "color": 4294967295,
        "name": "Generic Point 043",
        "x": 1545.30029296875,
        "y": 202.3033905029297,
        "z": 9821.455078125
    },
    {
        "color": 4294967295,
        "name": "Generic Point 044",
        "x": 2228.426513671875,
        "y": -200.47222900390625,
        "z": 8901.8798828125
    }
]