[
    {
        "color": 4294967295,
        "name": "Generic Point 0",
        "x": 2889.392822265625,
        "y": 280.4758605957031,
        "z": -1592.9783935546875
    },
    {
        "color": 4294967295,
        "name": "Generic Point 1",
        "x": 2815.68017578125,
        "y": 305.75299072265625,
        "z": -1585.920166015625
    },
    {
        "color": 4294967295,
        "name": "Generic Point 10",
        "x": 2252.931884765625,
        "y": 297.8131103515625,
        "z": -365.41943359375
    },
    {
        "color": 4294967295,
        "name": "Generic Point 11",
        "x": 2452.43017578125,
        "y": 305.63275146484375,
        "z": -334.45806884765625
    },
    {
        "color": 4294967295,
        "name": "Generic Point 12",
        "x": 2296.158203125,
        "y": 230.84361267089844,
        "z": -56.03257751464844
    },
    {
        "color": 4294967295,
        "name": "Generic Point 13",
        "x": 2537.969970703125,
        "y": 217.5365447998047,
        "z": -102.12371826171875
    },
    {
        "color": 4294967295,
        "name": "Generic Point 14",
        "x": 2876.443603515625,
        "y": 225.42527770996094,
        "z": 85.83238220214844
    },
    {
        "color": 4294967295,
        "name": "Generic Point 15",
        "x": 2813.748291015625,
        "y": 207.46502685546875,
        "z": 370.15972900390625
    },
    {
        "color": 4294967295,
        "name": "Generic Point 16",
        "x": 2762.465576171875,
        "y": 238.9831085205078,
        "z": 398.3526306152344
    },
    {
        "color": 4294967295,
        "name": "Generic Point 2",
        "x": 2759.03076171875,
        "y": 274.5572814941406,
        "z": -1510.344482421875
    },
    {
        "color": 4294967295,
        "name": "Generic Point 3",
        "x": 2776.3740234375,
        "y": 256.9891357421875,
        "z": -1331.728271484375
    },
    {
        "color": 4294967295,
        "name": "Generic Point 4",
        "x": 2657.241943359375,
        "y": 238.92015075683594,
        "z": -1123.533447265625
    },
    {
        "color": 4294967295,
        "name": "Generic Point 5",
        "x": 2522.521484375,
        "y": 345.1754150390625,
        "z": -1694.2301025390625
    },
    {
        "color": 4294967295,
        "name": "Generic Point 6",
        "x": 2341.10107421875,
        "y": 252.7467803955078,
        "z": -1408.8004150390625
    },
    {
        "color": 4294967295,
        "name": "Generic Point 7",
        "x": 1874.5772705078125,
        "y": 248.63780212402344,
        "z": -991.685302734375
    },
    {
        "color": 4294967295,
        "name": "Generic Point 8",
        "x": 1843.94091796875,
        "y": 242.04002380371094,
        "z": -822.2401123046875
    },
    {
        "color": 4294967295,
        "name": "Generic Point 9",
        "x": 1961.8642578125,
        "y": 240.3418731689453,
        "z": -458.911376953125
    }
]