[
    {
        "color": 4294967295,
        "name": "Generic Point 00",
        "x": 1655.948486328125,
        "y": 200.2086639404297,
        "z": 10340.8876953125
    },
    {
        "color": 4294967295,
        "name": "Generic Point 01",
        "x": 1728.6402587890625,
        "y": 223.1465606689453,
        "z": 10369.6455078125
    },
    {
        "color": 4294967295,
        "name": "Generic Point 02",
        "x": 1894.845458984375,
        "y": 245.7677764892578,
        "z": 10402.302734375
    },
    {
        "color": 4294967295,
        "name": "Generic Point 03",
        "x": 1945.053955078125,
        "y": 257.0148010253906,
        "z": 10388.1015625
    },
    {
        "color": 4294967295,
        "name": "Generic Point 04",
        "x": 2080.56005859375,
        "y": 212.46890258789062,
        "z": 10578.80078125
    },
    {
        "color": 4294967295,
        "name": "Generic Point 05",
        "x": 2088.7861328125,
        "y": 323.7108459472656,
        "z": 10730.013671875
    },
    {
        "color": 4294967295,
        "name": "Generic Point 06",
        "x": 1861.732421875,
        "y": 200.11788940429688,
        "z": 10838.5712890625
    },
    {
        "color": 4294967295,
        "name": "Generic Point 07",
        "x": 1770.3648681640625,
        "y": 199.21133422851562,
        "z": 10884.0068359375
    },
    {
        "color": 4294967295,
        "name": "Generic Point 08",
        "x": 1665.1820068359375,
        "y": 199.7334442138672,
        "z": 10830.23828125
    },
    {
        "color": 4294967295,
        "name": "Generic Point 09",
        "x": 1832.8585205078125,
        "y": 200.08299255371094,
        "z": 10990.3134765625
    }
]