[
    {
        "color": 4294967295,
        "name": "Generic Point 0",
        "x": -3110.8737792969,
        "y": 232.14324951172,
        "z": 10826.65234375
    },
    {
        "color": 4294967295,
        "name": "Generic Point 1",
        "x": -2555.8908691406,
        "y": 222.90036010742,
        "z": 9801.224609375
    },
    {
        "color": 4294967295,
        "name": "Generic Point 2",
        "x": -3370.7978515625,
        "y": 201.45385742188,
        "z": 10406.521484375
    },
    {
        "color": 4294967295,
        "name": "Generic Point 3",
        "x": -3192.3178710938,
        "y": 294.3596496582,
        "z": 10363.716796875
    },
    {
        "color": 4294967295,
        "name": "Generic Point 4",
        "x": -2765.0727539062,
        "y": 279.58499145508,
        "z": 10439.979492188
    },
    {
        "color": 4294967295,
        "name": "Generic Point 5",
        "x": -2211.0859375,
        "y": 160.99526977539,
        "z": 9310.009765625
    },
    {
        "color": 4294967295,
        "name": "Generic Point 6",
        "x": -2395.1918945312,
        "y": 224.23669433594,
        "z": 9737.525390625
    },
    {
        "color": 4294967295,
        "name": "Generic Point 7",
        "x": -2793.7646484375,
        "y": 200.91522216797,
        "z": 9678.6240234375
    },
    {
        "color": 4294967295,
        "name": "Generic Point 8",
        "x": -3299.3032226562,
        "y": 207.69931030273,
        "z": 9817.9794921875
    },
    {
        "color": 4294967295,
        "name": "Generic Point 9",
        "x": -3042.1040039062,
        "y": 295.70980834961,
        "z": 10140.041992188
    }
]