[
    {
        "color": 4294967295,
        "name": "Generic Point 0",
        "x": 1488.056396484375,
        "y": 240.5563507080078,
        "z": 72.80499267578125
    },
    {
        "color": 4294967295,
        "name": "Generic Point 1",
        "x": -181.00503540039062,
        "y": 202.62925720214844,
        "z": -1024.857666015625
    },
    {
        "color": 4294967295,
        "name": "Generic Point 10",
        "x": 209.2929229736328,
        "y": 232.2350311279297,
        "z": 321.3876037597656
    },
    {
        "color": 4294967295,
        "name": "Generic Point 11",
        "x": 926.0020751953125,
        "y": 266.7393798828125,
        "z": -236.05604553222656
    },
    {
        "color": 4294967295,
        "name": "Generic Point 12",
        "x": -43.86294937133789,
        "y": 287.0505065917969,
        "z": 324.9149169921875
    },
    {
        "color": 4294967295,
        "name": "Generic Point 13",
        "x": -120.57862854003906,
        "y": 293.1379089355469,
        "z": 108.71678924560547
    },
    {
        "color": 4294967295,
        "name": "Generic Point 14",
        "x": 173.0956268310547,
        "y": 240.56114196777344,
        "z": 82.89370727539062
    },
    {
        "color": 4294967295,
        "name": "Generic Point 15",
        "x": 610.0841064453125,
        "y": 204.9451904296875,
        "z": 359.99383544921875
    },
    {
        "color": 4294967295,
        "name": "Generic Point 16",
        "x": 606.053466796875,
        "y": 202.8207550048828,
        "z": 524.3907470703125
    },
    {
        "color": 4294967295,
        "name": "Generic Point 17",
        "x": 470.40069580078125,
        "y": 216.92059326171875,
        "z": 402.8109130859375
    },
    {
        "color": 4294967295,
        "name": "Generic Point 18",
        "x": 921.2884521484375,
        "y": 209.7867431640625,
        "z": 290.7925109863281
    },
    {
        "color": 4294967295,
        "name": "Generic Point 19",
        "x": 1097.3167724609375,
        "y": 210.98573303222656,
        "z": 347.984130859375
    },
    {
        "color": 4294967295,
        "name": "Generic Point 2",
        "x": -276.8069763183594,
        "y": 214.82540893554688,
        "z": -1025.8870849609375
    },
    {
        "color": 4294967295,
        "name": "Generic Point 20",
        "x": 1253.06884765625,
        "y": 201.65972900390625,
        "z": 219.06040954589844
    },
    {
        "color": 4294967295,
        "name": "Generic Point 21",
        "x": 1118.6578369140625,
        "y": 201.99017333984375,
        "z": 241.16238403320312
    },
    {
        "color": 4294967295,
        "name": "Generic Point 22",
        "x": 836.2664794921875,
        "y": 215.68377685546875,
        "z": -78.48387908935547
    },
    {
        "color": 4294967295,
        "name": "Generic Point 23",
        "x": 1435.600830078125,
        "y": 219.99761962890625,
        "z": 492.7452087402344
    },
    {
        "color": 4294967295,
        "name": "Generic Point 24",
        "x": 1600.580078125,
        "y": 257.5713806152344,
        "z": 463.65625
    },
    {
        "color": 4294967295,
        "name": "Generic Point 25",
        "x": 1346.9754638671875,
        "y": 204.7771759033203,
        "z": 584.878173828125
    },
    {
        "color": 4294967295,
        "name": "Generic Point 26",
        "x": 1407.58935546875,
        "y": 207.52166748046875,
        "z": 757.3197021484375
    },
    {
        "color": 4294967295,
        "name": "Generic Point 27",
        "x": 1488.892822265625,
        "y": 202.9670867919922,
        "z": 800.7550048828125
    },
    {
        "color": 4294967295,
        "name": "Generic Point 28",
        "x": 1421.1920166015625,
        "y": 204.31729125976562,
        "z": 394.21160888671875
    },
    {
        "color": 4294967295,
        "name": "Generic Point 29",
        "x": 1532.098388671875,
        "y": 250.4080810546875,
        "z": 424.5265197753906
    },
    {
        "color": 4294967295,
        "name": "Generic Point 3",
        "x": -757.8172607421875,
        "y": 245.55401611328125,
        "z": 506.54754638671875
    },
    {
        "color": 4294967295,
        "name": "Generic Point 30",
        "x": 1711.1236572265625,
        "y": 287.0546875,
        "z": 381.4719543457031
    },
    {
        "color": 4294967295,
        "name": "Generic Point 31",
        "x": 1738.57177734375,
        "y": 215.13552856445312,
        "z": 828.79833984375
    },
    {
        "color": 4294967295,
        "name": "Generic Point 32",
        "x": 1903.576171875,
        "y": 218.62796020507812,
        "z": 719.186767578125
    },
    {
        "color": 4294967295,
        "name": "Generic Point 33",
        "x": 736.0936279296875,
        "y": 256.4969177246094,
        "z": -154.6414031982422
    },
    {
        "color": 4294967295,
        "name": "Generic Point 34",
        "x": 1766.44580078125,
        "y": 211.87875366210938,
        "z": 610.1763916015625
    },
    {
        "color": 4294967295,
        "name": "Generic Point 35",
        "x": 1812.8153076171875,
        "y": 219.3345947265625,
        "z": 523.109130859375
    },
    {
        "color": 4294967295,
        "name": "Generic Point 36",
        "x": 1790.9752197265625,
        "y": 230.96353149414062,
        "z": 672.62255859375
    },
    {
        "color": 4294967295,
        "name": "Generic Point 37",
        "x": 2148.593994140625,
        "y": 188.1360626220703,
        "z": 727.3709716796875
    },
    {
        "color": 4294967295,
        "name": "Generic Point 38",
        "x": 1444.9903564453125,
        "y": 219.69439697265625,
        "z": 1139.0147705078125
    },
    {
        "color": 4294967295,
        "name": "Generic Point 39",
        "x": 1259.683837890625,
        "y": 265.965576171875,
        "z": 1390.649658203125
    },
    {
        "color": 4294967295,
        "name": "Generic Point 4",
        "x": -738.1199340820312,
        "y": 238.31634521484375,
        "z": 637.6377563476562
    },
    {
        "color": 4294967295,
        "name": "Generic Point 40",
        "x": 1145.1846923828125,
        "y": 240.84307861328125,
        "z": 1119.8134765625
    },
    {
        "color": 4294967295,
        "name": "Generic Point 41",
        "x": 1062.7930908203125,
        "y": 207.3391571044922,
        "z": 730.1492919921875
    },
    {
        "color": 4294967295,
        "name": "Generic Point 42",
        "x": 982.14453125,
        "y": 220.69554138183594,
        "z": 824.465576171875
    },
    {
        "color": 4294967295,
        "name": "Generic Point 43",
        "x": 703.2206420898438,
        "y": 231.02056884765625,
        "z": -255.001220703125
    },
    {
        "color": 4294967295,
        "name": "Generic Point 44",
        "x": 913.7013549804688,
        "y": 211.87261962890625,
        "z": 650.7034912109375
    },
    {
        "color": 4294967295,
        "name": "Generic Point 45",
        "x": 631.0000610351562,
        "y": 207.4219512939453,
        "z": 894.0498657226562
    },
    {
        "color": 4294967295,
        "name": "Generic Point 46",
        "x": 522.0912475585938,
        "y": 176.515380859375,
        "z": 1085.56005859375
    },
    {
        "color": 4294967295,
        "name": "Generic Point 47",
        "x": 833.6500244140625,
        "y": 222.52548217773438,
        "z": 1210.0234375
    },
    {
        "color": 4294967295,
        "name": "Generic Point 48",
        "x": 656.8907470703125,
        "y": 215.49388122558594,
        "z": 1329.359619140625
    },
    {
        "color": 4294967295,
        "name": "Generic Point 49",
        "x": 754.5538330078125,
        "y": 294.18487548828125,
        "z": 1402.093017578125
    },
    {
        "color": 4294967295,
        "name": "Generic Point 5",
        "x": -713.9814453125,
        "y": 218.02096557617188,
        "z": 686.0053100585938
    },
    {
        "color": 4294967295,
        "name": "Generic Point 50",
        "x": 667.519775390625,
        "y": 295.67681884765625,
        "z": 1425.1591796875
    },
    {
        "color": 4294967295,
        "name": "Generic Point 51",
        "x": 930.3858642578125,
        "y": 253.05642700195312,
        "z": 1636.8270263671875
    },
    {
        "color": 4294967295,
        "name": "Generic Point 52",
        "x": 855.1307373046875,
        "y": 262.1411437988281,
        "z": 1611.60498046875
    },
    {
        "color": 4294967295,
        "name": "Generic Point 53",
        "x": 946.3057250976562,
        "y": 370.71728515625,
        "z": 1584.8011474609375
    },
    {
        "color": 4294967295,
        "name": "Generic Point 54",
        "x": 698.22900390625,
        "y": 280.7673034667969,
        "z": -336.12554931640625
    },
    {
        "color": 4294967295,
        "name": "Generic Point 55",
        "x": 687.30712890625,
        "y": 413.8462219238281,
        "z": 1818.14453125
    },
    {
        "color": 4294967295,
        "name": "Generic Point 56",
        "x": 690.6358032226562,
        "y": 249.05078125,
        "z": 1744.731689453125
    },
    {
        "color": 4294967295,
        "name": "Generic Point 57",
        "x": 599.0379638671875,
        "y": 285.93450927734375,
        "z": 1710.1343994140625
    },
    {
        "color": 4294967295,
        "name": "Generic Point 58",
        "x": 592.8939208984375,
        "y": 295.2654724121094,
        "z": 1726.50439453125
    },
    {
        "color": 4294967295,
        "name": "Generic Point 59",
        "x": 612.4085693359375,
        "y": 239.4468994140625,
        "z": 1708.8265380859375
    },
    {
        "color": 4294967295,
        "name": "Generic Point 6",
        "x": -577.2756958007812,
        "y": 356.2705078125,
        "z": 588.6824951171875
    },
    {
        "color": 4294967295,
        "name": "Generic Point 60",
        "x": 620.2467651367188,
        "y": 254.54525756835938,
        "z": 1537.1055908203125
    },
    {
        "color": 4294967295,
        "name": "Generic Point 61",
        "x": 576.4524536132812,
        "y": 254.24571228027344,
        "z": 1521.82763671875
    },
    {
        "color": 4294967295,
        "name": "Generic Point 62",
        "x": 298.6822509765625,
        "y": 232.0998992919922,
        "z": 1667.6182861328125
    },
    {
        "color": 4294967295,
        "name": "Generic Point 63",
        "x": 452.1239318847656,
        "y": 224.39865112304688,
        "z": 891.3255615234375
    },
    {
        "color": 4294967295,
        "name": "Generic Point 64",
        "x": -267.762451171875,
        "y": 239.2877655029297,
        "z": 1229.367919921875
    },
    {
        "color": 4294967295,
        "name": "Generic Point 65",
        "x": -253.258544921875,
        "y": 186.11651611328125,
        "z": 893.3778686523438
    },
    {
        "color": 4294967295,
        "name": "Generic Point 66",
        "x": 594.3946533203125,
        "y": 220.75169372558594,
        "z": -142.64723205566406
    },
    {
        "color": 4294967295,
        "name": "Generic Point 67",
        "x": -163.92092895507812,
        "y": 190.34231567382812,
        "z": 886.400390625
    },
    {
        "color": 4294967295,
        "name": "Generic Point 68",
        "x": -160.60711669921875,
        "y": 166.27748107910156,
        "z": 895.3676147460938
    },
    {
        "color": 4294967295,
        "name": "Generic Point 69",
        "x": -171.8035125732422,
        "y": 164.2053680419922,
        "z": 1009.4478759765625
    },
    {
        "color": 4294967295,
        "name": "Generic Point 7",
        "x": -490.96771240234375,
        "y": 419.4950256347656,
        "z": 616.5260620117188
    },
    {
        "color": 4294967295,
        "name": "Generic Point 70",
        "x": -384.38580322265625,
        "y": 226.9859161376953,
        "z": 963.4580688476562
    },
    {
        "color": 4294967295,
        "name": "Generic Point 71",
        "x": -558.232177734375,
        "y": 167.0670623779297,
        "z": 1076.69775390625
    },
    {
        "color": 4294967295,
        "name": "Generic Point 72",
        "x": -412.70855712890625,
        "y": 197.70919799804688,
        "z": 1179.412841796875
    },
    {
        "color": 4294967295,
        "name": "Generic Point 73",
        "x": -547.54736328125,
        "y": 226.299560546875,
        "z": 876.64794921875
    },
    {
        "color": 4294967295,
        "name": "Generic Point 74",
        "x": -695.98095703125,
        "y": 223.16908264160156,
        "z": 793.6299438476562
    },
    {
        "color": 4294967295,
        "name": "Generic Point 75",
        "x": -915.9043579101562,
        "y": 241.1593475341797,
        "z": 705.271240234375
    },
    {
        "color": 4294967295,
        "name": "Generic Point 76",
        "x": -840.5634765625,
        "y": 159.08282470703125,
        "z": 1117.8043212890625
    },
    {
        "color": 4294967295,
        "name": "Generic Point 77",
        "x": -188.37664794921875,
        "y": 216.4379119873047,
        "z": -456.20404052734375
    },
    {
        "color": 4294967295,
        "name": "Generic Point 78",
        "x": -861.155517578125,
        "y": 202.10330200195312,
        "z": 1298.1641845703125
    },
    {
        "color": 4294967295,
        "name": "Generic Point 79",
        "x": -204.82196044921875,
        "y": 296.5892639160156,
        "z": 1684.7236328125
    },
    {
        "color": 4294967295,
        "name": "Generic Point 8",
        "x": -323.277099609375,
        "y": 365.1904602050781,
        "z": 481.23675537109375
    },
    {
        "color": 4294967295,
        "name": "Generic Point 80",
        "x": 256.9504699707031,
        "y": 289.8138732910156,
        "z": 1745.989501953125
    },
    {
        "color": 4294967295,
        "name": "Generic Point 81",
        "x": -366.22235107421875,
        "y": 204.22122192382812,
        "z": -725.7855834960938
    },
    {
        "color": 4294967295,
        "name": "Generic Point 9",
        "x": -389.1345520019531,
        "y": 271.0379333496094,
        "z": 528.0654296875
    }
]