[
    {
        "color": 4294967295,
        "name": "Generic Point 000",
        "x": 1498.18603515625,
        "y": 204.27423095703125,
        "z": 9407.1083984375
    },
    {
        "color": 4294967295,
        "name": "Generic Point 001",
        "x": 1565.2174072265625,
        "y": 251.9241180419922,
        "z": 9407.892578125
    },
    {
        "color": 4294967295,
        "name": "Generic Point 002",
        "x": 1594.4619140625,
        "y": 230.10470581054688,
        "z": 9381.654296875
    },
    {
        "color": 4294967295,
        "name": "Generic Point 003",
        "x": 1614.412353515625,
        "y": 250.87599182128906,
        "z": 9402.3466796875
    },
    {
        "color": 4294967295,
        "name": "Generic Point 004",
        "x": 1601.8416748046875,
        "y": 216.30352783203125,
        "z": 9425.77734375
    },
    {
        "color": 4294967295,
        "name": "Generic Point 005",
        "x": 1627.55029296875,
        "y": 226.05563354492188,
        "z": 9456.3564453125
    },
    {
        "color": 4294967295,
        "name": "Generic Point 006",
        "x": 1610.8033447265625,
        "y": 244.8000030517578,
        "z": 9470.5947265625
    },
    {
        "color": 4294967295,
        "name": "Generic Point 007",
        "x": 1593.2723388671875,
        "y": 229.57681274414062,
        "z": 9496.18359375
    },
    {
        "color": 4294967295,
        "name": "Generic Point 008",
        "x": 1687.22021484375,
        "y": 229.90048217773438,
        "z": 9497.3837890625
    },
    {
        "color": 4294967295,
        "name": "Generic Point 009",
        "x": 1744.243896484375,
        "y": 228.22216796875,
        "z": 9471.9296875
    },
    {
        "color": 4294967295,
        "name": "Generic Point 010",
        "x": 1677.6925048828125,
        "y": 278.3695373535156,
        "z": 9399.158203125
    },
    {
        "color": 4294967295,
        "name": "Generic Point 011",
        "x": 1636.3984375,
        "y": 260.4156188964844,
        "z": 9356.7861328125
    },
    {
        "color": 4294967295,
        "name": "Generic Point 012",
        "x": 1852.5673828125,
        "y": 249.91012573242188,
        "z": 9207.7490234375
    },
    {
        "color": 4294967295,
        "name": "Generic Point 013",
        "x": 2146.3154296875,
        "y": 290.9638366699219,
        "z": 9191.98046875
    },
    {
        "color": 4294967295,
        "name": "Generic Point 014",
        "x": 2105.30810546875,
        "y": 201.9745635986328,
        "z": 9033.4296875
    },
    {
        "color": 4294967295,
        "name": "Generic Point 015",
        "x": 2326.29931640625,
        "y": 266.61407470703125,
        "z": 9123.8857421875
    },
    {
        "color": 4294967295,
        "name": "Generic Point 016",
        "x": 2358.085205078125,
        "y": 216.189208984375,
        "z": 9241.4267578125
    },
    {
        "color": 4294967295,
        "name": "Generic Point 017",
        "x": 2437.958740234375,
        "y": 209.50462341308594,
        "z": 9042.9638671875
    },
    {
        "color": 4294967295,
        "name": "Generic Point 018",
        "x": 2487.856201171875,
        "y": 213.7921600341797,
        "z": 9065.2880859375
    },
    {
        "color": 4294967295,
        "name": "Generic Point 019",
        "x": 2486.8974609375,
        "y": 294.8611755371094,
        "z": 8946.3251953125
    },
    {
        "color": 4294967295,
        "name": "Generic Point 020",
        "x": 2273.933837890625,
        "y": 263.509765625,
        "z": 8759.2509765625
    },
    {
        "color": 4294967295,
        "name": "Generic Point 021",
        "x": 2186.273681640625,
        "y": -205.73880004882812,
        "z": 8791.6982421875
    },
    {
        "color": 4294967295,
        "name": "Generic Point 022",
        "x": 2141.090576171875,
        "y": -153.76715087890625,
        "z": 9010.9501953125
    },
    {
        "color": 4294967295,
        "name": "Generic Point 023",
        "x": 2139.757080078125,
        "y": 203.18685913085938,
        "z": 9574.40625
    },
    {
        "color": 4294967295,
        "name": "Generic Point 024",
        "x": 1885.9930419921875,
        "y": 206.13348388671875,
        "z": 9678.5400390625
    },
    {
        "color": 4294967295,
        "name": "Generic Point 025",
        "x": 1951.898681640625,
        "y": 210.23817443847656,
        "z": 9777.201171875
    },
    {
        "color": 4294967295,
        "name": "Generic Point 026",
        "x": 1626.787353515625,
        "y": 201.07965087890625,
        "z": 9739.4501953125
    },
    {
        "color": 4294967295,
        "name": "Generic Point 027",
        "x": 1581.95703125,
        "y": 214.3402557373047,
        "z": 9746.5009765625
    },
    {
        "color": 4294967295,
        "name": "Generic Point 028",
        "x": 1562.5467529296875,
        "y": 215.0068359375,
        "z": 9736.6376953125
    },
    {
        "color": 4294967295,
        "name": "Generic Point 029",
        "x": 1577.373779296875,
        "y": 200.36865234375,
        "z": 9665.4765625
    },
    {
        "color": 4294967295,
        "name": "Generic Point 030",
        "x": 1681.751953125,
        "y": 260.5240173339844,
        "z": 9985.8935546875
    },
    {
        "color": 4294967295,
        "name": "Generic Point 031",
        "x": 1792.0291748046875,
        "y": 168.2678985595703,
        "z": 10379.50390625
    },
    {
        "color": 4294967295,
        "name": "Generic Point 032",
        "x": 2014.8172607421875,
        "y": 306.0162658691406,
        "z": 10483.1171875
    },
    {
        "color": 4294967295,
        "name": "Generic Point 033",
        "x": 2088.522216796875,
        "y": 294.6087341308594,
        "z": 10851.87109375
    },
    {
        "color": 4294967295,
        "name": "Generic Point 034",
        "x": 1723.4725341796875,
        "y": 200.73187255859375,
        "z": 11007.1640625
    },
    {
        "color": 4294967295,
        "name": "Generic Point 035",
        "x": 3105.161376953125,
        "y": 200.5863494873047,
        "z": 10080.6943359375
    },
    {
        "color": 4294967295,
        "name": "Generic Point 036",
        "x": 3295.916748046875,
        "y": 144.79051208496094,
        "z": 10119.1953125
    },
    {
        "color": 4294967295,
        "name": "Generic Point 037",
        "x": 3410.9482421875,
        "y": 363.9671936035156,
        "z": 9985.1240234375
    },
    {
        "color": 4294967295,
        "name": "Generic Point 038",
        "x": 3567.735107421875,
        "y": 204.88229370117188,
        "z": 9948.890625
    },
    {
        "color": 4294967295,
        "name": "Generic Point 039",
        "x": 3648.50634765625,
        "y": 220.33372497558594,
        "z": 9884.6171875
    },
    {
        "color": 4294967295,
        "name": "Generic Point 040",
        "x": 3436.6103515625,
        "y": 200.434814453125,
        "z": 9538.2822265625
    },
    {
        "color": 4294967295,
        "name": "Generic Point 041",
        "x": 3361.26220703125,
        "y": 236.85577392578125,
        "z": 9586.8603515625
    },
    {
        "color": 4294967295,
        "name": "Generic Point 042",
        "x": 3246.349609375,
        "y": 379.95526123046875,
        "z": 9755.76171875
    },
    {
        "color": 4294967295,
        "name": "Generic Point 043",
        "x": 3228.604248046875,
        "y": 364.83673095703125,
        "z": 9834.0126953125
    },
    {
        "color": 4294967295,
        "name": "Generic Point 044",
        "x": 3035.16064453125,
        "y": 205.68231201171875,
        "z": 9844.890625
    },
    {
        "color": 4294967295,
        "name": "Generic Point 045",
        "x": 3084.31103515625,
        "y": 203.54957580566406,
        "z": 9684.587890625
    },
    {
        "color": 4294967295,
        "name": "Generic Point 046",
        "x": 3252.033447265625,
        "y": 214.0321502685547,
        "z": 9345.6728515625
    },
    {
        "color": 4294967295,
        "name": "Generic Point 047",
        "x": 3503.278564453125,
        "y": 200.08999633789062,
        "z": 9238.962890625
    },
    {
        "color": 4294967295,
        "name": "Generic Point 048",
        "x": 3533.027099609375,
        "y": 212.37789916992188,
        "z": 9255.90234375
    },
    {
        "color": 4294967295,
        "name": "Generic Point 049",
        "x": 2776.38330078125,
        "y": 212.0968780517578,
        "z": 9135.83203125
    },
    {
        "color": 4294967295,
        "name": "Generic Point 050",
        "x": 2613.509521484375,
        "y": 359.5616149902344,
        "z": 9284.1083984375
    }
]