[
    {
        "color": 4294967295,
        "name": "Generic Point 0",
        "x": -3009.438720703125,
        "y": 208.78941345214844,
        "z": 8782.939453125
    },
    {
        "color": 4294967295,
        "name": "Generic Point 1",
        "x": -2094.746337890625,
        "y": 233.51458740234375,
        "z": 7930.95703125
    },
    {
        "color": 4294967295,
        "name": "Generic Point 10",
        "x": -1671.29736328125,
        "y": 53.33218765258789,
        "z": 8356.8466796875
    },
    {
        "color": 4294967295,
        "name": "Generic Point 11",
        "x": -3010.035400390625,
        "y": 203.62887573242188,
        "z": 8758.3759765625
    },
    {
        "color": 4294967295,
        "name": "Generic Point 12",
        "x": -1364.755126953125,
        "y": 122.06419372558594,
        "z": 8404.3876953125
    },
    {
        "color": 4294967295,
        "name": "Generic Point 13",
        "x": -1505.0997314453125,
        "y": 124.9129638671875,
        "z": 8350.900390625
    },
    {
        "color": 4294967295,
        "name": "Generic Point 14",
        "x": -1559.265625,
        "y": 140.4078826904297,
        "z": 8814.423828125
    },
    {
        "color": 4294967295,
        "name": "Generic Point 15",
        "x": -1525.2296142578125,
        "y": 192.8271026611328,
        "z": 8839.294921875
    },
    {
        "color": 4294967295,
        "name": "Generic Point 16",
        "x": -1464.385986328125,
        "y": 152.63519287109375,
        "z": 8826.4677734375
    },
    {
        "color": 4294967295,
        "name": "Generic Point 17",
        "x": -1533.52978515625,
        "y": 144.79664611816406,
        "z": 8780.7431640625
    },
    {
        "color": 4294967295,
        "name": "Generic Point 18",
        "x": -1959.5465087890625,
        "y": 107.440185546875,
        "z": 8676.5537109375
    },
    {
        "color": 4294967295,
        "name": "Generic Point 19",
        "x": -1558.260986328125,
        "y": 117.9256820678711,
        "z": 8193.9658203125
    },
    {
        "color": 4294967295,
        "name": "Generic Point 2",
        "x": -2261.05908203125,
        "y": 213.57089233398438,
        "z": 8045.92333984375
    },
    {
        "color": 4294967295,
        "name": "Generic Point 20",
        "x": -2400.652099609375,
        "y": 74.90576171875,
        "z": 8963.9287109375
    },
    {
        "color": 4294967295,
        "name": "Generic Point 21",
        "x": -2273.9580078125,
        "y": 43.03965377807617,
        "z": 8886.275390625
    },
    {
        "color": 4294967295,
        "name": "Generic Point 22",
        "x": -2393.27392578125,
        "y": 233.7501678466797,
        "z": 8544.8203125
    },
    {
        "color": 4294967295,
        "name": "Generic Point 23",
        "x": -2431.610595703125,
        "y": 207.6238250732422,
        "z": 8871.2119140625
    },
    {
        "color": 4294967295,
        "name": "Generic Point 24",
        "x": -2829.86474609375,
        "y": 31.008628845214844,
        "z": 8589.6650390625
    },
    {
        "color": 4294967295,
        "name": "Generic Point 25",
        "x": -2882.42919921875,
        "y": 379.2638244628906,
        "z": 8700.8779296875
    },
    {
        "color": 4294967295,
        "name": "Generic Point 26",
        "x": -3049.9560546875,
        "y": 243.0507049560547,
        "z": 8749.6083984375
    },
    {
        "color": 4294967295,
        "name": "Generic Point 27",
        "x": -3003.30029296875,
        "y": 202.65213012695312,
        "z": 8846.591796875
    },
    {
        "color": 4294967295,
        "name": "Generic Point 28",
        "x": -2203.08056640625,
        "y": 333.4607849121094,
        "z": 8273.537109375
    },
    {
        "color": 4294967295,
        "name": "Generic Point 29",
        "x": -2183.5107421875,
        "y": 324.2497863769531,
        "z": 8240.51953125
    },
    {
        "color": 4294967295,
        "name": "Generic Point 3",
        "x": -1587.7919921875,
        "y": 165.0118865966797,
        "z": 7747.10498046875
    },
    {
        "color": 4294967295,
        "name": "Generic Point 30",
        "x": -2177.177734375,
        "y": 346.234619140625,
        "z": 8250.1640625
    },
    {
        "color": 4294967295,
        "name": "Generic Point 31",
        "x": -2143.919921875,
        "y": 263.18280029296875,
        "z": 8049.36572265625
    },
    {
        "color": 4294967295,
        "name": "Generic Point 32",
        "x": -2028.0128173828125,
        "y": 364.2897033691406,
        "z": 8109.759765625
    },
    {
        "color": 4294967295,
        "name": "Generic Point 33",
        "x": -2118.434326171875,
        "y": 217.48728942871094,
        "z": 8010.19482421875
    },
    {
        "color": 4294967295,
        "name": "Generic Point 4",
        "x": -2181.83544921875,
        "y": 233.56301879882812,
        "z": 7895.73193359375
    },
    {
        "color": 4294967295,
        "name": "Generic Point 5",
        "x": -1555.8883056640625,
        "y": 121.6344223022461,
        "z": 8320.6474609375
    },
    {
        "color": 4294967295,
        "name": "Generic Point 6",
        "x": -2559.411865234375,
        "y": 200.2836456298828,
        "z": 8451.8642578125
    },
    {
        "color": 4294967295,
        "name": "Generic Point 7",
        "x": -1600.0181884765625,
        "y": 100.03671264648438,
        "z": 8495.154296875
    },
    {
        "color": 4294967295,
        "name": "Generic Point 8",
        "x": -1603.8935546875,
        "y": 128.34912109375,
        "z": 8495.27734375
    },
    {
        "color": 4294967295,
        "name": "Generic Point 9",
        "x": -1620.2725830078125,
        "y": 118.83218383789062,
        "z": 8368.654296875
    }
]