[
    {
        "color": 4294967295,
        "name": "Generic Point 00",
        "x": 3151.875732421875,
        "y": 201.74266052246094,
        "z": 9577.0107421875
    },
    {
        "color": 4294967295,
        "name": "Generic Point 01",
        "x": 3107.83837890625,
        "y": 186.693115234375,
        "z": 9744.22265625
    },
    {
        "color": 4294967295,
        "name": "Generic Point 02",
        "x": 3263.1474609375,
        "y": 439.2311096191406,
        "z": 9898.80859375
    },
    {
        "color": 4294967295,
        "name": "Generic Point 03",
        "x": 1671.4696044921875,
        "y": 200.34791564941406,
        "z": 11082.66796875
    }
]