[
    {
        "color": 4294967295,
        "name": "Generic Point 000",
        "x": 1740.68701171875,
        "y": 242.65255737304688,
        "z": 10003.248046875
    },
    {
        "color": 4294967295,
        "name": "Generic Point 001",
        "x": 1734.524658203125,
        "y": 196.9710693359375,
        "z": 10425.3515625
    },
    {
        "color": 4294967295,
        "name": "Generic Point 002",
        "x": 1991.340576171875,
        "y": 289.1896667480469,
        "z": 10749.05859375
    },
    {
        "color": 4294967295,
        "name": "Generic Point 003",
        "x": 2098.723876953125,
        "y": 223.16114807128906,
        "z": 10782.4326171875
    },
    {
        "color": 4294967295,
        "name": "Generic Point 004",
        "x": 1716.5447998046875,
        "y": 202.30258178710938,
        "z": 11080.9296875
    },
    {
        "color": 4294967295,
        "name": "Generic Point 005",
        "x": 1530.56396484375,
        "y": 200.80067443847656,
        "z": 11072.3603515625
    },
    {
        "color": 4294967295,
        "name": "Generic Point 006",
        "x": 2941.111328125,
        "y": 236.7417755126953,
        "z": 9889.5107421875
    },
    {
        "color": 4294967295,
        "name": "Generic Point 007",
        "x": 3220.432861328125,
        "y": 305.2268371582031,
        "z": 9831.1005859375
    },
    {
        "color": 4294967295,
        "name": "Generic Point 008",
        "x": 3309.2099609375,
        "y": 376.8669128417969,
        "z": 9808.1201171875
    },
    {
        "color": 4294967295,
        "name": "Generic Point 009",
        "x": 3091.48681640625,
        "y": 212.24595642089844,
        "z": 9512.390625
    },
    {
        "color": 4294967295,
        "name": "Generic Point 010",
        "x": 3397.752197265625,
        "y": 210.96697998046875,
        "z": 9334.244140625
    },
    {
        "color": 4294967295,
        "name": "Generic Point 011",
        "x": 2799.518798828125,
        "y": 257.05218505859375,
        "z": 9159.166015625
    },
    {
        "color": 4294967295,
        "name": "Generic Point 012",
        "x": 2432.85009765625,
        "y": 201.9122772216797,
        "z": 9079.103515625
    },
    {
        "color": 4294967295,
        "name": "Generic Point 013",
        "x": 2152.52392578125,
        "y": 308.14996337890625,
        "z": 9341.908203125
    },
    {
        "color": 4294967295,
        "name": "Generic Point 014",
        "x": 2196.0146484375,
        "y": -203.7669677734375,
        "z": 8755.9580078125
    }
]