[
    {
        "color": 4294967295,
        "name": "Generic Point 0",
        "x": 1665.385009765625,
        "y": 624.67724609375,
        "z": 4477.83740234375
    },
    {
        "color": 4294967295,
        "name": "Generic Point 1",
        "x": 1603.10400390625,
        "y": 702.0621948242188,
        "z": 4487.34375
    },
    {
        "color": 4294967295,
        "name": "Generic Point 10",
        "x": 1646.6826171875,
        "y": 203.17315673828125,
        "z": 3783.818115234375
    },
    {
        "color": 4294967295,
        "name": "Generic Point 11",
        "x": 1637.2200927734375,
        "y": 354.9668273925781,
        "z": 3815.2578125
    },
    {
        "color": 4294967295,
        "name": "Generic Point 12",
        "x": 1516.396484375,
        "y": 185.3277130126953,
        "z": 3829.692138671875
    },
    {
        "color": 4294967295,
        "name": "Generic Point 13",
        "x": 1454.8023681640625,
        "y": 222.61131286621094,
        "z": 3794.838623046875
    },
    {
        "color": 4294967295,
        "name": "Generic Point 14",
        "x": 1375.8682861328125,
        "y": 255.6735076904297,
        "z": 3860.828125
    },
    {
        "color": 4294967295,
        "name": "Generic Point 15",
        "x": 1398.6722412109375,
        "y": 227.84774780273438,
        "z": 3856.39501953125
    },
    {
        "color": 4294967295,
        "name": "Generic Point 16",
        "x": 1370.0313720703125,
        "y": 214.8656463623047,
        "z": 3802.1552734375
    },
    {
        "color": 4294967295,
        "name": "Generic Point 17",
        "x": 1285.63916015625,
        "y": 229.45648193359375,
        "z": 3833.670654296875
    },
    {
        "color": 4294967295,
        "name": "Generic Point 18",
        "x": 1294.9884033203125,
        "y": 279.71575927734375,
        "z": 3958.07373046875
    },
    {
        "color": 4294967295,
        "name": "Generic Point 19",
        "x": 1493.0677490234375,
        "y": 130.19491577148438,
        "z": 3862.767578125
    },
    {
        "color": 4294967295,
        "name": "Generic Point 2",
        "x": 1585.1221923828125,
        "y": 706.4326782226562,
        "z": 4431.396484375
    },
    {
        "color": 4294967295,
        "name": "Generic Point 20",
        "x": 1433.007568359375,
        "y": 220.42083740234375,
        "z": 3580.474853515625
    },
    {
        "color": 4294967295,
        "name": "Generic Point 21",
        "x": 1444.5936279296875,
        "y": 277.3359375,
        "z": 3711.10693359375
    },
    {
        "color": 4294967295,
        "name": "Generic Point 22",
        "x": 1412.514404296875,
        "y": 163.1402587890625,
        "z": 3955.763916015625
    },
    {
        "color": 4294967295,
        "name": "Generic Point 23",
        "x": 1308.332763671875,
        "y": 196.94613647460938,
        "z": 3727.33251953125
    },
    {
        "color": 4294967295,
        "name": "Generic Point 24",
        "x": 1330.214599609375,
        "y": 227.28395080566406,
        "z": 3649.080810546875
    },
    {
        "color": 4294967295,
        "name": "Generic Point 25",
        "x": 1331.0325927734375,
        "y": 315.3404541015625,
        "z": 3555.94873046875
    },
    {
        "color": 4294967295,
        "name": "Generic Point 26",
        "x": 1473.1768798828125,
        "y": 608.0545043945312,
        "z": 4540.07568359375
    },
    {
        "color": 4294967295,
        "name": "Generic Point 27",
        "x": 1432.9403076171875,
        "y": 665.6777954101562,
        "z": 4537.94140625
    },
    {
        "color": 4294967295,
        "name": "Generic Point 28",
        "x": 1498.11376953125,
        "y": 655.9204711914062,
        "z": 4602.28515625
    },
    {
        "color": 4294967295,
        "name": "Generic Point 29",
        "x": 1338.3291015625,
        "y": 604.4496459960938,
        "z": 4715.197265625
    },
    {
        "color": 4294967295,
        "name": "Generic Point 3",
        "x": 1616.1871337890625,
        "y": 719.3712768554688,
        "z": 4463.458984375
    },
    {
        "color": 4294967295,
        "name": "Generic Point 30",
        "x": 1520.44873046875,
        "y": 666.4727783203125,
        "z": 4431.23486328125
    },
    {
        "color": 4294967295,
        "name": "Generic Point 31",
        "x": 1559.80859375,
        "y": 560.3059692382812,
        "z": 4481.748046875
    },
    {
        "color": 4294967295,
        "name": "Generic Point 4",
        "x": 1423.7623291015625,
        "y": 184.08975219726562,
        "z": 4065.4755859375
    },
    {
        "color": 4294967295,
        "name": "Generic Point 5",
        "x": 1461.5960693359375,
        "y": 170.290771484375,
        "z": 3936.09130859375
    },
    {
        "color": 4294967295,
        "name": "Generic Point 6",
        "x": 1408.0528564453125,
        "y": 98.7205810546875,
        "z": 3998.232666015625
    },
    {
        "color": 4294967295,
        "name": "Generic Point 7",
        "x": 1643.153564453125,
        "y": 196.7515106201172,
        "z": 3862.578369140625
    },
    {
        "color": 4294967295,
        "name": "Generic Point 8",
        "x": 1643.2452392578125,
        "y": 197.49217224121094,
        "z": 3861.282470703125
    },
    {
        "color": 4294967295,
        "name": "Generic Point 9",
        "x": 1637.2115478515625,
        "y": 244.25445556640625,
        "z": 3839.0068359375
    }
]