[
    {
        "color": 4294967295,
        "name": "Generic Point 0",
        "x": -2714.1689453125,
        "y": 247.31915283203125,
        "z": -4376.74853515625
    },
    {
        "color": 4294967295,
        "name": "Generic Point 1",
        "x": -2499.243408203125,
        "y": 273.9686584472656,
        "z": -4294.5361328125
    },
    {
        "color": 4294967295,
        "name": "Generic Point 2",
        "x": -2474.897705078125,
        "y": 374.7362060546875,
        "z": -4374.54541015625
    }
]