[
    {
        "color": 4294967295,
        "name": "Generic Point 0",
        "x": -3199.082275390625,
        "y": 210.1841583251953,
        "z": -3394.32568359375
    },
    {
        "color": 4294967295,
        "name": "Generic Point 1",
        "x": -3400.718505859375,
        "y": 203.8937530517578,
        "z": -3429.557861328125
    },
    {
        "color": 4294967295,
        "name": "Generic Point 10",
        "x": -3524.73974609375,
        "y": 201.2015838623047,
        "z": -3035.837158203125
    },
    {
        "color": 4294967295,
        "name": "Generic Point 11",
        "x": -3168.919921875,
        "y": 201.53005981445312,
        "z": -3456.652099609375
    },
    {
        "color": 4294967295,
        "name": "Generic Point 12",
        "x": -3833.607666015625,
        "y": 255.35755920410156,
        "z": -3145.551513671875
    },
    {
        "color": 4294967295,
        "name": "Generic Point 13",
        "x": -3837.282958984375,
        "y": 237.7496795654297,
        "z": -3227.2421875
    },
    {
        "color": 4294967295,
        "name": "Generic Point 14",
        "x": -3812.109130859375,
        "y": 219.0735626220703,
        "z": -3241.771240234375
    },
    {
        "color": 4294967295,
        "name": "Generic Point 15",
        "x": -3835.05908203125,
        "y": 201.4052276611328,
        "z": -3273.19482421875
    },
    {
        "color": 4294967295,
        "name": "Generic Point 16",
        "x": -3931.46728515625,
        "y": 202.18075561523438,
        "z": -3319.212646484375
    },
    {
        "color": 4294967295,
        "name": "Generic Point 17",
        "x": -3896.395751953125,
        "y": 365.4613952636719,
        "z": -3159.066162109375
    },
    {
        "color": 4294967295,
        "name": "Generic Point 18",
        "x": -3966.3115234375,
        "y": 256.35540771484375,
        "z": -3157.72021484375
    },
    {
        "color": 4294967295,
        "name": "Generic Point 19",
        "x": -4030.423828125,
        "y": 201.0753631591797,
        "z": -3182.913818359375
    },
    {
        "color": 4294967295,
        "name": "Generic Point 2",
        "x": -3444.442138671875,
        "y": 201.1629638671875,
        "z": -3415.0751953125
    },
    {
        "color": 4294967295,
        "name": "Generic Point 20",
        "x": -3984.7236328125,
        "y": 201.5404510498047,
        "z": -3034.90283203125
    },
    {
        "color": 4294967295,
        "name": "Generic Point 21",
        "x": -3949.8154296875,
        "y": 202.85610961914062,
        "z": -2958.736328125
    },
    {
        "color": 4294967295,
        "name": "Generic Point 22",
        "x": -3129.7490234375,
        "y": 204.26255798339844,
        "z": -3462.7666015625
    },
    {
        "color": 4294967295,
        "name": "Generic Point 23",
        "x": -3715.732421875,
        "y": 261.8078308105469,
        "z": -2970.324951171875
    },
    {
        "color": 4294967295,
        "name": "Generic Point 24",
        "x": -3870.91064453125,
        "y": 241.76475524902344,
        "z": -2999.892578125
    },
    {
        "color": 4294967295,
        "name": "Generic Point 25",
        "x": -3854.829833984375,
        "y": 230.80764770507812,
        "z": -2979.486083984375
    },
    {
        "color": 4294967295,
        "name": "Generic Point 26",
        "x": -3909.256103515625,
        "y": 205.74684143066406,
        "z": -3026.9970703125
    },
    {
        "color": 4294967295,
        "name": "Generic Point 27",
        "x": -3874.867919921875,
        "y": 218.8868865966797,
        "z": -3026.875732421875
    },
    {
        "color": 4294967295,
        "name": "Generic Point 28",
        "x": -3856.521484375,
        "y": 207.97567749023438,
        "z": -2988.93212890625
    },
    {
        "color": 4294967295,
        "name": "Generic Point 29",
        "x": -3611.331298828125,
        "y": 229.05853271484375,
        "z": -3198.420166015625
    },
    {
        "color": 4294967295,
        "name": "Generic Point 3",
        "x": -3563.39794921875,
        "y": 201.5880126953125,
        "z": -3427.25341796875
    },
    {
        "color": 4294967295,
        "name": "Generic Point 30",
        "x": -3664.931884765625,
        "y": 207.75970458984375,
        "z": -3182.3525390625
    },
    {
        "color": 4294967295,
        "name": "Generic Point 31",
        "x": -3721.99853515625,
        "y": 289.87225341796875,
        "z": -3160.048583984375
    },
    {
        "color": 4294967295,
        "name": "Generic Point 32",
        "x": -3789.703369140625,
        "y": 263.89697265625,
        "z": -3052.508056640625
    },
    {
        "color": 4294967295,
        "name": "Generic Point 33",
        "x": -3147.531982421875,
        "y": 201.3968505859375,
        "z": -3528.93017578125
    },
    {
        "color": 4294967295,
        "name": "Generic Point 34",
        "x": -3788.56103515625,
        "y": 206.54409790039062,
        "z": -3190.359375
    },
    {
        "color": 4294967295,
        "name": "Generic Point 35",
        "x": -3798.39404296875,
        "y": 202.5961151123047,
        "z": -3089.602294921875
    },
    {
        "color": 4294967295,
        "name": "Generic Point 36",
        "x": -3662.3984375,
        "y": 279.5282287597656,
        "z": -3034.263427734375
    },
    {
        "color": 4294967295,
        "name": "Generic Point 37",
        "x": -3660.080322265625,
        "y": 230.75286865234375,
        "z": -3089.61279296875
    },
    {
        "color": 4294967295,
        "name": "Generic Point 38",
        "x": -3624.483642578125,
        "y": 201.38246154785156,
        "z": -2990.134765625
    },
    {
        "color": 4294967295,
        "name": "Generic Point 39",
        "x": -3716.21484375,
        "y": 201.86761474609375,
        "z": -2861.80126953125
    },
    {
        "color": 4294967295,
        "name": "Generic Point 4",
        "x": -3542.2548828125,
        "y": 216.68235778808594,
        "z": -3278.03466796875
    },
    {
        "color": 4294967295,
        "name": "Generic Point 40",
        "x": -3554.245849609375,
        "y": 201.60874938964844,
        "z": -2811.185791015625
    },
    {
        "color": 4294967295,
        "name": "Generic Point 41",
        "x": -3579.31884765625,
        "y": 201.08546447753906,
        "z": -2878.718994140625
    },
    {
        "color": 4294967295,
        "name": "Generic Point 42",
        "x": -3254.123046875,
        "y": 225.14703369140625,
        "z": -3473.9296875
    },
    {
        "color": 4294967295,
        "name": "Generic Point 43",
        "x": -3120.3720703125,
        "y": 201.53176879882812,
        "z": -3248.264404296875
    },
    {
        "color": 4294967295,
        "name": "Generic Point 44",
        "x": -3263.351806640625,
        "y": 206.9702606201172,
        "z": -3611.814453125
    },
    {
        "color": 4294967295,
        "name": "Generic Point 45",
        "x": -2943.79296875,
        "y": 200.9121856689453,
        "z": -3305.017578125
    },
    {
        "color": 4294967295,
        "name": "Generic Point 46",
        "x": -3730.240234375,
        "y": 231.09144592285156,
        "z": -3258.578369140625
    },
    {
        "color": 4294967295,
        "name": "Generic Point 47",
        "x": -3746.619384765625,
        "y": 201.2353515625,
        "z": -3358.194091796875
    },
    {
        "color": 4294967295,
        "name": "Generic Point 48",
        "x": -3353.5107421875,
        "y": 202.92164611816406,
        "z": -3706.718994140625
    },
    {
        "color": 4294967295,
        "name": "Generic Point 49",
        "x": -3306.3701171875,
        "y": 209.22921752929688,
        "z": -3566.46923828125
    },
    {
        "color": 4294967295,
        "name": "Generic Point 5",
        "x": -3559.27490234375,
        "y": 224.42698669433594,
        "z": -3269.255126953125
    },
    {
        "color": 4294967295,
        "name": "Generic Point 6",
        "x": -3486.03076171875,
        "y": 202.0439910888672,
        "z": -3215.4990234375
    },
    {
        "color": 4294967295,
        "name": "Generic Point 7",
        "x": -3501.96337890625,
        "y": 202.11447143554688,
        "z": -3193.774169921875
    },
    {
        "color": 4294967295,
        "name": "Generic Point 8",
        "x": -3590.936767578125,
        "y": 242.90480041503906,
        "z": -3114.021484375
    },
    {
        "color": 4294967295,
        "name": "Generic Point 9",
        "x": -3541.717529296875,
        "y": 208.6618194580078,
        "z": -3045.498779296875
    }
]