[
    {
        "color": 4294967295,
        "name": "Generic Point 0",
        "x": -2657.9284667969,
        "y": 232.64692687988,
        "z": 8578.8779296875
    },
    {
        "color": 4294967295,
        "name": "Generic Point 1",
        "x": -2223.4416503906,
        "y": 201.71253967285,
        "z": 8667.5205078125
    },
    {
        "color": 4294967295,
        "name": "Generic Point 2",
        "x": -1933.4348144531,
        "y": 97.119842529297,
        "z": 8598.1650390625
    },
    {
        "color": 4294967295,
        "name": "Generic Point 3",
        "x": -1394.7437744141,
        "y": 200.29626464844,
        "z": 7745.0654296875
    }
]