[
    {
        "color": 4294967295,
        "name": "Generic Point 0",
        "x": 464.687195,
        "y": 174.578079,
        "z": 857.520508
    },
    {
        "color": 4294967295,
        "name": "Generic Point 1",
        "x": 470.528625,
        "y": 176.741425,
        "z": 842.939575
    },
    {
        "color": 4294967295,
        "name": "Generic Point 10",
        "x": 420.981354,
        "y": 263.872681,
        "z": 275.8237
    },
    {
        "color": 4294967295,
        "name": "Generic Point 11",
        "x": 430.006592,
        "y": 263.217346,
        "z": 281.683533
    },
    {
        "color": 4294967295,
        "name": "Generic Point 12",
        "x": 354.683899,
        "y": 188.730789,
        "z": 123.966393
    },
    {
        "color": 4294967295,
        "name": "Generic Point 13",
        "x": 359.116394,
        "y": 188.130402,
        "z": 124.656387
    },
    {
        "color": 4294967295,
        "name": "Generic Point 14",
        "x": 918.22345,
        "y": 234.858185,
        "z": 133.788452
    },
    {
        "color": 4294967295,
        "name": "Generic Point 15",
        "x": 906.271118,
        "y": 235.248947,
        "z": 131.076706
    },
    {
        "color": 4294967295,
        "name": "Generic Point 16",
        "x": 527.292419,
        "y": 184.036591,
        "z": -459.884094
    },
    {
        "color": 4294967295,
        "name": "Generic Point 17",
        "x": 518.511658,
        "y": 179.041061,
        "z": -462.648743
    },
    {
        "color": 4294967295,
        "name": "Generic Point 18",
        "x": 523.357178,
        "y": 179.041061,
        "z": -451.971252
    },
    {
        "color": 4294967295,
        "name": "Generic Point 19",
        "x": 378.158203,
        "y": 184.794647,
        "z": -180.645264
    },
    {
        "color": 4294967295,
        "name": "Generic Point 2",
        "x": 526.091492,
        "y": 199.962662,
        "z": 576.028198
    },
    {
        "color": 4294967295,
        "name": "Generic Point 20",
        "x": 252.490204,
        "y": 177.771133,
        "z": -244.530991
    },
    {
        "color": 4294967295,
        "name": "Generic Point 21",
        "x": 248.085068,
        "y": 178.797882,
        "z": -244.883606
    },
    {
        "color": 4294967295,
        "name": "Generic Point 22",
        "x": 275.388,
        "y": 236.827728,
        "z": -381.567627
    },
    {
        "color": 4294967295,
        "name": "Generic Point 23",
        "x": -145.277649,
        "y": 211.462463,
        "z": 431.20163
    },
    {
        "color": 4294967295,
        "name": "Generic Point 24",
        "x": -145.152573,
        "y": 207.123016,
        "z": 431.300537
    },
    {
        "color": 4294967295,
        "name": "Generic Point 25",
        "x": -142.971649,
        "y": 207.123032,
        "z": 427.194672
    },
    {
        "color": 4294967295,
        "name": "Generic Point 26",
        "x": -143.001221,
        "y": 211.123001,
        "z": 427.182709
    },
    {
        "color": 4294967295,
        "name": "Generic Point 27",
        "x": -221.294037,
        "y": 178.842285,
        "z": 503.647156
    },
    {
        "color": 4294967295,
        "name": "Generic Point 28",
        "x": -214.990295,
        "y": 179.950272,
        "z": 498.21756
    },
    {
        "color": 4294967295,
        "name": "Generic Point 29",
        "x": -222.691864,
        "y": 182.463043,
        "z": 497.44931
    },
    {
        "color": 4294967295,
        "name": "Generic Point 3",
        "x": 549.877991,
        "y": 207.429642,
        "z": 590.753235
    },
    {
        "color": 4294967295,
        "name": "Generic Point 30",
        "x": -271.515961,
        "y": 238.562729,
        "z": 336.057312
    },
    {
        "color": 4294967295,
        "name": "Generic Point 31",
        "x": -271.127991,
        "y": 241.262894,
        "z": 331.836243
    },
    {
        "color": 4294967295,
        "name": "Generic Point 32",
        "x": -271.406708,
        "y": 237.483856,
        "z": 323.822327
    },
    {
        "color": 4294967295,
        "name": "Generic Point 33",
        "x": -198.942322,
        "y": 240.309555,
        "z": 192.663879
    },
    {
        "color": 4294967295,
        "name": "Generic Point 34",
        "x": -192.866592,
        "y": 241.478317,
        "z": 195.168274
    },
    {
        "color": 4294967295,
        "name": "Generic Point 35",
        "x": -197.296677,
        "y": 240.339249,
        "z": 186.400299
    },
    {
        "color": 4294967295,
        "name": "Generic Point 36",
        "x": -236.253448,
        "y": 242.192108,
        "z": 132.939209
    },
    {
        "color": 4294967295,
        "name": "Generic Point 37",
        "x": -528.953857,
        "y": 246.4496,
        "z": 452.559814
    },
    {
        "color": 4294967295,
        "name": "Generic Point 38",
        "x": -529.516235,
        "y": 247.323349,
        "z": 447.93396
    },
    {
        "color": 4294967295,
        "name": "Generic Point 39",
        "x": -522.6203,
        "y": 245.314484,
        "z": 439.560974
    },
    {
        "color": 4294967295,
        "name": "Generic Point 4",
        "x": 545.102661,
        "y": 199.740173,
        "z": 582.295288
    },
    {
        "color": 4294967295,
        "name": "Generic Point 5",
        "x": 314.59848,
        "y": 304.121246,
        "z": 348.786896
    },
    {
        "color": 4294967295,
        "name": "Generic Point 6",
        "x": 304.437469,
        "y": 304.121246,
        "z": 349.483368
    },
    {
        "color": 4294967295,
        "name": "Generic Point 7",
        "x": 294.976868,
        "y": 304.121246,
        "z": 350.729553
    },
    {
        "color": 4294967295,
        "name": "Generic Point 8",
        "x": 285.734253,
        "y": 304.121277,
        "z": 350.971924
    },
    {
        "color": 4294967295,
        "name": "Generic Point 9",
        "x": 274.906677,
        "y": 304.121246,
        "z": 352.937836
    }
]