[
    {
        "color": 4294967295,
        "name": "Generic Point 0",
        "x": -846.861572265625,
        "y": 161.42355346679688,
        "z": 1905.82958984375
    },
    {
        "color": 4294967295,
        "name": "Generic Point 1",
        "x": -946.0606689453125,
        "y": 214.01507568359375,
        "z": 1649.173828125
    },
    {
        "color": 4294967295,
        "name": "Generic Point 2",
        "x": -836.2557373046875,
        "y": 262.15386962890625,
        "z": 1550.0723876953125
    },
    {
        "color": 4294967295,
        "name": "Generic Point 3",
        "x": -797.828369140625,
        "y": 114.55093383789062,
        "z": 1717.6243896484375
    },
    {
        "color": 4294967295,
        "name": "Generic Point 4",
        "x": -695.6497802734375,
        "y": 99.59130096435547,
        "z": 1795.69091796875
    },
    {
        "color": 4294967295,
        "name": "Generic Point 5",
        "x": -714.2114868164062,
        "y": 111.37934112548828,
        "z": 1895.15576171875
    },
    {
        "color": 4294967295,
        "name": "Generic Point 6",
        "x": -836.4558715820312,
        "y": 97.75877380371094,
        "z": 1906.084716796875
    },
    {
        "color": 4294967295,
        "name": "Generic Point 7",
        "x": -512.4906005859375,
        "y": 268.3471984863281,
        "z": 1558.6446533203125
    },
    {
        "color": 4294967295,
        "name": "Generic Point 8",
        "x": -676.7113037109375,
        "y": 170.2000274658203,
        "z": 1673.83642578125
    },
    {
        "color": 4294967295,
        "name": "Generic Point 9",
        "x": -558.5614013671875,
        "y": 153.31761169433594,
        "z": 1929.472412109375
    }
]