[
    {
        "color": 4294967295,
        "name": "Generic Point 0",
        "x": 326.7930603027344,
        "y": 216.04296875,
        "z": 289.896484375
    },
    {
        "color": 4294967295,
        "name": "Generic Point 1",
        "x": 350.2293701171875,
        "y": 217.89276123046875,
        "z": 265.67901611328125
    },
    {
        "color": 4294967295,
        "name": "Generic Point 10",
        "x": 873.72216796875,
        "y": 265.9260559082031,
        "z": 328.945556640625
    },
    {
        "color": 4294967295,
        "name": "Generic Point 11",
        "x": 686.9395751953125,
        "y": 214.90716552734375,
        "z": 398.72955322265625
    },
    {
        "color": 4294967295,
        "name": "Generic Point 12",
        "x": 491.0567626953125,
        "y": 208.80531311035156,
        "z": 142.34014892578125
    },
    {
        "color": 4294967295,
        "name": "Generic Point 13",
        "x": 308.40924072265625,
        "y": 228.63681030273438,
        "z": 452.589111328125
    },
    {
        "color": 4294967295,
        "name": "Generic Point 14",
        "x": 186.27220153808594,
        "y": 248.3822479248047,
        "z": 77.10554504394531
    },
    {
        "color": 4294967295,
        "name": "Generic Point 15",
        "x": 873.722412109375,
        "y": 265.93060302734375,
        "z": 328.9457092285156
    },
    {
        "color": 4294967295,
        "name": "Generic Point 16",
        "x": 467.4732666015625,
        "y": 200.9632568359375,
        "z": 237.24630737304688
    },
    {
        "color": 4294967295,
        "name": "Generic Point 17",
        "x": 873.7223510742188,
        "y": 265.9245300292969,
        "z": 328.9456481933594
    },
    {
        "color": 4294967295,
        "name": "Generic Point 2",
        "x": 372.5034484863281,
        "y": 217.83790588378906,
        "z": 184.5894775390625
    },
    {
        "color": 4294967295,
        "name": "Generic Point 3",
        "x": 305.046875,
        "y": 218.63816833496094,
        "z": 167.1350555419922
    },
    {
        "color": 4294967295,
        "name": "Generic Point 4",
        "x": 287.5380859375,
        "y": 218.5274658203125,
        "z": 112.7025146484375
    },
    {
        "color": 4294967295,
        "name": "Generic Point 5",
        "x": 282.62701416015625,
        "y": 222.34957885742188,
        "z": 224.28836059570312
    },
    {
        "color": 4294967295,
        "name": "Generic Point 6",
        "x": 326.6651916503906,
        "y": 215.89491271972656,
        "z": 290.9881286621094
    },
    {
        "color": 4294967295,
        "name": "Generic Point 7",
        "x": 180.76614379882812,
        "y": 240.45924377441406,
        "z": 82.41431427001953
    },
    {
        "color": 4294967295,
        "name": "Generic Point 8",
        "x": 234.19577026367188,
        "y": 208.1059112548828,
        "z": 465.0557556152344
    },
    {
        "color": 4294967295,
        "name": "Generic Point 9",
        "x": 325.20086669921875,
        "y": 216.12049865722656,
        "z": 291.0
    }
]