[
    {
        "color": 4294967295,
        "name": "Generic Point 0",
        "x": 1525.9681396484375,
        "y": 569.64404296875,
        "z": 4531.5498046875
    },
    {
        "color": 4294967295,
        "name": "Generic Point 1",
        "x": 1395.7327880859375,
        "y": 606.046875,
        "z": 4708.90380859375
    },
    {
        "color": 4294967295,
        "name": "Generic Point 10",
        "x": 1743.400390625,
        "y": 570.2364501953125,
        "z": 4568.44140625
    },
    {
        "color": 4294967295,
        "name": "Generic Point 11",
        "x": 1714.142333984375,
        "y": 571.05078125,
        "z": 4670.4775390625
    },
    {
        "color": 4294967295,
        "name": "Generic Point 12",
        "x": 1647.74853515625,
        "y": 585.4861450195312,
        "z": 4645.453125
    },
    {
        "color": 4294967295,
        "name": "Generic Point 13",
        "x": 1549.33154296875,
        "y": 676.8118896484375,
        "z": 4670.06884765625
    },
    {
        "color": 4294967295,
        "name": "Generic Point 14",
        "x": 1681.9459228515625,
        "y": 614.99658203125,
        "z": 4549.71923828125
    },
    {
        "color": 4294967295,
        "name": "Generic Point 15",
        "x": 1649.6766357421875,
        "y": 692.6641845703125,
        "z": 4630.41357421875
    },
    {
        "color": 4294967295,
        "name": "Generic Point 16",
        "x": 1430.000244140625,
        "y": 139.93740844726562,
        "z": 3965.60009765625
    },
    {
        "color": 4294967295,
        "name": "Generic Point 17",
        "x": 1636.2796630859375,
        "y": 147.0553741455078,
        "z": 3986.0068359375
    },
    {
        "color": 4294967295,
        "name": "Generic Point 18",
        "x": 1402.247314453125,
        "y": 171.867431640625,
        "z": 3798.3154296875
    },
    {
        "color": 4294967295,
        "name": "Generic Point 19",
        "x": 1268.489013671875,
        "y": 269.4296569824219,
        "z": 3902.697021484375
    },
    {
        "color": 4294967295,
        "name": "Generic Point 2",
        "x": 1217.3375244140625,
        "y": 609.775390625,
        "z": 4690.27880859375
    },
    {
        "color": 4294967295,
        "name": "Generic Point 20",
        "x": 1283.6845703125,
        "y": 124.3183822631836,
        "z": 3953.769287109375
    },
    {
        "color": 4294967295,
        "name": "Generic Point 21",
        "x": 1252.5443115234375,
        "y": 147.6204833984375,
        "z": 3916.40625
    },
    {
        "color": 4294967295,
        "name": "Generic Point 22",
        "x": 1391.4324951171875,
        "y": 159.26528930664062,
        "z": 3668.999755859375
    },
    {
        "color": 4294967295,
        "name": "Generic Point 23",
        "x": 1379.416259765625,
        "y": 197.94149780273438,
        "z": 3694.55810546875
    },
    {
        "color": 4294967295,
        "name": "Generic Point 24",
        "x": 1454.989501953125,
        "y": 223.334716796875,
        "z": 3543.3603515625
    },
    {
        "color": 4294967295,
        "name": "Generic Point 25",
        "x": 1463.01416015625,
        "y": 220.4199981689453,
        "z": 3502.180419921875
    },
    {
        "color": 4294967295,
        "name": "Generic Point 26",
        "x": 1448.6361083984375,
        "y": 215.70726013183594,
        "z": 3873.99951171875
    },
    {
        "color": 4294967295,
        "name": "Generic Point 27",
        "x": 1420.7001953125,
        "y": 428.58209228515625,
        "z": 3507.37158203125
    },
    {
        "color": 4294967295,
        "name": "Generic Point 28",
        "x": 1491.26318359375,
        "y": 341.5995178222656,
        "z": 3479.21630859375
    },
    {
        "color": 4294967295,
        "name": "Generic Point 29",
        "x": 1626.763916015625,
        "y": 276.3490295410156,
        "z": 3596.142578125
    },
    {
        "color": 4294967295,
        "name": "Generic Point 3",
        "x": 1411.5859375,
        "y": 610.7564697265625,
        "z": 4370.0517578125
    },
    {
        "color": 4294967295,
        "name": "Generic Point 4",
        "x": 1393.8397216796875,
        "y": 660.290771484375,
        "z": 4413.990234375
    },
    {
        "color": 4294967295,
        "name": "Generic Point 5",
        "x": 1593.96826171875,
        "y": 551.4924926757812,
        "z": 4537.7978515625
    },
    {
        "color": 4294967295,
        "name": "Generic Point 6",
        "x": 1585.4234619140625,
        "y": 591.6851196289062,
        "z": 4513.12548828125
    },
    {
        "color": 4294967295,
        "name": "Generic Point 7",
        "x": 1565.614501953125,
        "y": 560.7689208984375,
        "z": 4285.2744140625
    },
    {
        "color": 4294967295,
        "name": "Generic Point 8",
        "x": 1744.0516357421875,
        "y": 516.9332275390625,
        "z": 4577.62841796875
    },
    {
        "color": 4294967295,
        "name": "Generic Point 9",
        "x": 1706.193359375,
        "y": 559.5730590820312,
        "z": 4641.14794921875
    }
]