[
    {
        "color": 4294967295,
        "name": "Generic Point 0",
        "x": 762.3770751953125,
        "y": 293.94195556640625,
        "z": -666.6759643554688
    },
    {
        "color": 4294967295,
        "name": "Generic Point 1",
        "x": 907.4254150390625,
        "y": 200.54861450195312,
        "z": -1173.2135009765625
    },
    {
        "color": 4294967295,
        "name": "Generic Point 2",
        "x": 815.788818359375,
        "y": 331.7518310546875,
        "z": -636.2450561523438
    },
    {
        "color": 4294967295,
        "name": "Generic Point 3",
        "x": 676.152587890625,
        "y": 200.9797821044922,
        "z": -1085.4822998046875
    },
    {
        "color": 4294967295,
        "name": "Generic Point 4",
        "x": 1178.486083984375,
        "y": 376.7718200683594,
        "z": -965.6627197265625
    },
    {
        "color": 4294967295,
        "name": "Generic Point 5",
        "x": 1133.7362060546875,
        "y": 399.6468200683594,
        "z": -1016.6705322265625
    },
    {
        "color": 4294967295,
        "name": "Generic Point 6",
        "x": 1250.3336181640625,
        "y": 313.1107482910156,
        "z": -1297.2398681640625
    }
]