[
    {
        "color": 4294967295,
        "name": "Generic Point 0",
        "x": 3171.68701171875,
        "y": 196.53627014160156,
        "z": 4163.09423828125
    },
    {
        "color": 4294967295,
        "name": "Generic Point 1",
        "x": 2443.71533203125,
        "y": 491.0395202636719,
        "z": 4878.11328125
    },
    {
        "color": 4294967295,
        "name": "Generic Point 10",
        "x": 3710.31665,
        "y": 467.242249,
        "z": 4470.427246
    },
    {
        "color": 4294967295,
        "name": "Generic Point 11",
        "x": 2586.660400390625,
        "y": 500.46966552734375,
        "z": 4195.84716796875
    },
    {
        "color": 4294967295,
        "name": "Generic Point 12",
        "x": 3535.23583984375,
        "y": 466.0234375,
        "z": 4826.1552734375
    },
    {
        "color": 4294967295,
        "name": "Generic Point 13",
        "x": 2986.71630859375,
        "y": 423.1119689941406,
        "z": 4340.29345703125
    },
    {
        "color": 4294967295,
        "name": "Generic Point 14",
        "x": 2261.39208984375,
        "y": -401.0057373046875,
        "z": 4831.23974609375
    },
    {
        "color": 4294967295,
        "name": "Generic Point 15",
        "x": 2727.525390625,
        "y": 394.62060546875,
        "z": 4452.857421875
    },
    {
        "color": 4294967295,
        "name": "Generic Point 16",
        "x": 2278.7685546875,
        "y": 425.3782958984375,
        "z": 4452.46142578125
    },
    {
        "color": 4294967295,
        "name": "Generic Point 17",
        "x": 3527.486328125,
        "y": 435.4556579589844,
        "z": 4875.36474609375
    },
    {
        "color": 4294967295,
        "name": "Generic Point 18",
        "x": 3150.227783203125,
        "y": 401.11444091796875,
        "z": 4490.89306640625
    },
    {
        "color": 4294967295,
        "name": "Generic Point 19",
        "x": 2773.481689453125,
        "y": 405.2769470214844,
        "z": 4406.76953125
    },
    {
        "color": 4294967295,
        "name": "Generic Point 2",
        "x": 2810.521484375,
        "y": 481.7138977050781,
        "z": 4833.61083984375
    },
    {
        "color": 4294967295,
        "name": "Generic Point 20",
        "x": 2647.469970703125,
        "y": 448.73089599609375,
        "z": 4316.65478515625
    },
    {
        "color": 4294967295,
        "name": "Generic Point 21",
        "x": 3983.53515625,
        "y": 386.2487487792969,
        "z": 4305.3466796875
    },
    {
        "color": 4294967295,
        "name": "Generic Point 22",
        "x": 2142.12646484375,
        "y": -389.48297119140625,
        "z": 4843.6748046875
    },
    {
        "color": 4294967295,
        "name": "Generic Point 23",
        "x": 2624.772705078125,
        "y": 395.4189147949219,
        "z": 4498.19384765625
    },
    {
        "color": 4294967295,
        "name": "Generic Point 24",
        "x": 2413.232666015625,
        "y": -348.258544921875,
        "z": 4855.953125
    },
    {
        "color": 4294967295,
        "name": "Generic Point 25",
        "x": 3060.119629,
        "y": 440.216858,
        "z": 4014.111572
    },
    {
        "color": 4294967295,
        "name": "Generic Point 26",
        "x": 3155.424072265625,
        "y": 428.4891052246094,
        "z": 4763.9892578125
    },
    {
        "color": 4294967295,
        "name": "Generic Point 27",
        "x": 3381.865967,
        "y": 471.739807,
        "z": 4495.361816
    },
    {
        "color": 4294967295,
        "name": "Generic Point 28",
        "x": 3867.65966796875,
        "y": 446.8214416503906,
        "z": 4498.06640625
    },
    {
        "color": 4294967295,
        "name": "Generic Point 29",
        "x": 3549.149658203125,
        "y": 387.7658996582031,
        "z": 4081.97412109375
    },
    {
        "color": 4294967295,
        "name": "Generic Point 3",
        "x": 2922.993408203125,
        "y": 489.0360107421875,
        "z": 4660.224609375
    },
    {
        "color": 4294967295,
        "name": "Generic Point 30",
        "x": 3848.9736328125,
        "y": 481.8388366699219,
        "z": 4819.49951171875
    },
    {
        "color": 4294967295,
        "name": "Generic Point 31",
        "x": 2880.651611328125,
        "y": 560.3158569335938,
        "z": 4945.5478515625
    },
    {
        "color": 4294967295,
        "name": "Generic Point 32",
        "x": 2653.720703125,
        "y": 468.5750732421875,
        "z": 5216.14306640625
    },
    {
        "color": 4294967295,
        "name": "Generic Point 33",
        "x": 2273.054443359375,
        "y": 520.1145629882812,
        "z": 4691.32666015625
    },
    {
        "color": 4294967295,
        "name": "Generic Point 34",
        "x": 3323.33642578125,
        "y": 236.0576171875,
        "z": 4149.42333984375
    },
    {
        "color": 4294967295,
        "name": "Generic Point 35",
        "x": 3041.272216796875,
        "y": 410.8639221191406,
        "z": 4205.58056640625
    },
    {
        "color": 4294967295,
        "name": "Generic Point 36",
        "x": 3776.848388671875,
        "y": 409.62860107421875,
        "z": 4201.05322265625
    },
    {
        "color": 4294967295,
        "name": "Generic Point 37",
        "x": 2591.902099609375,
        "y": 462.9867858886719,
        "z": 4313.8544921875
    },
    {
        "color": 4294967295,
        "name": "Generic Point 38",
        "x": 2558.982421875,
        "y": 463.1607360839844,
        "z": 4718.947265625
    },
    {
        "color": 4294967295,
        "name": "Generic Point 39",
        "x": 2259.835693359375,
        "y": 169.04380798339844,
        "z": 4701.47998046875
    },
    {
        "color": 4294967295,
        "name": "Generic Point 4",
        "x": 3208.890869140625,
        "y": 414.334716796875,
        "z": 4644.46728515625
    },
    {
        "color": 4294967295,
        "name": "Generic Point 40",
        "x": 3220.214111,
        "y": 425.851379,
        "z": 4418.044434
    },
    {
        "color": 4294967295,
        "name": "Generic Point 41",
        "x": 3390.1416015625,
        "y": 398.45404052734375,
        "z": 4966.83642578125
    },
    {
        "color": 4294967295,
        "name": "Generic Point 42",
        "x": 2682.943115234375,
        "y": 426.9008483886719,
        "z": 4424.56689453125
    },
    {
        "color": 4294967295,
        "name": "Generic Point 43",
        "x": 3511.4140625,
        "y": 402.3098449707031,
        "z": 4137.5830078125
    },
    {
        "color": 4294967295,
        "name": "Generic Point 44",
        "x": 3619.499755859375,
        "y": 432.86407470703125,
        "z": 4014.28076171875
    },
    {
        "color": 4294967295,
        "name": "Generic Point 45",
        "x": 2928.004150390625,
        "y": 426.45477294921875,
        "z": 4255.18408203125
    },
    {
        "color": 4294967295,
        "name": "Generic Point 46",
        "x": 3425.265625,
        "y": 428.02685546875,
        "z": 4876.26806640625
    },
    {
        "color": 4294967295,
        "name": "Generic Point 47",
        "x": 3184.527099609375,
        "y": 466.8180236816406,
        "z": 5120.81689453125
    },
    {
        "color": 4294967295,
        "name": "Generic Point 48",
        "x": 2693.081298828125,
        "y": 509.0212097167969,
        "z": 5011.48193359375
    },
    {
        "color": 4294967295,
        "name": "Generic Point 49",
        "x": 2355.1865234375,
        "y": 440.5032653808594,
        "z": 4452.42333984375
    },
    {
        "color": 4294967295,
        "name": "Generic Point 5",
        "x": 3398.462890625,
        "y": 394.47216796875,
        "z": 4940.29541015625
    },
    {
        "color": 4294967295,
        "name": "Generic Point 50",
        "x": 3025.46240234375,
        "y": 376.87200927734375,
        "z": 4225.54248046875
    },
    {
        "color": 4294967295,
        "name": "Generic Point 51",
        "x": 3475.1748046875,
        "y": 370.0049743652344,
        "z": 4938.048828125
    },
    {
        "color": 4294967295,
        "name": "Generic Point 52",
        "x": 2168.344970703125,
        "y": -357.760009765625,
        "z": 4829.88671875
    },
    {
        "color": 4294967295,
        "name": "Generic Point 53",
        "x": 2192.01806640625,
        "y": 496.04705810546875,
        "z": 4958.88232421875
    },
    {
        "color": 4294967295,
        "name": "Generic Point 54",
        "x": 3207.854248046875,
        "y": 411.8329162597656,
        "z": 3853.787109375
    },
    {
        "color": 4294967295,
        "name": "Generic Point 55",
        "x": 3537.10205078125,
        "y": 466.0275573730469,
        "z": 4828.5009765625
    },
    {
        "color": 4294967295,
        "name": "Generic Point 6",
        "x": 3678.411865234375,
        "y": 431.28515625,
        "z": 4090.964599609375
    },
    {
        "color": 4294967295,
        "name": "Generic Point 7",
        "x": 3037.356689453125,
        "y": 362.8993835449219,
        "z": 4514.0830078125
    },
    {
        "color": 4294967295,
        "name": "Generic Point 8",
        "x": 2510.563720703125,
        "y": 238.05206298828125,
        "z": 4958.1396484375
    },
    {
        "color": 4294967295,
        "name": "Generic Point 9",
        "x": 2373.335693359375,
        "y": 501.9730529785156,
        "z": 5007.32421875
    }
]