[
    {
        "color": 4294967295,
        "name": "Generic Point 0",
        "x": 4923.724609375,
        "y": 438.78759765625,
        "z": 4853.19482421875
    },
    {
        "color": 4294967295,
        "name": "Generic Point 1",
        "x": 4909.9248046875,
        "y": 438.78753662109375,
        "z": 4895.310546875
    },
    {
        "color": 4294967295,
        "name": "Generic Point 10",
        "x": 4922.966796875,
        "y": 382.1273193359375,
        "z": 4434.70751953125
    },
    {
        "color": 4294967295,
        "name": "Generic Point 11",
        "x": 4817.228515625,
        "y": 439.6767578125,
        "z": 3825.32275390625
    },
    {
        "color": 4294967295,
        "name": "Generic Point 12",
        "x": 4874.3037109375,
        "y": 439.7883605957031,
        "z": 3762.785400390625
    },
    {
        "color": 4294967295,
        "name": "Generic Point 13",
        "x": 4596.29150390625,
        "y": -45.474979400634766,
        "z": 4585.80078125
    },
    {
        "color": 4294967295,
        "name": "Generic Point 14",
        "x": 4532.3525390625,
        "y": 537.1537475585938,
        "z": 3615.898681640625
    },
    {
        "color": 4294967295,
        "name": "Generic Point 15",
        "x": 4431.81982421875,
        "y": 470.2066650390625,
        "z": 4169.875
    },
    {
        "color": 4294967295,
        "name": "Generic Point 16",
        "x": 4413.12890625,
        "y": 490.59100341796875,
        "z": 4004.51123046875
    },
    {
        "color": 4294967295,
        "name": "Generic Point 17",
        "x": 4634.20751953125,
        "y": 459.28631591796875,
        "z": 4211.55029296875
    },
    {
        "color": 4294967295,
        "name": "Generic Point 18",
        "x": 4514.7158203125,
        "y": 444.3394470214844,
        "z": 3961.647216796875
    },
    {
        "color": 4294967295,
        "name": "Generic Point 19",
        "x": 4267.63720703125,
        "y": 638.6671752929688,
        "z": 3728.150634765625
    },
    {
        "color": 4294967295,
        "name": "Generic Point 2",
        "x": 4511.29296875,
        "y": 441.3929138183594,
        "z": 4986.30078125
    },
    {
        "color": 4294967295,
        "name": "Generic Point 20",
        "x": 4245.12744140625,
        "y": 578.765869140625,
        "z": 3535.99951171875
    },
    {
        "color": 4294967295,
        "name": "Generic Point 21",
        "x": 4413.3466796875,
        "y": 555.0955200195312,
        "z": 3631.091796875
    },
    {
        "color": 4294967295,
        "name": "Generic Point 22",
        "x": 4406.93017578125,
        "y": 519.3675537109375,
        "z": 3716.894287109375
    },
    {
        "color": 4294967295,
        "name": "Generic Point 23",
        "x": 4423.3115234375,
        "y": 538.7142333984375,
        "z": 3737.619384765625
    },
    {
        "color": 4294967295,
        "name": "Generic Point 24",
        "x": 4428.59375,
        "y": 538.7142333984375,
        "z": 3732.353515625
    },
    {
        "color": 4294967295,
        "name": "Generic Point 25",
        "x": 4447.6533203125,
        "y": 540.57861328125,
        "z": 3731.93994140625
    },
    {
        "color": 4294967295,
        "name": "Generic Point 26",
        "x": 4297.88623046875,
        "y": 497.8937683105469,
        "z": 4126.51953125
    },
    {
        "color": 4294967295,
        "name": "Generic Point 27",
        "x": 4318.16650390625,
        "y": 435.05938720703125,
        "z": 3720.861572265625
    },
    {
        "color": 4294967295,
        "name": "Generic Point 28",
        "x": 4392.86279296875,
        "y": 441.5938720703125,
        "z": 3706.228515625
    },
    {
        "color": 4294967295,
        "name": "Generic Point 29",
        "x": 4364.7607421875,
        "y": 411.1189880371094,
        "z": 3736.369873046875
    },
    {
        "color": 4294967295,
        "name": "Generic Point 3",
        "x": 4323.6103515625,
        "y": 533.7340698242188,
        "z": 5062.14453125
    },
    {
        "color": 4294967295,
        "name": "Generic Point 30",
        "x": 4519.58349609375,
        "y": 392.0316162109375,
        "z": 4129.6513671875
    },
    {
        "color": 4294967295,
        "name": "Generic Point 31",
        "x": 4575.24853515625,
        "y": 412.8819885253906,
        "z": 4051.754150390625
    },
    {
        "color": 4294967295,
        "name": "Generic Point 32",
        "x": 4687.84228515625,
        "y": 426.64715576171875,
        "z": 4023.974853515625
    },
    {
        "color": 4294967295,
        "name": "Generic Point 33",
        "x": 4680.7314453125,
        "y": 422.57080078125,
        "z": 4012.474365234375
    },
    {
        "color": 4294967295,
        "name": "Generic Point 34",
        "x": 4830.671875,
        "y": 438.851806640625,
        "z": 3807.07470703125
    },
    {
        "color": 4294967295,
        "name": "Generic Point 35",
        "x": 4827.81396484375,
        "y": 438.852294921875,
        "z": 3828.677734375
    },
    {
        "color": 4294967295,
        "name": "Generic Point 36",
        "x": 4858.9912109375,
        "y": 439.8843994140625,
        "z": 3741.09814453125
    },
    {
        "color": 4294967295,
        "name": "Generic Point 37",
        "x": 4189.06787109375,
        "y": 476.4801025390625,
        "z": 4145.46826171875
    },
    {
        "color": 4294967295,
        "name": "Generic Point 38",
        "x": 4867.49951171875,
        "y": 439.03594970703125,
        "z": 3761.905029296875
    },
    {
        "color": 4294967295,
        "name": "Generic Point 39",
        "x": 4718.48974609375,
        "y": 476.0417175292969,
        "z": 3792.5673828125
    },
    {
        "color": 4294967295,
        "name": "Generic Point 4",
        "x": 4259.51025390625,
        "y": 440.2774353027344,
        "z": 4931.01220703125
    },
    {
        "color": 4294967295,
        "name": "Generic Point 40",
        "x": 4677.3701171875,
        "y": 689.0286865234375,
        "z": 3951.2724609375
    },
    {
        "color": 4294967295,
        "name": "Generic Point 41",
        "x": 4917.20556640625,
        "y": 443.9601745605469,
        "z": 3791.905029296875
    },
    {
        "color": 4294967295,
        "name": "Generic Point 42",
        "x": 4897.4033203125,
        "y": 441.48699951171875,
        "z": 4754.55712890625
    },
    {
        "color": 4294967295,
        "name": "Generic Point 43",
        "x": 4897.60693359375,
        "y": 533.416748046875,
        "z": 4411.12646484375
    },
    {
        "color": 4294967295,
        "name": "Generic Point 44",
        "x": 4936.7919921875,
        "y": 602.013427734375,
        "z": 4355.44189453125
    },
    {
        "color": 4294967295,
        "name": "Generic Point 45",
        "x": 4923.7353515625,
        "y": 538.0610961914062,
        "z": 4396.71044921875
    },
    {
        "color": 4294967295,
        "name": "Generic Point 46",
        "x": 4921.333984375,
        "y": 535.4164428710938,
        "z": 4414.70703125
    },
    {
        "color": 4294967295,
        "name": "Generic Point 47",
        "x": 4932.70947265625,
        "y": 577.2613525390625,
        "z": 4402.61865234375
    },
    {
        "color": 4294967295,
        "name": "Generic Point 48",
        "x": 4342.79638671875,
        "y": 464.8655090332031,
        "z": 4398.88427734375
    },
    {
        "color": 4294967295,
        "name": "Generic Point 49",
        "x": 4443.5927734375,
        "y": 463.650634765625,
        "z": 4275.47119140625
    },
    {
        "color": 4294967295,
        "name": "Generic Point 5",
        "x": 4327.69384765625,
        "y": 433.6559143066406,
        "z": 4897.1962890625
    },
    {
        "color": 4294967295,
        "name": "Generic Point 50",
        "x": 4499.33349609375,
        "y": 421.05926513671875,
        "z": 4292.4013671875
    },
    {
        "color": 4294967295,
        "name": "Generic Point 51",
        "x": 4570.8759765625,
        "y": 441.0957946777344,
        "z": 4436.84716796875
    },
    {
        "color": 4294967295,
        "name": "Generic Point 52",
        "x": 4350.15283203125,
        "y": 533.6969604492188,
        "z": 4051.50146484375
    },
    {
        "color": 4294967295,
        "name": "Generic Point 53",
        "x": 4408.63818359375,
        "y": 514.6077880859375,
        "z": 3964.6953125
    },
    {
        "color": 4294967295,
        "name": "Generic Point 54",
        "x": 4981.89306640625,
        "y": 487.5899353027344,
        "z": 4509.494140625
    },
    {
        "color": 4294967295,
        "name": "Generic Point 55",
        "x": 4731.22412109375,
        "y": 533.2822875976562,
        "z": 4297.0205078125
    },
    {
        "color": 4294967295,
        "name": "Generic Point 56",
        "x": 4750.5751953125,
        "y": 506.59686279296875,
        "z": 4248.8251953125
    },
    {
        "color": 4294967295,
        "name": "Generic Point 57",
        "x": 4745.52783203125,
        "y": 485.0951843261719,
        "z": 4164.880859375
    },
    {
        "color": 4294967295,
        "name": "Generic Point 58",
        "x": 4801.57861328125,
        "y": 521.3109741210938,
        "z": 4140.44287109375
    },
    {
        "color": 4294967295,
        "name": "Generic Point 59",
        "x": 4812.09130859375,
        "y": 528.6818237304688,
        "z": 4135.01806640625
    },
    {
        "color": 4294967295,
        "name": "Generic Point 6",
        "x": 4654.97998046875,
        "y": 522.9859008789062,
        "z": 5129.17724609375
    },
    {
        "color": 4294967295,
        "name": "Generic Point 60",
        "x": 5062.16455078125,
        "y": 534.9410400390625,
        "z": 4015.363037109375
    },
    {
        "color": 4294967295,
        "name": "Generic Point 61",
        "x": 5047.287109375,
        "y": 524.5354614257812,
        "z": 4001.5263671875
    },
    {
        "color": 4294967295,
        "name": "Generic Point 62",
        "x": 4997.67724609375,
        "y": 497.551513671875,
        "z": 4004.91455078125
    },
    {
        "color": 4294967295,
        "name": "Generic Point 63",
        "x": 4428.41357421875,
        "y": 541.5861206054688,
        "z": 3862.9326171875
    },
    {
        "color": 4294967295,
        "name": "Generic Point 64",
        "x": 4218.314453125,
        "y": 485.2755432128906,
        "z": 4567.64453125
    },
    {
        "color": 4294967295,
        "name": "Generic Point 65",
        "x": 4229.02197265625,
        "y": 529.8028564453125,
        "z": 3964.95068359375
    },
    {
        "color": 4294967295,
        "name": "Generic Point 66",
        "x": 5141.294921875,
        "y": 565.9486694335938,
        "z": 4446.876953125
    },
    {
        "color": 4294967295,
        "name": "Generic Point 67",
        "x": 4126.05419921875,
        "y": 445.0811767578125,
        "z": 4499.88720703125
    },
    {
        "color": 4294967295,
        "name": "Generic Point 68",
        "x": 4115.30419921875,
        "y": 376.12542724609375,
        "z": 4402.92041015625
    },
    {
        "color": 4294967295,
        "name": "Generic Point 69",
        "x": 4124.93798828125,
        "y": 388.0447692871094,
        "z": 4355.04296875
    },
    {
        "color": 4294967295,
        "name": "Generic Point 7",
        "x": 4645.93505859375,
        "y": 562.0962524414062,
        "z": 5135.70556640625
    },
    {
        "color": 4294967295,
        "name": "Generic Point 70",
        "x": 4390.57763671875,
        "y": 348.35150146484375,
        "z": 4546.98388671875
    },
    {
        "color": 4294967295,
        "name": "Generic Point 71",
        "x": 4423.86083984375,
        "y": 343.24261474609375,
        "z": 4552.0419921875
    },
    {
        "color": 4294967295,
        "name": "Generic Point 72",
        "x": 4539.19677734375,
        "y": 353.3890686035156,
        "z": 4664.05322265625
    },
    {
        "color": 4294967295,
        "name": "Generic Point 73",
        "x": 4372.71240234375,
        "y": 124.98101043701172,
        "z": 4568.73876953125
    },
    {
        "color": 4294967295,
        "name": "Generic Point 74",
        "x": 4434.26708984375,
        "y": 2.093796968460083,
        "z": 4642.19384765625
    },
    {
        "color": 4294967295,
        "name": "Generic Point 75",
        "x": 4654.97998046875,
        "y": 522.9859008789062,
        "z": 5129.17724609375
    },
    {
        "color": 4294967295,
        "name": "Generic Point 76",
        "x": 4406.93017578125,
        "y": 519.3675537109375,
        "z": 3716.894287109375
    },
    {
        "color": 4294967295,
        "name": "Generic Point 77",
        "x": 4428.59375,
        "y": 538.7142333984375,
        "z": 3732.353515625
    },
    {
        "color": 4294967295,
        "name": "Generic Point 78",
        "x": 4447.6533203125,
        "y": 540.57861328125,
        "z": 3731.93994140625
    },
    {
        "color": 4294967295,
        "name": "Generic Point 79",
        "x": 4687.84228515625,
        "y": 426.64715576171875,
        "z": 4023.974853515625
    },
    {
        "color": 4294967295,
        "name": "Generic Point 8",
        "x": 4631.9970703125,
        "y": 536.5199584960938,
        "z": 5176.08740234375
    },
    {
        "color": 4294967295,
        "name": "Generic Point 80",
        "x": 4830.671875,
        "y": 438.851806640625,
        "z": 3807.07470703125
    },
    {
        "color": 4294967295,
        "name": "Generic Point 81",
        "x": 4867.49951171875,
        "y": 439.03594970703125,
        "z": 3761.905029296875
    },
    {
        "color": 4294967295,
        "name": "Generic Point 82",
        "x": 4923.7353515625,
        "y": 538.0610961914062,
        "z": 4396.71044921875
    },
    {
        "color": 4294967295,
        "name": "Generic Point 83",
        "x": 4921.333984375,
        "y": 535.4164428710938,
        "z": 4414.70703125
    },
    {
        "color": 4294967295,
        "name": "Generic Point 84",
        "x": 4932.70947265625,
        "y": 577.2613525390625,
        "z": 4402.61865234375
    },
    {
        "color": 4294967295,
        "name": "Generic Point 9",
        "x": 4487.61474609375,
        "y": 315.0868225097656,
        "z": 4901.03173828125
    }
]