[
    {
        "color": 4294967295,
        "name": "Generic Point 0",
        "x": -6210.84814453125,
        "y": 201.6459197998047,
        "z": -3279.25927734375
    },
    {
        "color": 4294967295,
        "name": "Generic Point 1",
        "x": -6417.84716796875,
        "y": 201.18527221679688,
        "z": -2381.65087890625
    },
    {
        "color": 4294967295,
        "name": "Generic Point 2",
        "x": -6298.26171875,
        "y": 200.7338104248047,
        "z": -2411.4072265625
    }
]