[
    {
        "color": 4294967295,
        "name": "Generic Point 0",
        "x": 3803.747314453125,
        "y": 440.8591003417969,
        "z": 4364.779296875
    },
    {
        "color": 4294967295,
        "name": "Generic Point 1",
        "x": 4009.0107421875,
        "y": 374.56903076171875,
        "z": 4354.06396484375
    },
    {
        "color": 4294967295,
        "name": "Generic Point 10",
        "x": 3760.220703125,
        "y": 440.5499572753906,
        "z": 4100.22265625
    },
    {
        "color": 4294967295,
        "name": "Generic Point 11",
        "x": 3795.017333984375,
        "y": 433.45611572265625,
        "z": 4086.651123046875
    },
    {
        "color": 4294967295,
        "name": "Generic Point 12",
        "x": 3253.418701171875,
        "y": 409.3468933105469,
        "z": 4126.7080078125
    },
    {
        "color": 4294967295,
        "name": "Generic Point 13",
        "x": 3286.62255859375,
        "y": 222.60484313964844,
        "z": 4115.7373046875
    },
    {
        "color": 4294967295,
        "name": "Generic Point 14",
        "x": 3242.677978515625,
        "y": 403.88909912109375,
        "z": 4136.62353515625
    },
    {
        "color": 4294967295,
        "name": "Generic Point 15",
        "x": 3152.454833984375,
        "y": 409.99078369140625,
        "z": 4112.21875
    },
    {
        "color": 4294967295,
        "name": "Generic Point 16",
        "x": 2898.177734375,
        "y": 441.3418884277344,
        "z": 4158.72998046875
    },
    {
        "color": 4294967295,
        "name": "Generic Point 17",
        "x": 3275.80419921875,
        "y": 418.0438537597656,
        "z": 4198.6923828125
    },
    {
        "color": 4294967295,
        "name": "Generic Point 18",
        "x": 3389.818359,
        "y": 380.522552,
        "z": 4194.855469
    },
    {
        "color": 4294967295,
        "name": "Generic Point 19",
        "x": 2775.330078125,
        "y": 487.4954833984375,
        "z": 5179.5576171875
    },
    {
        "color": 4294967295,
        "name": "Generic Point 2",
        "x": 3983.488037109375,
        "y": 386.23565673828125,
        "z": 4305.33642578125
    },
    {
        "color": 4294967295,
        "name": "Generic Point 20",
        "x": 2603.967529296875,
        "y": 445.4407043457031,
        "z": 5260.82421875
    },
    {
        "color": 4294967295,
        "name": "Generic Point 21",
        "x": 2623.591796875,
        "y": 214.69656372070312,
        "z": 4994.380859375
    },
    {
        "color": 4294967295,
        "name": "Generic Point 22",
        "x": 2629.0712890625,
        "y": 333.46673583984375,
        "z": 4810.9775390625
    },
    {
        "color": 4294967295,
        "name": "Generic Point 23",
        "x": 2406.73681640625,
        "y": 500.9043884277344,
        "z": 4886.798828125
    },
    {
        "color": 4294967295,
        "name": "Generic Point 24",
        "x": 2336.75341796875,
        "y": 506.7254943847656,
        "z": 4900.689453125
    },
    {
        "color": 4294967295,
        "name": "Generic Point 25",
        "x": 2376.993408203125,
        "y": 495.8255615234375,
        "z": 4980.17822265625
    },
    {
        "color": 4294967295,
        "name": "Generic Point 26",
        "x": 2353.11328125,
        "y": 500.72259521484375,
        "z": 4756.82421875
    },
    {
        "color": 4294967295,
        "name": "Generic Point 27",
        "x": 2456.544189453125,
        "y": 237.6522979736328,
        "z": 4735.00146484375
    },
    {
        "color": 4294967295,
        "name": "Generic Point 28",
        "x": 2468.701416015625,
        "y": 469.36907958984375,
        "z": 4269.65380859375
    },
    {
        "color": 4294967295,
        "name": "Generic Point 29",
        "x": 2190.01171875,
        "y": 141.615234375,
        "z": 4686.56494140625
    },
    {
        "color": 4294967295,
        "name": "Generic Point 3",
        "x": 3898.018798828125,
        "y": 386.0926208496094,
        "z": 4282.669921875
    },
    {
        "color": 4294967295,
        "name": "Generic Point 30",
        "x": 2187.265625,
        "y": 467.8486022949219,
        "z": 4574.59130859375
    },
    {
        "color": 4294967295,
        "name": "Generic Point 31",
        "x": 2938.883544921875,
        "y": 482.70733642578125,
        "z": 4779.4423828125
    },
    {
        "color": 4294967295,
        "name": "Generic Point 32",
        "x": 2974.599853515625,
        "y": 408.08868408203125,
        "z": 4618.77490234375
    },
    {
        "color": 4294967295,
        "name": "Generic Point 33",
        "x": 3054.922119140625,
        "y": 407.6392822265625,
        "z": 4427.57470703125
    },
    {
        "color": 4294967295,
        "name": "Generic Point 34",
        "x": 2976.376220703125,
        "y": 370.35400390625,
        "z": 4500.45166015625
    },
    {
        "color": 4294967295,
        "name": "Generic Point 4",
        "x": 3742.4599609375,
        "y": 441.25726318359375,
        "z": 4315.3466796875
    },
    {
        "color": 4294967295,
        "name": "Generic Point 5",
        "x": 3708.036865234375,
        "y": 441.9833679199219,
        "z": 4331.8017578125
    },
    {
        "color": 4294967295,
        "name": "Generic Point 6",
        "x": 3614.024658203125,
        "y": 439.7412109375,
        "z": 5021.59765625
    },
    {
        "color": 4294967295,
        "name": "Generic Point 7",
        "x": 3610.9326171875,
        "y": 440.252197265625,
        "z": 4971.0439453125
    },
    {
        "color": 4294967295,
        "name": "Generic Point 8",
        "x": 3673.235595703125,
        "y": 440.1920166015625,
        "z": 4974.7470703125
    },
    {
        "color": 4294967295,
        "name": "Generic Point 9",
        "x": 3845.333740234375,
        "y": 459.6298522949219,
        "z": 4115.1044921875
    }
]