[
    {
        "color": 4294967295,
        "name": "Generic Point 0",
        "x": 2598.128662109375,
        "y": 195.6591339111328,
        "z": -2356.789794921875
    },
    {
        "color": 4294967295,
        "name": "Generic Point 1",
        "x": 2661.411865234375,
        "y": 246.45404052734375,
        "z": -1325.613037109375
    },
    {
        "color": 4294967295,
        "name": "Generic Point 10",
        "x": 1108.011474609375,
        "y": 311.69415283203125,
        "z": -1420.4425048828125
    },
    {
        "color": 4294967295,
        "name": "Generic Point 11",
        "x": 1659.0411376953125,
        "y": 238.38343811035156,
        "z": -1220.0546875
    },
    {
        "color": 4294967295,
        "name": "Generic Point 12",
        "x": 1742.6712646484375,
        "y": 240.2173614501953,
        "z": -945.4961547851562
    },
    {
        "color": 4294967295,
        "name": "Generic Point 13",
        "x": 2147.242919921875,
        "y": 211.95323181152344,
        "z": -470.4864501953125
    },
    {
        "color": 4294967295,
        "name": "Generic Point 14",
        "x": 1998.843994140625,
        "y": 210.70985412597656,
        "z": -72.63676452636719
    },
    {
        "color": 4294967295,
        "name": "Generic Point 15",
        "x": 2244.377197265625,
        "y": 229.4993438720703,
        "z": -127.09197998046875
    },
    {
        "color": 4294967295,
        "name": "Generic Point 16",
        "x": 2686.49072265625,
        "y": 251.9799346923828,
        "z": -364.4123229980469
    },
    {
        "color": 4294967295,
        "name": "Generic Point 17",
        "x": 2459.264892578125,
        "y": 221.5199432373047,
        "z": 380.4320068359375
    },
    {
        "color": 4294967295,
        "name": "Generic Point 18",
        "x": 2538.27685546875,
        "y": 202.2692108154297,
        "z": 339.2902526855469
    },
    {
        "color": 4294967295,
        "name": "Generic Point 19",
        "x": 2755.369384765625,
        "y": 210.0286865234375,
        "z": 355.04864501953125
    },
    {
        "color": 4294967295,
        "name": "Generic Point 2",
        "x": 2322.48876953125,
        "y": 276.757080078125,
        "z": -1634.495361328125
    },
    {
        "color": 4294967295,
        "name": "Generic Point 20",
        "x": 2900.858642578125,
        "y": 215.32472229003906,
        "z": 321.3505859375
    },
    {
        "color": 4294967295,
        "name": "Generic Point 21",
        "x": 3032.8232421875,
        "y": 211.98812866210938,
        "z": 164.1900634765625
    },
    {
        "color": 4294967295,
        "name": "Generic Point 3",
        "x": 2229.974853515625,
        "y": 274.3079833984375,
        "z": -1766.6353759765625
    },
    {
        "color": 4294967295,
        "name": "Generic Point 4",
        "x": 2145.69775390625,
        "y": 205.70449829101562,
        "z": -1737.12646484375
    },
    {
        "color": 4294967295,
        "name": "Generic Point 5",
        "x": 2238.76171875,
        "y": 242.80613708496094,
        "z": -1448.5367431640625
    },
    {
        "color": 4294967295,
        "name": "Generic Point 6",
        "x": 2217.777099609375,
        "y": 220.83726501464844,
        "z": -1447.0391845703125
    },
    {
        "color": 4294967295,
        "name": "Generic Point 7",
        "x": 2015.0361328125,
        "y": 210.62376403808594,
        "z": -1422.9862060546875
    },
    {
        "color": 4294967295,
        "name": "Generic Point 8",
        "x": 1689.5391845703125,
        "y": 219.42019653320312,
        "z": -1485.7171630859375
    },
    {
        "color": 4294967295,
        "name": "Generic Point 9",
        "x": 1456.049560546875,
        "y": 242.3211212158203,
        "z": -1534.072265625
    }
]