[
    {
        "color": 4294967295,
        "name": "Generic Point 0",
        "x": 2843.02197265625,
        "y": 262.19720458984375,
        "z": -1873.9202880859375
    },
    {
        "color": 4294967295,
        "name": "Generic Point 1",
        "x": 2880.178466796875,
        "y": 270.6226501464844,
        "z": -1845.9715576171875
    },
    {
        "color": 4294967295,
        "name": "Generic Point 10",
        "x": 2927.3916015625,
        "y": 211.14881896972656,
        "z": -1579.04541015625
    },
    {
        "color": 4294967295,
        "name": "Generic Point 100",
        "x": 1883.1571044921875,
        "y": 200.7615509033203,
        "z": -1253.2705078125
    },
    {
        "color": 4294967295,
        "name": "Generic Point 101",
        "x": 1842.7078857421875,
        "y": 194.9916534423828,
        "z": -1379.992919921875
    },
    {
        "color": 4294967295,
        "name": "Generic Point 102",
        "x": 1807.129638671875,
        "y": 194.96231079101562,
        "z": -1508.5919189453125
    },
    {
        "color": 4294967295,
        "name": "Generic Point 103",
        "x": 1750.4287109375,
        "y": 195.56246948242188,
        "z": -1521.757080078125
    },
    {
        "color": 4294967295,
        "name": "Generic Point 104",
        "x": 1826.7706298828125,
        "y": 198.60855102539062,
        "z": -1164.5103759765625
    },
    {
        "color": 4294967295,
        "name": "Generic Point 105",
        "x": 1804.0814208984375,
        "y": 241.06422424316406,
        "z": -1197.2183837890625
    },
    {
        "color": 4294967295,
        "name": "Generic Point 106",
        "x": 1710.820556640625,
        "y": 262.26953125,
        "z": -1273.4139404296875
    },
    {
        "color": 4294967295,
        "name": "Generic Point 107",
        "x": 1680.5736083984375,
        "y": 244.3357696533203,
        "z": -1328.2896728515625
    },
    {
        "color": 4294967295,
        "name": "Generic Point 108",
        "x": 1699.7490234375,
        "y": 233.0672607421875,
        "z": -1347.051513671875
    },
    {
        "color": 4294967295,
        "name": "Generic Point 109",
        "x": 1615.337890625,
        "y": 260.6543884277344,
        "z": -1284.369873046875
    },
    {
        "color": 4294967295,
        "name": "Generic Point 11",
        "x": 2790.98828125,
        "y": 296.9192810058594,
        "z": -1564.4293212890625
    },
    {
        "color": 4294967295,
        "name": "Generic Point 110",
        "x": 1663.730712890625,
        "y": 248.79270935058594,
        "z": -1204.0211181640625
    },
    {
        "color": 4294967295,
        "name": "Generic Point 111",
        "x": 1679.1768798828125,
        "y": 268.12847900390625,
        "z": -1187.5894775390625
    },
    {
        "color": 4294967295,
        "name": "Generic Point 112",
        "x": 1629.0712890625,
        "y": 293.90753173828125,
        "z": -1096.371826171875
    },
    {
        "color": 4294967295,
        "name": "Generic Point 113",
        "x": 1678.3065185546875,
        "y": 195.21548461914062,
        "z": -1683.1304931640625
    },
    {
        "color": 4294967295,
        "name": "Generic Point 114",
        "x": 1547.6656494140625,
        "y": 252.20631408691406,
        "z": -1644.4388427734375
    },
    {
        "color": 4294967295,
        "name": "Generic Point 115",
        "x": 1559.7197265625,
        "y": 252.0921630859375,
        "z": -1624.969970703125
    },
    {
        "color": 4294967295,
        "name": "Generic Point 116",
        "x": 1566.2255859375,
        "y": 245.9024658203125,
        "z": -1560.8612060546875
    },
    {
        "color": 4294967295,
        "name": "Generic Point 117",
        "x": 1489.9969482421875,
        "y": 244.00914001464844,
        "z": -1579.6151123046875
    },
    {
        "color": 4294967295,
        "name": "Generic Point 118",
        "x": 1458.745361328125,
        "y": 242.13575744628906,
        "z": -1610.13330078125
    },
    {
        "color": 4294967295,
        "name": "Generic Point 119",
        "x": 1586.61865234375,
        "y": 258.78106689453125,
        "z": -1538.694580078125
    },
    {
        "color": 4294967295,
        "name": "Generic Point 12",
        "x": 2825.169921875,
        "y": 272.9141540527344,
        "z": -1487.6090087890625
    },
    {
        "color": 4294967295,
        "name": "Generic Point 120",
        "x": 1460.15966796875,
        "y": 257.7450256347656,
        "z": -1446.2005615234375
    },
    {
        "color": 4294967295,
        "name": "Generic Point 121",
        "x": 1481.649169921875,
        "y": 263.01885986328125,
        "z": -1354.9600830078125
    },
    {
        "color": 4294967295,
        "name": "Generic Point 122",
        "x": 1495.792236328125,
        "y": 270.4361267089844,
        "z": -1774.4217529296875
    },
    {
        "color": 4294967295,
        "name": "Generic Point 123",
        "x": 1410.643798828125,
        "y": 300.64471435546875,
        "z": -1844.0731201171875
    },
    {
        "color": 4294967295,
        "name": "Generic Point 124",
        "x": 1410.736572265625,
        "y": 304.75421142578125,
        "z": -1887.00244140625
    },
    {
        "color": 4294967295,
        "name": "Generic Point 125",
        "x": 1485.0477294921875,
        "y": 330.700439453125,
        "z": -1987.163330078125
    },
    {
        "color": 4294967295,
        "name": "Generic Point 126",
        "x": 1324.012451171875,
        "y": 303.2993469238281,
        "z": -1862.15869140625
    },
    {
        "color": 4294967295,
        "name": "Generic Point 127",
        "x": 1298.70458984375,
        "y": 268.0254821777344,
        "z": -1701.9661865234375
    },
    {
        "color": 4294967295,
        "name": "Generic Point 128",
        "x": 1356.15087890625,
        "y": 256.2353210449219,
        "z": -1676.4815673828125
    },
    {
        "color": 4294967295,
        "name": "Generic Point 129",
        "x": 1253.22412109375,
        "y": 261.8840026855469,
        "z": -1648.1064453125
    },
    {
        "color": 4294967295,
        "name": "Generic Point 13",
        "x": 2870.27294921875,
        "y": 256.953369140625,
        "z": -1427.816650390625
    },
    {
        "color": 4294967295,
        "name": "Generic Point 130",
        "x": 1247.215576171875,
        "y": 263.10577392578125,
        "z": -1722.42822265625
    },
    {
        "color": 4294967295,
        "name": "Generic Point 131",
        "x": 1153.0654296875,
        "y": 298.3608703613281,
        "z": -1570.563232421875
    },
    {
        "color": 4294967295,
        "name": "Generic Point 132",
        "x": 1263.2552490234375,
        "y": 256.09747314453125,
        "z": -1534.7509765625
    },
    {
        "color": 4294967295,
        "name": "Generic Point 133",
        "x": 1293.8980712890625,
        "y": 255.49757385253906,
        "z": -1511.9837646484375
    },
    {
        "color": 4294967295,
        "name": "Generic Point 134",
        "x": 1312.5074462890625,
        "y": 271.3822326660156,
        "z": -1499.918212890625
    },
    {
        "color": 4294967295,
        "name": "Generic Point 135",
        "x": 1161.303466796875,
        "y": 306.07086181640625,
        "z": -1395.8546142578125
    },
    {
        "color": 4294967295,
        "name": "Generic Point 136",
        "x": 1717.598388671875,
        "y": 301.3481750488281,
        "z": -927.7394409179688
    },
    {
        "color": 4294967295,
        "name": "Generic Point 137",
        "x": 1741.2791748046875,
        "y": 257.0501403808594,
        "z": -825.274658203125
    },
    {
        "color": 4294967295,
        "name": "Generic Point 138",
        "x": 1793.06689453125,
        "y": 242.9735107421875,
        "z": -821.8779296875
    },
    {
        "color": 4294967295,
        "name": "Generic Point 139",
        "x": 1884.1839599609375,
        "y": 243.7499542236328,
        "z": -867.7027587890625
    },
    {
        "color": 4294967295,
        "name": "Generic Point 14",
        "x": 2822.84912109375,
        "y": 257.1383056640625,
        "z": -1404.191162109375
    },
    {
        "color": 4294967295,
        "name": "Generic Point 140",
        "x": 1934.7939453125,
        "y": 226.91700744628906,
        "z": -907.748046875
    },
    {
        "color": 4294967295,
        "name": "Generic Point 141",
        "x": 1940.8509521484375,
        "y": 246.55047607421875,
        "z": -910.7955932617188
    },
    {
        "color": 4294967295,
        "name": "Generic Point 142",
        "x": 1594.03173828125,
        "y": 277.93072509765625,
        "z": -703.5794067382812
    },
    {
        "color": 4294967295,
        "name": "Generic Point 143",
        "x": 1746.5958251953125,
        "y": 238.3794403076172,
        "z": -627.383544921875
    },
    {
        "color": 4294967295,
        "name": "Generic Point 144",
        "x": 1785.8502197265625,
        "y": 247.38612365722656,
        "z": -604.71826171875
    },
    {
        "color": 4294967295,
        "name": "Generic Point 145",
        "x": 1790.6463623046875,
        "y": 255.54608154296875,
        "z": -516.297119140625
    },
    {
        "color": 4294967295,
        "name": "Generic Point 146",
        "x": 1672.9796142578125,
        "y": 221.46823120117188,
        "z": -525.3609619140625
    },
    {
        "color": 4294967295,
        "name": "Generic Point 147",
        "x": 1685.1290283203125,
        "y": 214.54690551757812,
        "z": -383.637939453125
    },
    {
        "color": 4294967295,
        "name": "Generic Point 148",
        "x": 1737.921142578125,
        "y": 219.6399688720703,
        "z": -393.44244384765625
    },
    {
        "color": 4294967295,
        "name": "Generic Point 149",
        "x": 1754.9136962890625,
        "y": 216.85452270507812,
        "z": -358.33782958984375
    },
    {
        "color": 4294967295,
        "name": "Generic Point 15",
        "x": 2844.333984375,
        "y": 259.8318786621094,
        "z": -1346.1292724609375
    },
    {
        "color": 4294967295,
        "name": "Generic Point 150",
        "x": 1767.3385009765625,
        "y": 224.5215301513672,
        "z": -416.37298583984375
    },
    {
        "color": 4294967295,
        "name": "Generic Point 151",
        "x": 1810.671875,
        "y": 218.12413024902344,
        "z": -441.7435607910156
    },
    {
        "color": 4294967295,
        "name": "Generic Point 152",
        "x": 1849.8140869140625,
        "y": 226.48500061035156,
        "z": -391.3306884765625
    },
    {
        "color": 4294967295,
        "name": "Generic Point 153",
        "x": 1931.0606689453125,
        "y": 251.31663513183594,
        "z": -449.3677978515625
    },
    {
        "color": 4294967295,
        "name": "Generic Point 154",
        "x": 1970.8345947265625,
        "y": 241.05987548828125,
        "z": -370.487548828125
    },
    {
        "color": 4294967295,
        "name": "Generic Point 155",
        "x": 2062.5048828125,
        "y": 265.6196594238281,
        "z": -381.81988525390625
    },
    {
        "color": 4294967295,
        "name": "Generic Point 156",
        "x": 2135.0224609375,
        "y": 242.51260375976562,
        "z": -428.48004150390625
    },
    {
        "color": 4294967295,
        "name": "Generic Point 157",
        "x": 2146.9306640625,
        "y": 234.1566925048828,
        "z": -458.3081970214844
    },
    {
        "color": 4294967295,
        "name": "Generic Point 158",
        "x": 2160.91015625,
        "y": 220.8369140625,
        "z": -470.3487548828125
    },
    {
        "color": 4294967295,
        "name": "Generic Point 159",
        "x": 2102.1064453125,
        "y": 227.9921112060547,
        "z": -494.45281982421875
    },
    {
        "color": 4294967295,
        "name": "Generic Point 16",
        "x": 2739.118896484375,
        "y": 261.2434387207031,
        "z": -1380.75732421875
    },
    {
        "color": 4294967295,
        "name": "Generic Point 160",
        "x": 2131.95263671875,
        "y": 228.77891540527344,
        "z": -510.2709655761719
    },
    {
        "color": 4294967295,
        "name": "Generic Point 161",
        "x": 2111.419921875,
        "y": 228.27630615234375,
        "z": -527.0513916015625
    },
    {
        "color": 4294967295,
        "name": "Generic Point 162",
        "x": 2123.47998046875,
        "y": 211.95506286621094,
        "z": -559.2982788085938
    },
    {
        "color": 4294967295,
        "name": "Generic Point 163",
        "x": 2209.41455078125,
        "y": 220.4738311767578,
        "z": -476.27581787109375
    },
    {
        "color": 4294967295,
        "name": "Generic Point 164",
        "x": 2233.1962890625,
        "y": 202.89291381835938,
        "z": -476.81744384765625
    },
    {
        "color": 4294967295,
        "name": "Generic Point 165",
        "x": 2223.96630859375,
        "y": 255.37228393554688,
        "z": -399.28070068359375
    },
    {
        "color": 4294967295,
        "name": "Generic Point 166",
        "x": 2342.69970703125,
        "y": 253.4020233154297,
        "z": -463.80938720703125
    },
    {
        "color": 4294967295,
        "name": "Generic Point 167",
        "x": 2363.4833984375,
        "y": 274.15087890625,
        "z": -391.4339599609375
    },
    {
        "color": 4294967295,
        "name": "Generic Point 168",
        "x": 2350.67529296875,
        "y": 281.1189880371094,
        "z": -386.06890869140625
    },
    {
        "color": 4294967295,
        "name": "Generic Point 169",
        "x": 2266.14794921875,
        "y": 279.113037109375,
        "z": -292.61468505859375
    },
    {
        "color": 4294967295,
        "name": "Generic Point 17",
        "x": 2730.92333984375,
        "y": 271.6768798828125,
        "z": -1437.0201416015625
    },
    {
        "color": 4294967295,
        "name": "Generic Point 170",
        "x": 2317.991943359375,
        "y": 307.9895935058594,
        "z": -202.432373046875
    },
    {
        "color": 4294967295,
        "name": "Generic Point 171",
        "x": 2393.75048828125,
        "y": 307.16455078125,
        "z": -191.03619384765625
    },
    {
        "color": 4294967295,
        "name": "Generic Point 172",
        "x": 1955.68603515625,
        "y": 217.76376342773438,
        "z": -642.3595581054688
    },
    {
        "color": 4294967295,
        "name": "Generic Point 173",
        "x": 1807.710693359375,
        "y": 205.8075714111328,
        "z": -273.74053955078125
    },
    {
        "color": 4294967295,
        "name": "Generic Point 174",
        "x": 1901.388671875,
        "y": 206.86737060546875,
        "z": -166.10630798339844
    },
    {
        "color": 4294967295,
        "name": "Generic Point 175",
        "x": 2482.173828125,
        "y": 219.46287536621094,
        "z": -428.84259033203125
    },
    {
        "color": 4294967295,
        "name": "Generic Point 176",
        "x": 2494.2626953125,
        "y": 204.958740234375,
        "z": -562.6094360351562
    },
    {
        "color": 4294967295,
        "name": "Generic Point 177",
        "x": 2666.652099609375,
        "y": 216.5563201904297,
        "z": -508.44940185546875
    },
    {
        "color": 4294967295,
        "name": "Generic Point 178",
        "x": 2633.897705078125,
        "y": 274.9107360839844,
        "z": -416.40936279296875
    },
    {
        "color": 4294967295,
        "name": "Generic Point 179",
        "x": 2054.716796875,
        "y": 219.7904815673828,
        "z": -44.6553955078125
    },
    {
        "color": 4294967295,
        "name": "Generic Point 18",
        "x": 2705.361083984375,
        "y": 273.66070556640625,
        "z": -1580.322509765625
    },
    {
        "color": 4294967295,
        "name": "Generic Point 180",
        "x": 2111.487060546875,
        "y": 209.49099731445312,
        "z": -67.58232116699219
    },
    {
        "color": 4294967295,
        "name": "Generic Point 181",
        "x": 2154.800048828125,
        "y": 210.434326171875,
        "z": -13.995834350585938
    },
    {
        "color": 4294967295,
        "name": "Generic Point 182",
        "x": 2145.93994140625,
        "y": 226.3591766357422,
        "z": 28.213394165039062
    },
    {
        "color": 4294967295,
        "name": "Generic Point 183",
        "x": 2335.853515625,
        "y": 233.29010009765625,
        "z": -81.59333038330078
    },
    {
        "color": 4294967295,
        "name": "Generic Point 184",
        "x": 2352.33203125,
        "y": 248.05674743652344,
        "z": -86.259521484375
    },
    {
        "color": 4294967295,
        "name": "Generic Point 185",
        "x": 2417.81298828125,
        "y": 227.8720245361328,
        "z": -4.606723785400391
    },
    {
        "color": 4294967295,
        "name": "Generic Point 186",
        "x": 2412.775390625,
        "y": 211.2975616455078,
        "z": 27.507413864135742
    },
    {
        "color": 4294967295,
        "name": "Generic Point 187",
        "x": 2413.42822265625,
        "y": 218.01478576660156,
        "z": 48.753623962402344
    },
    {
        "color": 4294967295,
        "name": "Generic Point 188",
        "x": 2397.22265625,
        "y": 211.31126403808594,
        "z": 63.51685333251953
    },
    {
        "color": 4294967295,
        "name": "Generic Point 189",
        "x": 2380.215576171875,
        "y": 227.82008361816406,
        "z": 54.61119079589844
    },
    {
        "color": 4294967295,
        "name": "Generic Point 19",
        "x": 2645.0361328125,
        "y": 267.6295166015625,
        "z": -1574.029296875
    },
    {
        "color": 4294967295,
        "name": "Generic Point 190",
        "x": 2467.989501953125,
        "y": 210.48805236816406,
        "z": 68.54842376708984
    },
    {
        "color": 4294967295,
        "name": "Generic Point 191",
        "x": 2446.269775390625,
        "y": 225.7675323486328,
        "z": 147.35745239257812
    },
    {
        "color": 4294967295,
        "name": "Generic Point 192",
        "x": 2457.643798828125,
        "y": 208.8838653564453,
        "z": 136.91372680664062
    },
    {
        "color": 4294967295,
        "name": "Generic Point 193",
        "x": 2482.238525390625,
        "y": 205.7831268310547,
        "z": 128.99720764160156
    },
    {
        "color": 4294967295,
        "name": "Generic Point 194",
        "x": 2520.367431640625,
        "y": 229.8022003173828,
        "z": 190.503662109375
    },
    {
        "color": 4294967295,
        "name": "Generic Point 195",
        "x": 2456.982421875,
        "y": 242.5306854248047,
        "z": 263.9380187988281
    },
    {
        "color": 4294967295,
        "name": "Generic Point 196",
        "x": 2523.623291015625,
        "y": 208.50750732421875,
        "z": 271.4577941894531
    },
    {
        "color": 4294967295,
        "name": "Generic Point 197",
        "x": 2521.02490234375,
        "y": 208.90126037597656,
        "z": 404.0779113769531
    },
    {
        "color": 4294967295,
        "name": "Generic Point 198",
        "x": 2449.91845703125,
        "y": 263.13787841796875,
        "z": 364.6365661621094
    },
    {
        "color": 4294967295,
        "name": "Generic Point 199",
        "x": 2394.0185546875,
        "y": 222.5558319091797,
        "z": 390.3255310058594
    },
    {
        "color": 4294967295,
        "name": "Generic Point 2",
        "x": 2883.13232421875,
        "y": 257.3826599121094,
        "z": -1837.8375244140625
    },
    {
        "color": 4294967295,
        "name": "Generic Point 20",
        "x": 2659.18017578125,
        "y": 250.88450622558594,
        "z": -1470.61328125
    },
    {
        "color": 4294967295,
        "name": "Generic Point 200",
        "x": 2472.830810546875,
        "y": 245.75315856933594,
        "z": 466.1512451171875
    },
    {
        "color": 4294967295,
        "name": "Generic Point 201",
        "x": 2581.885498046875,
        "y": 198.64886474609375,
        "z": 401.0968933105469
    },
    {
        "color": 4294967295,
        "name": "Generic Point 202",
        "x": 2631.48974609375,
        "y": 211.0480499267578,
        "z": 463.9175720214844
    },
    {
        "color": 4294967295,
        "name": "Generic Point 203",
        "x": 2652.09912109375,
        "y": 220.45431518554688,
        "z": 429.3110046386719
    },
    {
        "color": 4294967295,
        "name": "Generic Point 204",
        "x": 2646.9375,
        "y": 215.4482879638672,
        "z": 446.7063293457031
    },
    {
        "color": 4294967295,
        "name": "Generic Point 205",
        "x": 2701.275634765625,
        "y": 253.17138671875,
        "z": 474.01922607421875
    },
    {
        "color": 4294967295,
        "name": "Generic Point 206",
        "x": 2672.141845703125,
        "y": 212.62982177734375,
        "z": 381.4195251464844
    },
    {
        "color": 4294967295,
        "name": "Generic Point 207",
        "x": 2956.83056640625,
        "y": 207.11817932128906,
        "z": 108.92814636230469
    },
    {
        "color": 4294967295,
        "name": "Generic Point 208",
        "x": 3051.432373046875,
        "y": 239.72755432128906,
        "z": 178.49856567382812
    },
    {
        "color": 4294967295,
        "name": "Generic Point 209",
        "x": 2913.273681640625,
        "y": 207.97361755371094,
        "z": 28.858001708984375
    },
    {
        "color": 4294967295,
        "name": "Generic Point 21",
        "x": 2689.460205078125,
        "y": 262.37109375,
        "z": -1407.636474609375
    },
    {
        "color": 4294967295,
        "name": "Generic Point 210",
        "x": 2698.657958984375,
        "y": 240.49342346191406,
        "z": 25.930076599121094
    },
    {
        "color": 4294967295,
        "name": "Generic Point 211",
        "x": 2678.1494140625,
        "y": 222.01651000976562,
        "z": 39.861778259277344
    },
    {
        "color": 4294967295,
        "name": "Generic Point 212",
        "x": 2605.020751953125,
        "y": 220.9707489013672,
        "z": 53.20369338989258
    },
    {
        "color": 4294967295,
        "name": "Generic Point 213",
        "x": 2585.6845703125,
        "y": 206.97511291503906,
        "z": -4.849040985107422
    },
    {
        "color": 4294967295,
        "name": "Generic Point 214",
        "x": 2570.740966796875,
        "y": 227.24114990234375,
        "z": 16.16329574584961
    },
    {
        "color": 4294967295,
        "name": "Generic Point 215",
        "x": 2518.999267578125,
        "y": 208.53836059570312,
        "z": -22.114471435546875
    },
    {
        "color": 4294967295,
        "name": "Generic Point 216",
        "x": 2609.09228515625,
        "y": 206.69354248046875,
        "z": -60.4349365234375
    },
    {
        "color": 4294967295,
        "name": "Generic Point 217",
        "x": 2646.552734375,
        "y": 217.62701416015625,
        "z": -57.5029296875
    },
    {
        "color": 4294967295,
        "name": "Generic Point 218",
        "x": 2644.9091796875,
        "y": 222.29930114746094,
        "z": -84.53571319580078
    },
    {
        "color": 4294967295,
        "name": "Generic Point 219",
        "x": 2556.756103515625,
        "y": 214.82701110839844,
        "z": 154.22776794433594
    },
    {
        "color": 4294967295,
        "name": "Generic Point 22",
        "x": 2689.5849609375,
        "y": 263.0350341796875,
        "z": -1352.459716796875
    },
    {
        "color": 4294967295,
        "name": "Generic Point 220",
        "x": 2608.69189453125,
        "y": 214.5109100341797,
        "z": 226.8978271484375
    },
    {
        "color": 4294967295,
        "name": "Generic Point 221",
        "x": 2624.947998046875,
        "y": 232.0701141357422,
        "z": 194.20892333984375
    },
    {
        "color": 4294967295,
        "name": "Generic Point 222",
        "x": 2703.91357421875,
        "y": 233.8494110107422,
        "z": 173.17169189453125
    },
    {
        "color": 4294967295,
        "name": "Generic Point 223",
        "x": 2737.325927734375,
        "y": 248.6167449951172,
        "z": 182.37803649902344
    },
    {
        "color": 4294967295,
        "name": "Generic Point 224",
        "x": 2724.588134765625,
        "y": 248.11373901367188,
        "z": 184.01617431640625
    },
    {
        "color": 4294967295,
        "name": "Generic Point 225",
        "x": 2720.601806640625,
        "y": 222.52081298828125,
        "z": 209.5818634033203
    },
    {
        "color": 4294967295,
        "name": "Generic Point 226",
        "x": 2745.188232421875,
        "y": 258.6436462402344,
        "z": 120.09514617919922
    },
    {
        "color": 4294967295,
        "name": "Generic Point 227",
        "x": 2735.69189453125,
        "y": 219.05950927734375,
        "z": 95.65890502929688
    },
    {
        "color": 4294967295,
        "name": "Generic Point 228",
        "x": 2684.1943359375,
        "y": 258.3609924316406,
        "z": 98.74480438232422
    },
    {
        "color": 4294967295,
        "name": "Generic Point 229",
        "x": 2628.478759765625,
        "y": 252.8415069580078,
        "z": 93.73287200927734
    },
    {
        "color": 4294967295,
        "name": "Generic Point 23",
        "x": 2683.187255859375,
        "y": 248.19381713867188,
        "z": -1320.382080078125
    },
    {
        "color": 4294967295,
        "name": "Generic Point 230",
        "x": 2690.804931640625,
        "y": 239.1688995361328,
        "z": 95.35424041748047
    },
    {
        "color": 4294967295,
        "name": "Generic Point 231",
        "x": 2794.192138671875,
        "y": 248.22068786621094,
        "z": -180.150390625
    },
    {
        "color": 4294967295,
        "name": "Generic Point 24",
        "x": 2679.873779296875,
        "y": 245.11619567871094,
        "z": -1292.858642578125
    },
    {
        "color": 4294967295,
        "name": "Generic Point 25",
        "x": 2723.864990234375,
        "y": 256.6935119628906,
        "z": -1215.238525390625
    },
    {
        "color": 4294967295,
        "name": "Generic Point 26",
        "x": 2748.248046875,
        "y": 268.1705627441406,
        "z": -1175.9195556640625
    },
    {
        "color": 4294967295,
        "name": "Generic Point 27",
        "x": 2735.82861328125,
        "y": 286.0577697753906,
        "z": -1168.1982421875
    },
    {
        "color": 4294967295,
        "name": "Generic Point 28",
        "x": 2758.62109375,
        "y": 273.68194580078125,
        "z": -1157.52197265625
    },
    {
        "color": 4294967295,
        "name": "Generic Point 29",
        "x": 2814.990234375,
        "y": 247.2925262451172,
        "z": -1142.04052734375
    },
    {
        "color": 4294967295,
        "name": "Generic Point 3",
        "x": 2849.0654296875,
        "y": 254.84938049316406,
        "z": -1795.2890625
    },
    {
        "color": 4294967295,
        "name": "Generic Point 30",
        "x": 2697.001708984375,
        "y": 233.02235412597656,
        "z": -1109.446533203125
    },
    {
        "color": 4294967295,
        "name": "Generic Point 31",
        "x": 2668.69384765625,
        "y": 231.73960876464844,
        "z": -1132.019775390625
    },
    {
        "color": 4294967295,
        "name": "Generic Point 32",
        "x": 2669.444091796875,
        "y": 240.03955078125,
        "z": -1220.366455078125
    },
    {
        "color": 4294967295,
        "name": "Generic Point 33",
        "x": 2595.761474609375,
        "y": 225.20140075683594,
        "z": -1164.213134765625
    },
    {
        "color": 4294967295,
        "name": "Generic Point 34",
        "x": 2545.400390625,
        "y": 205.44955444335938,
        "z": -1202.20947265625
    },
    {
        "color": 4294967295,
        "name": "Generic Point 35",
        "x": 2569.04296875,
        "y": 211.42384338378906,
        "z": -1248.607666015625
    },
    {
        "color": 4294967295,
        "name": "Generic Point 36",
        "x": 2530.71533203125,
        "y": 210.6695098876953,
        "z": -1270.9951171875
    },
    {
        "color": 4294967295,
        "name": "Generic Point 37",
        "x": 2531.24609375,
        "y": 206.6757049560547,
        "z": -1159.37548828125
    },
    {
        "color": 4294967295,
        "name": "Generic Point 38",
        "x": 2532.1083984375,
        "y": 205.2664337158203,
        "z": -1130.2613525390625
    },
    {
        "color": 4294967295,
        "name": "Generic Point 39",
        "x": 2494.269287109375,
        "y": 202.6622314453125,
        "z": -1095.1337890625
    },
    {
        "color": 4294967295,
        "name": "Generic Point 4",
        "x": 2859.99755859375,
        "y": 253.66958618164062,
        "z": -1747.22021484375
    },
    {
        "color": 4294967295,
        "name": "Generic Point 40",
        "x": 2468.68310546875,
        "y": 206.29005432128906,
        "z": -1235.083984375
    },
    {
        "color": 4294967295,
        "name": "Generic Point 41",
        "x": 2412.457763671875,
        "y": 208.52706909179688,
        "z": -1289.4410400390625
    },
    {
        "color": 4294967295,
        "name": "Generic Point 42",
        "x": 2451.783447265625,
        "y": 219.690185546875,
        "z": -1396.1395263671875
    },
    {
        "color": 4294967295,
        "name": "Generic Point 43",
        "x": 2469.75634765625,
        "y": 244.83096313476562,
        "z": -1414.713623046875
    },
    {
        "color": 4294967295,
        "name": "Generic Point 44",
        "x": 2509.13671875,
        "y": 224.55508422851562,
        "z": -1439.5504150390625
    },
    {
        "color": 4294967295,
        "name": "Generic Point 45",
        "x": 2566.55322265625,
        "y": 214.34156799316406,
        "z": -1405.04345703125
    },
    {
        "color": 4294967295,
        "name": "Generic Point 46",
        "x": 2621.823486328125,
        "y": 224.13487243652344,
        "z": -1356.03173828125
    },
    {
        "color": 4294967295,
        "name": "Generic Point 47",
        "x": 2386.3720703125,
        "y": 212.09454345703125,
        "z": -1193.74755859375
    },
    {
        "color": 4294967295,
        "name": "Generic Point 48",
        "x": 2315.78662109375,
        "y": 230.88917541503906,
        "z": -1221.095458984375
    },
    {
        "color": 4294967295,
        "name": "Generic Point 49",
        "x": 2393.478271484375,
        "y": 250.4404296875,
        "z": -1278.926513671875
    },
    {
        "color": 4294967295,
        "name": "Generic Point 5",
        "x": 2945.526611328125,
        "y": 221.98216247558594,
        "z": -1748.5654296875
    },
    {
        "color": 4294967295,
        "name": "Generic Point 50",
        "x": 2321.18505859375,
        "y": 211.3748016357422,
        "z": -1121.6162109375
    },
    {
        "color": 4294967295,
        "name": "Generic Point 51",
        "x": 2315.716796875,
        "y": 217.06475830078125,
        "z": -1097.7822265625
    },
    {
        "color": 4294967295,
        "name": "Generic Point 52",
        "x": 2377.555908203125,
        "y": 219.7722625732422,
        "z": -1092.27734375
    },
    {
        "color": 4294967295,
        "name": "Generic Point 53",
        "x": 2264.025146484375,
        "y": 204.54531860351562,
        "z": -1099.711669921875
    },
    {
        "color": 4294967295,
        "name": "Generic Point 54",
        "x": 2134.654052734375,
        "y": 216.97816467285156,
        "z": -1261.5123291015625
    },
    {
        "color": 4294967295,
        "name": "Generic Point 55",
        "x": 2097.845703125,
        "y": 213.51612854003906,
        "z": -1313.0260009765625
    },
    {
        "color": 4294967295,
        "name": "Generic Point 56",
        "x": 2103.83154296875,
        "y": 214.3883514404297,
        "z": -1361.660400390625
    },
    {
        "color": 4294967295,
        "name": "Generic Point 57",
        "x": 2073.705322265625,
        "y": 225.6763458251953,
        "z": -1416.499755859375
    },
    {
        "color": 4294967295,
        "name": "Generic Point 58",
        "x": 1997.249267578125,
        "y": 220.5672607421875,
        "z": -1483.8199462890625
    },
    {
        "color": 4294967295,
        "name": "Generic Point 59",
        "x": 1963.96923828125,
        "y": 222.1184844970703,
        "z": -1493.7467041015625
    },
    {
        "color": 4294967295,
        "name": "Generic Point 6",
        "x": 2816.304443359375,
        "y": 261.6792907714844,
        "z": -1676.4451904296875
    },
    {
        "color": 4294967295,
        "name": "Generic Point 60",
        "x": 1975.584716796875,
        "y": 237.0395965576172,
        "z": -1534.7996826171875
    },
    {
        "color": 4294967295,
        "name": "Generic Point 61",
        "x": 1969.6689453125,
        "y": 220.86720275878906,
        "z": -1577.47607421875
    },
    {
        "color": 4294967295,
        "name": "Generic Point 62",
        "x": 2026.1766357421875,
        "y": 229.0319061279297,
        "z": -1580.1507568359375
    },
    {
        "color": 4294967295,
        "name": "Generic Point 63",
        "x": 2069.6748046875,
        "y": 224.64768981933594,
        "z": -1591.9876708984375
    },
    {
        "color": 4294967295,
        "name": "Generic Point 64",
        "x": 2123.558349609375,
        "y": 233.16343688964844,
        "z": -1564.6495361328125
    },
    {
        "color": 4294967295,
        "name": "Generic Point 65",
        "x": 2148.75,
        "y": 234.57598876953125,
        "z": -1578.94580078125
    },
    {
        "color": 4294967295,
        "name": "Generic Point 66",
        "x": 2166.338623046875,
        "y": 239.4972686767578,
        "z": -1533.9237060546875
    },
    {
        "color": 4294967295,
        "name": "Generic Point 67",
        "x": 2225.253662109375,
        "y": 218.1016082763672,
        "z": -1524.795166015625
    },
    {
        "color": 4294967295,
        "name": "Generic Point 68",
        "x": 2239.7841796875,
        "y": 229.95733642578125,
        "z": -1466.65673828125
    },
    {
        "color": 4294967295,
        "name": "Generic Point 69",
        "x": 2259.623046875,
        "y": 240.4801788330078,
        "z": -1329.71337890625
    },
    {
        "color": 4294967295,
        "name": "Generic Point 7",
        "x": 2839.489990234375,
        "y": 257.2113037109375,
        "z": -1666.0743408203125
    },
    {
        "color": 4294967295,
        "name": "Generic Point 70",
        "x": 2453.80419921875,
        "y": 271.54388427734375,
        "z": -1527.11572265625
    },
    {
        "color": 4294967295,
        "name": "Generic Point 71",
        "x": 2372.7333984375,
        "y": 273.1495666503906,
        "z": -1516.850341796875
    },
    {
        "color": 4294967295,
        "name": "Generic Point 72",
        "x": 2540.548583984375,
        "y": 249.73699951171875,
        "z": -1549.9478759765625
    },
    {
        "color": 4294967295,
        "name": "Generic Point 73",
        "x": 2565.369384765625,
        "y": 235.70018005371094,
        "z": -1524.1380615234375
    },
    {
        "color": 4294967295,
        "name": "Generic Point 74",
        "x": 2371.60791015625,
        "y": 297.72186279296875,
        "z": -1666.3203125
    },
    {
        "color": 4294967295,
        "name": "Generic Point 75",
        "x": 2329.8037109375,
        "y": 277.8020324707031,
        "z": -1667.967041015625
    },
    {
        "color": 4294967295,
        "name": "Generic Point 76",
        "x": 2281.59814453125,
        "y": 274.3768005371094,
        "z": -1690.2578125
    },
    {
        "color": 4294967295,
        "name": "Generic Point 77",
        "x": 2290.2119140625,
        "y": 285.0419006347656,
        "z": -1744.0306396484375
    },
    {
        "color": 4294967295,
        "name": "Generic Point 78",
        "x": 2380.80322265625,
        "y": 283.5273132324219,
        "z": -1795.930419921875
    },
    {
        "color": 4294967295,
        "name": "Generic Point 79",
        "x": 2491.451904296875,
        "y": 300.4154357910156,
        "z": -1807.498046875
    },
    {
        "color": 4294967295,
        "name": "Generic Point 8",
        "x": 2913.010009765625,
        "y": 253.6254425048828,
        "z": -1621.2646484375
    },
    {
        "color": 4294967295,
        "name": "Generic Point 80",
        "x": 2159.776611328125,
        "y": 256.275634765625,
        "z": -1720.0787353515625
    },
    {
        "color": 4294967295,
        "name": "Generic Point 81",
        "x": 2645.266845703125,
        "y": 203.0205078125,
        "z": -2367.038818359375
    },
    {
        "color": 4294967295,
        "name": "Generic Point 82",
        "x": 2082.64306640625,
        "y": 212.87173461914062,
        "z": -1079.949462890625
    },
    {
        "color": 4294967295,
        "name": "Generic Point 83",
        "x": 2221.2744140625,
        "y": 227.8792266845703,
        "z": -941.418212890625
    },
    {
        "color": 4294967295,
        "name": "Generic Point 84",
        "x": 2199.921142578125,
        "y": 210.9455108642578,
        "z": -919.107421875
    },
    {
        "color": 4294967295,
        "name": "Generic Point 85",
        "x": 2186.142822265625,
        "y": 210.1453094482422,
        "z": -873.7939453125
    },
    {
        "color": 4294967295,
        "name": "Generic Point 86",
        "x": 2264.2939453125,
        "y": 239.91439819335938,
        "z": -833.0977783203125
    },
    {
        "color": 4294967295,
        "name": "Generic Point 87",
        "x": 2287.41064453125,
        "y": 236.9494171142578,
        "z": -877.5479736328125
    },
    {
        "color": 4294967295,
        "name": "Generic Point 88",
        "x": 2321.232421875,
        "y": 241.0282440185547,
        "z": -870.4185791015625
    },
    {
        "color": 4294967295,
        "name": "Generic Point 89",
        "x": 2346.815185546875,
        "y": 238.9552764892578,
        "z": -856.3862915039062
    },
    {
        "color": 4294967295,
        "name": "Generic Point 9",
        "x": 2964.1591796875,
        "y": 242.54351806640625,
        "z": -1630.3055419921875
    },
    {
        "color": 4294967295,
        "name": "Generic Point 90",
        "x": 2380.249755859375,
        "y": 241.07025146484375,
        "z": -822.7094116210938
    },
    {
        "color": 4294967295,
        "name": "Generic Point 91",
        "x": 2384.66162109375,
        "y": 226.2013397216797,
        "z": -754.8128051757812
    },
    {
        "color": 4294967295,
        "name": "Generic Point 92",
        "x": 2261.452880859375,
        "y": 236.00209045410156,
        "z": -722.343994140625
    },
    {
        "color": 4294967295,
        "name": "Generic Point 93",
        "x": 2229.957763671875,
        "y": 236.1202850341797,
        "z": -752.8025512695312
    },
    {
        "color": 4294967295,
        "name": "Generic Point 94",
        "x": 2237.82421875,
        "y": 258.25732421875,
        "z": -775.1123657226562
    },
    {
        "color": 4294967295,
        "name": "Generic Point 95",
        "x": 2208.214599609375,
        "y": 256.6365966796875,
        "z": -768.8011474609375
    },
    {
        "color": 4294967295,
        "name": "Generic Point 96",
        "x": 2164.925048828125,
        "y": 225.48544311523438,
        "z": -825.406005859375
    },
    {
        "color": 4294967295,
        "name": "Generic Point 97",
        "x": 2146.808837890625,
        "y": 233.61912536621094,
        "z": -862.251708984375
    },
    {
        "color": 4294967295,
        "name": "Generic Point 98",
        "x": 2290.260009765625,
        "y": 225.88551330566406,
        "z": -951.4150390625
    },
    {
        "color": 4294967295,
        "name": "Generic Point 99",
        "x": 2320.2001953125,
        "y": 214.11082458496094,
        "z": -923.7939453125
    }
]