[
    {
        "color": 4294967295,
        "name": "Generic Point 0",
        "x": 2879.76806640625,
        "y": 282.55633544921875,
        "z": -1547.6510009765625
    },
    {
        "color": 4294967295,
        "name": "Generic Point 1",
        "x": 2336.880615234375,
        "y": 307.6265563964844,
        "z": -121.25776672363281
    },
    {
        "color": 4294967295,
        "name": "Generic Point 2",
        "x": 1727.9091796875,
        "y": 265.6336669921875,
        "z": -1232.2491455078125
    },
    {
        "color": 4294967295,
        "name": "Generic Point 3",
        "x": 1662.578369140625,
        "y": 236.68780517578125,
        "z": -1172.3314208984375
    },
    {
        "color": 4294967295,
        "name": "Generic Point 4",
        "x": 1618.9263916015625,
        "y": 289.6239929199219,
        "z": -1247.197998046875
    },
    {
        "color": 4294967295,
        "name": "Generic Point 5",
        "x": 1469.589599609375,
        "y": 280.6462097167969,
        "z": -1379.9871826171875
    },
    {
        "color": 4294967295,
        "name": "Generic Point 6",
        "x": 1430.5125732421875,
        "y": 269.92999267578125,
        "z": -1694.5992431640625
    },
    {
        "color": 4294967295,
        "name": "Generic Point 7",
        "x": 1442.51904296875,
        "y": 288.73028564453125,
        "z": -1862.583740234375
    },
    {
        "color": 4294967295,
        "name": "Generic Point 8",
        "x": 1603.795166015625,
        "y": 351.32977294921875,
        "z": -2100.443603515625
    }
]