[
    {
        "color": 4294967295,
        "name": "Generic Point 0",
        "x": -130.34007263183594,
        "y": 286.7633056640625,
        "z": 1414.738037109375
    },
    {
        "color": 4294967295,
        "name": "Generic Point 1",
        "x": -542.3703002929688,
        "y": 310.2043151855469,
        "z": 2017.940185546875
    },
    {
        "color": 4294967295,
        "name": "Generic Point 10",
        "x": -941.9692993164062,
        "y": 218.41702270507812,
        "z": 1920.1011962890625
    },
    {
        "color": 4294967295,
        "name": "Generic Point 100",
        "x": -557.73046875,
        "y": 128.65472412109375,
        "z": 1793.550048828125
    },
    {
        "color": 4294967295,
        "name": "Generic Point 101",
        "x": -519.07177734375,
        "y": 127.0350570678711,
        "z": 1845.06787109375
    },
    {
        "color": 4294967295,
        "name": "Generic Point 102",
        "x": -524.9677124023438,
        "y": 146.67897033691406,
        "z": 1866.8131103515625
    },
    {
        "color": 4294967295,
        "name": "Generic Point 103",
        "x": -537.4833984375,
        "y": 147.52670288085938,
        "z": 1904.6439208984375
    },
    {
        "color": 4294967295,
        "name": "Generic Point 104",
        "x": -548.7244262695312,
        "y": 153.95556640625,
        "z": 1920.022216796875
    },
    {
        "color": 4294967295,
        "name": "Generic Point 105",
        "x": -519.2435302734375,
        "y": 125.95442199707031,
        "z": 1833.89990234375
    },
    {
        "color": 4294967295,
        "name": "Generic Point 106",
        "x": -526.7716674804688,
        "y": 146.5274200439453,
        "z": 1885.041748046875
    },
    {
        "color": 4294967295,
        "name": "Generic Point 107",
        "x": -558.5614013671875,
        "y": 153.31761169433594,
        "z": 1929.472412109375
    },
    {
        "color": 4294967295,
        "name": "Generic Point 108",
        "x": -626.6553344726562,
        "y": 186.06446838378906,
        "z": 2003.1201171875
    },
    {
        "color": 4294967295,
        "name": "Generic Point 109",
        "x": -614.1839599609375,
        "y": 179.4446258544922,
        "z": 1955.0924072265625
    },
    {
        "color": 4294967295,
        "name": "Generic Point 11",
        "x": -158.6166229248047,
        "y": 279.17962646484375,
        "z": 1425.2669677734375
    },
    {
        "color": 4294967295,
        "name": "Generic Point 110",
        "x": -579.3204345703125,
        "y": 182.73692321777344,
        "z": 1952.406494140625
    },
    {
        "color": 4294967295,
        "name": "Generic Point 111",
        "x": -622.9061889648438,
        "y": 190.87680053710938,
        "z": 1909.048095703125
    },
    {
        "color": 4294967295,
        "name": "Generic Point 112",
        "x": -655.9923095703125,
        "y": 150.23968505859375,
        "z": 1889.7666015625
    },
    {
        "color": 4294967295,
        "name": "Generic Point 113",
        "x": -410.67584228515625,
        "y": 246.88021850585938,
        "z": 1893.709716796875
    },
    {
        "color": 4294967295,
        "name": "Generic Point 114",
        "x": -597.4911499023438,
        "y": 236.8388214111328,
        "z": 1989.8402099609375
    },
    {
        "color": 4294967295,
        "name": "Generic Point 115",
        "x": -554.309814453125,
        "y": 224.68508911132812,
        "z": 1946.5008544921875
    },
    {
        "color": 4294967295,
        "name": "Generic Point 116",
        "x": -537.0938110351562,
        "y": 180.2874755859375,
        "z": 1879.5391845703125
    },
    {
        "color": 4294967295,
        "name": "Generic Point 117",
        "x": -470.9448547363281,
        "y": 140.0091552734375,
        "z": 1884.3773193359375
    },
    {
        "color": 4294967295,
        "name": "Generic Point 118",
        "x": -775.1395874023438,
        "y": 242.7036590576172,
        "z": 2031.2235107421875
    },
    {
        "color": 4294967295,
        "name": "Generic Point 119",
        "x": -508.6016845703125,
        "y": 263.1965637207031,
        "z": 1974.2547607421875
    },
    {
        "color": 4294967295,
        "name": "Generic Point 12",
        "x": -961.01220703125,
        "y": 237.13796997070312,
        "z": 1958.5587158203125
    },
    {
        "color": 4294967295,
        "name": "Generic Point 120",
        "x": 973.8289794921875,
        "y": 1079.04052734375,
        "z": 847.6260375976562
    },
    {
        "color": 4294967295,
        "name": "Generic Point 121",
        "x": 1097.1419677734375,
        "y": 963.7991333007812,
        "z": 667.3677978515625
    },
    {
        "color": 4294967295,
        "name": "Generic Point 122",
        "x": 827.1303100585938,
        "y": 969.18994140625,
        "z": 752.41845703125
    },
    {
        "color": 4294967295,
        "name": "Generic Point 123",
        "x": 656.1250610351562,
        "y": 381.5048522949219,
        "z": 733.3212280273438
    },
    {
        "color": 4294967295,
        "name": "Generic Point 124",
        "x": 601.49267578125,
        "y": 383.8463134765625,
        "z": 751.6177368164062
    },
    {
        "color": 4294967295,
        "name": "Generic Point 125",
        "x": 614.7532348632812,
        "y": 377.6830139160156,
        "z": 745.0039672851562
    },
    {
        "color": 4294967295,
        "name": "Generic Point 126",
        "x": 461.5056457519531,
        "y": 180.92967224121094,
        "z": 746.8936157226562
    },
    {
        "color": 4294967295,
        "name": "Generic Point 127",
        "x": 123.67135620117188,
        "y": 143.8209686279297,
        "z": 612.4345092773438
    },
    {
        "color": 4294967295,
        "name": "Generic Point 128",
        "x": 105.35962677001953,
        "y": 145.10159301757812,
        "z": 667.5771484375
    },
    {
        "color": 4294967295,
        "name": "Generic Point 129",
        "x": 80.88446044921875,
        "y": 314.2008361816406,
        "z": 360.1080017089844
    },
    {
        "color": 4294967295,
        "name": "Generic Point 13",
        "x": -974.5712890625,
        "y": 233.3388214111328,
        "z": 1886.8626708984375
    },
    {
        "color": 4294967295,
        "name": "Generic Point 130",
        "x": 137.5298309326172,
        "y": 240.4095458984375,
        "z": 402.3375549316406
    },
    {
        "color": 4294967295,
        "name": "Generic Point 131",
        "x": 159.65960693359375,
        "y": 268.56878662109375,
        "z": 506.01904296875
    },
    {
        "color": 4294967295,
        "name": "Generic Point 132",
        "x": 1102.64697265625,
        "y": 714.6060791015625,
        "z": 448.7596740722656
    },
    {
        "color": 4294967295,
        "name": "Generic Point 133",
        "x": 186.32960510253906,
        "y": 231.5375518798828,
        "z": 394.69488525390625
    },
    {
        "color": 4294967295,
        "name": "Generic Point 134",
        "x": 176.8701171875,
        "y": 320.1393737792969,
        "z": 307.1700439453125
    },
    {
        "color": 4294967295,
        "name": "Generic Point 135",
        "x": 230.23182678222656,
        "y": 230.9133758544922,
        "z": 351.89776611328125
    },
    {
        "color": 4294967295,
        "name": "Generic Point 136",
        "x": 255.1790771484375,
        "y": 305.3354187011719,
        "z": 391.88983154296875
    },
    {
        "color": 4294967295,
        "name": "Generic Point 137",
        "x": 287.0021667480469,
        "y": 446.1046447753906,
        "z": 599.6412963867188
    },
    {
        "color": 4294967295,
        "name": "Generic Point 138",
        "x": 335.0787353515625,
        "y": 402.06756591796875,
        "z": 565.38427734375
    },
    {
        "color": 4294967295,
        "name": "Generic Point 139",
        "x": 342.1003723144531,
        "y": 411.53192138671875,
        "z": 490.6188659667969
    },
    {
        "color": 4294967295,
        "name": "Generic Point 14",
        "x": -1007.7518310546875,
        "y": 244.1114044189453,
        "z": 1756.308349609375
    },
    {
        "color": 4294967295,
        "name": "Generic Point 140",
        "x": 455.3075256347656,
        "y": 391.901611328125,
        "z": 465.3029479980469
    },
    {
        "color": 4294967295,
        "name": "Generic Point 141",
        "x": 519.6060180664062,
        "y": 386.28765869140625,
        "z": 530.7713012695312
    },
    {
        "color": 4294967295,
        "name": "Generic Point 142",
        "x": 578.5346069335938,
        "y": 392.8647766113281,
        "z": 576.2610473632812
    },
    {
        "color": 4294967295,
        "name": "Generic Point 143",
        "x": 58.88982009887695,
        "y": 313.4694519042969,
        "z": 405.83929443359375
    },
    {
        "color": 4294967295,
        "name": "Generic Point 144",
        "x": 456.75897216796875,
        "y": 425.2198181152344,
        "z": 524.2691040039062
    },
    {
        "color": 4294967295,
        "name": "Generic Point 145",
        "x": 448.1166076660156,
        "y": 410.101806640625,
        "z": 607.9059448242188
    },
    {
        "color": 4294967295,
        "name": "Generic Point 146",
        "x": 530.6566162109375,
        "y": 414.84417724609375,
        "z": 463.70361328125
    },
    {
        "color": 4294967295,
        "name": "Generic Point 147",
        "x": 464.00421142578125,
        "y": 408.1673278808594,
        "z": 423.56207275390625
    },
    {
        "color": 4294967295,
        "name": "Generic Point 148",
        "x": 471.8538513183594,
        "y": 388.438232421875,
        "z": 574.5524291992188
    },
    {
        "color": 4294967295,
        "name": "Generic Point 149",
        "x": 744.8275756835938,
        "y": 884.2359008789062,
        "z": 925.7103271484375
    },
    {
        "color": 4294967295,
        "name": "Generic Point 15",
        "x": -964.3546142578125,
        "y": 236.83277893066406,
        "z": 1761.639404296875
    },
    {
        "color": 4294967295,
        "name": "Generic Point 150",
        "x": 413.9831848144531,
        "y": 410.8437805175781,
        "z": 588.5344848632812
    },
    {
        "color": 4294967295,
        "name": "Generic Point 151",
        "x": 361.472900390625,
        "y": 474.1915588378906,
        "z": 517.0270385742188
    },
    {
        "color": 4294967295,
        "name": "Generic Point 152",
        "x": 85.27310943603516,
        "y": 312.8560791015625,
        "z": 391.2649230957031
    },
    {
        "color": 4294967295,
        "name": "Generic Point 153",
        "x": 62.583805084228516,
        "y": 319.69378662109375,
        "z": 345.2633361816406
    },
    {
        "color": 4294967295,
        "name": "Generic Point 154",
        "x": 134.88116455078125,
        "y": 307.3994445800781,
        "z": 314.908203125
    },
    {
        "color": 4294967295,
        "name": "Generic Point 155",
        "x": 215.6597442626953,
        "y": 303.0421142578125,
        "z": 433.9018249511719
    },
    {
        "color": 4294967295,
        "name": "Generic Point 156",
        "x": 699.8327026367188,
        "y": 398.1514587402344,
        "z": 738.5275268554688
    },
    {
        "color": 4294967295,
        "name": "Generic Point 157",
        "x": 692.1390380859375,
        "y": 390.26861572265625,
        "z": 756.1549072265625
    },
    {
        "color": 4294967295,
        "name": "Generic Point 158",
        "x": 361.15911865234375,
        "y": 98.2138442993164,
        "z": 1356.3927001953125
    },
    {
        "color": 4294967295,
        "name": "Generic Point 159",
        "x": 961.8778076171875,
        "y": 1081.40673828125,
        "z": 836.998046875
    },
    {
        "color": 4294967295,
        "name": "Generic Point 16",
        "x": -1026.7352294921875,
        "y": 279.7694396972656,
        "z": 1692.7803955078125
    },
    {
        "color": 4294967295,
        "name": "Generic Point 160",
        "x": 440.2002258300781,
        "y": 44.88438034057617,
        "z": 1290.5186767578125
    },
    {
        "color": 4294967295,
        "name": "Generic Point 161",
        "x": 377.5135192871094,
        "y": 165.78916931152344,
        "z": 1091.80517578125
    },
    {
        "color": 4294967295,
        "name": "Generic Point 162",
        "x": 341.7615051269531,
        "y": 178.16104125976562,
        "z": 838.8934326171875
    },
    {
        "color": 4294967295,
        "name": "Generic Point 163",
        "x": 294.0570068359375,
        "y": 173.96429443359375,
        "z": 814.9080200195312
    },
    {
        "color": 4294967295,
        "name": "Generic Point 164",
        "x": 333.80865478515625,
        "y": 160.65553283691406,
        "z": 737.2373046875
    },
    {
        "color": 4294967295,
        "name": "Generic Point 165",
        "x": 285.4441223144531,
        "y": 159.1372528076172,
        "z": 759.27001953125
    },
    {
        "color": 4294967295,
        "name": "Generic Point 166",
        "x": 185.27146911621094,
        "y": 147.98001098632812,
        "z": 764.1060791015625
    },
    {
        "color": 4294967295,
        "name": "Generic Point 167",
        "x": 139.9283905029297,
        "y": 173.67861938476562,
        "z": 713.1223754882812
    },
    {
        "color": 4294967295,
        "name": "Generic Point 168",
        "x": 387.6311340332031,
        "y": 389.63909912109375,
        "z": 659.354248046875
    },
    {
        "color": 4294967295,
        "name": "Generic Point 169",
        "x": 457.7215270996094,
        "y": 296.6045837402344,
        "z": 691.171630859375
    },
    {
        "color": 4294967295,
        "name": "Generic Point 17",
        "x": -1006.9640502929688,
        "y": 301.4906921386719,
        "z": 1625.7293701171875
    },
    {
        "color": 4294967295,
        "name": "Generic Point 170",
        "x": 920.006591796875,
        "y": 1024.45654296875,
        "z": 853.3673095703125
    },
    {
        "color": 4294967295,
        "name": "Generic Point 171",
        "x": 511.1064147949219,
        "y": 378.9064636230469,
        "z": 694.1668701171875
    },
    {
        "color": 4294967295,
        "name": "Generic Point 172",
        "x": 623.0552368164062,
        "y": 402.24029541015625,
        "z": 654.5514526367188
    },
    {
        "color": 4294967295,
        "name": "Generic Point 173",
        "x": 696.0746459960938,
        "y": 387.7368469238281,
        "z": 664.14453125
    },
    {
        "color": 4294967295,
        "name": "Generic Point 174",
        "x": 766.3556518554688,
        "y": 609.9110107421875,
        "z": 709.9959716796875
    },
    {
        "color": 4294967295,
        "name": "Generic Point 175",
        "x": 948.4007568359375,
        "y": 846.5639038085938,
        "z": 546.5580444335938
    },
    {
        "color": 4294967295,
        "name": "Generic Point 176",
        "x": 1060.1160888671875,
        "y": 846.3687133789062,
        "z": 553.5949096679688
    },
    {
        "color": 4294967295,
        "name": "Generic Point 177",
        "x": 1023.8112182617188,
        "y": 844.1572875976562,
        "z": 499.87286376953125
    },
    {
        "color": 4294967295,
        "name": "Generic Point 178",
        "x": 998.4650268554688,
        "y": 915.79541015625,
        "z": 520.0440063476562
    },
    {
        "color": 4294967295,
        "name": "Generic Point 179",
        "x": 996.6281127929688,
        "y": 920.1321411132812,
        "z": 520.503662109375
    },
    {
        "color": 4294967295,
        "name": "Generic Point 18",
        "x": -976.4200439453125,
        "y": 250.0869140625,
        "z": 1684.6112060546875
    },
    {
        "color": 4294967295,
        "name": "Generic Point 180",
        "x": 1013.2039184570312,
        "y": 988.982177734375,
        "z": 687.7738647460938
    },
    {
        "color": 4294967295,
        "name": "Generic Point 181",
        "x": 993.6849365234375,
        "y": 1015.5888061523438,
        "z": 869.5950317382812
    },
    {
        "color": 4294967295,
        "name": "Generic Point 182",
        "x": 1024.7442626953125,
        "y": 933.0773315429688,
        "z": 672.1237182617188
    },
    {
        "color": 4294967295,
        "name": "Generic Point 183",
        "x": 1049.0584716796875,
        "y": 933.1884765625,
        "z": 686.0238647460938
    },
    {
        "color": 4294967295,
        "name": "Generic Point 184",
        "x": 1005.0138549804688,
        "y": 910.7955322265625,
        "z": 644.4046020507812
    },
    {
        "color": 4294967295,
        "name": "Generic Point 185",
        "x": 986.120361328125,
        "y": 946.8532104492188,
        "z": 540.2034912109375
    },
    {
        "color": 4294967295,
        "name": "Generic Point 186",
        "x": 987.4882202148438,
        "y": 913.0078735351562,
        "z": 545.7156982421875
    },
    {
        "color": 4294967295,
        "name": "Generic Point 187",
        "x": 1075.1461181640625,
        "y": 919.20068359375,
        "z": 523.089111328125
    },
    {
        "color": 4294967295,
        "name": "Generic Point 188",
        "x": 1009.8823852539062,
        "y": 794.512451171875,
        "z": 385.1289367675781
    },
    {
        "color": 4294967295,
        "name": "Generic Point 189",
        "x": 1003.5283813476562,
        "y": 901.4616088867188,
        "z": 769.1992797851562
    },
    {
        "color": 4294967295,
        "name": "Generic Point 19",
        "x": -959.4810791015625,
        "y": 250.67356872558594,
        "z": 1616.030517578125
    },
    {
        "color": 4294967295,
        "name": "Generic Point 190",
        "x": 922.8646240234375,
        "y": 1018.0015258789062,
        "z": 985.1180419921875
    },
    {
        "color": 4294967295,
        "name": "Generic Point 191",
        "x": 926.9505004882812,
        "y": 1095.1029052734375,
        "z": 958.6189575195312
    },
    {
        "color": 4294967295,
        "name": "Generic Point 192",
        "x": 954.0496826171875,
        "y": 1027.8460693359375,
        "z": 943.898193359375
    },
    {
        "color": 4294967295,
        "name": "Generic Point 193",
        "x": 838.4801025390625,
        "y": 935.78271484375,
        "z": 942.300537109375
    },
    {
        "color": 4294967295,
        "name": "Generic Point 194",
        "x": 687.1458740234375,
        "y": 937.506103515625,
        "z": 1085.5074462890625
    },
    {
        "color": 4294967295,
        "name": "Generic Point 195",
        "x": 659.9161987304688,
        "y": 941.3456420898438,
        "z": 1031.3712158203125
    },
    {
        "color": 4294967295,
        "name": "Generic Point 196",
        "x": 919.3353271484375,
        "y": 993.5670166015625,
        "z": 641.1492919921875
    },
    {
        "color": 4294967295,
        "name": "Generic Point 197",
        "x": 947.1206665039062,
        "y": 902.7152099609375,
        "z": 656.9451904296875
    },
    {
        "color": 4294967295,
        "name": "Generic Point 198",
        "x": 917.3548583984375,
        "y": 904.8053588867188,
        "z": 552.539794921875
    },
    {
        "color": 4294967295,
        "name": "Generic Point 199",
        "x": 1066.1038818359375,
        "y": 854.1454467773438,
        "z": 573.2578125
    },
    {
        "color": 4294967295,
        "name": "Generic Point 2",
        "x": -593.5452880859375,
        "y": 340.1832275390625,
        "z": 2054.52392578125
    },
    {
        "color": 4294967295,
        "name": "Generic Point 20",
        "x": -940.11572265625,
        "y": 208.40591430664062,
        "z": 1676.6336669921875
    },
    {
        "color": 4294967295,
        "name": "Generic Point 200",
        "x": 967.8071899414062,
        "y": 861.7306518554688,
        "z": 668.4654541015625
    },
    {
        "color": 4294967295,
        "name": "Generic Point 201",
        "x": 1117.3460693359375,
        "y": 961.7296142578125,
        "z": 523.761962890625
    },
    {
        "color": 4294967295,
        "name": "Generic Point 202",
        "x": 1155.2557373046875,
        "y": 963.1633911132812,
        "z": 554.6738891601562
    },
    {
        "color": 4294967295,
        "name": "Generic Point 203",
        "x": 985.8810424804688,
        "y": 1022.04296875,
        "z": 924.9217529296875
    },
    {
        "color": 4294967295,
        "name": "Generic Point 204",
        "x": 1168.7821044921875,
        "y": 968.54736328125,
        "z": 517.19091796875
    },
    {
        "color": 4294967295,
        "name": "Generic Point 205",
        "x": 1149.7777099609375,
        "y": 742.8228759765625,
        "z": 413.9975891113281
    },
    {
        "color": 4294967295,
        "name": "Generic Point 206",
        "x": 1131.016845703125,
        "y": 738.953369140625,
        "z": 291.522216796875
    },
    {
        "color": 4294967295,
        "name": "Generic Point 207",
        "x": 1004.0422973632812,
        "y": 749.1754760742188,
        "z": 259.50213623046875
    },
    {
        "color": 4294967295,
        "name": "Generic Point 208",
        "x": 1049.788330078125,
        "y": 746.9962158203125,
        "z": 246.7798614501953
    },
    {
        "color": 4294967295,
        "name": "Generic Point 209",
        "x": 966.7387084960938,
        "y": 733.14111328125,
        "z": 217.48715209960938
    },
    {
        "color": 4294967295,
        "name": "Generic Point 21",
        "x": -946.0606689453125,
        "y": 214.01507568359375,
        "z": 1649.173828125
    },
    {
        "color": 4294967295,
        "name": "Generic Point 210",
        "x": 943.9456787109375,
        "y": 718.81103515625,
        "z": 305.49957275390625
    },
    {
        "color": 4294967295,
        "name": "Generic Point 211",
        "x": 1008.041259765625,
        "y": 739.2582397460938,
        "z": 437.7409362792969
    },
    {
        "color": 4294967295,
        "name": "Generic Point 212",
        "x": 1011.3743896484375,
        "y": 762.5723876953125,
        "z": 460.3833923339844
    },
    {
        "color": 4294967295,
        "name": "Generic Point 213",
        "x": 992.6614990234375,
        "y": 771.6103515625,
        "z": 365.7693786621094
    },
    {
        "color": 4294967295,
        "name": "Generic Point 214",
        "x": 1036.5911865234375,
        "y": 1088.051025390625,
        "z": 940.6675415039062
    },
    {
        "color": 4294967295,
        "name": "Generic Point 215",
        "x": 995.1944580078125,
        "y": 797.0879516601562,
        "z": 340.5290832519531
    },
    {
        "color": 4294967295,
        "name": "Generic Point 216",
        "x": 976.1189575195312,
        "y": 748.4190063476562,
        "z": 325.7068176269531
    },
    {
        "color": 4294967295,
        "name": "Generic Point 217",
        "x": 906.0958862304688,
        "y": 726.0277099609375,
        "z": 339.1450500488281
    },
    {
        "color": 4294967295,
        "name": "Generic Point 218",
        "x": 876.8324584960938,
        "y": 733.5287475585938,
        "z": 309.93927001953125
    },
    {
        "color": 4294967295,
        "name": "Generic Point 219",
        "x": 880.6083374023438,
        "y": 710.929931640625,
        "z": 200.6129913330078
    },
    {
        "color": 4294967295,
        "name": "Generic Point 22",
        "x": -180.31248474121094,
        "y": 289.58428955078125,
        "z": 1501.0987548828125
    },
    {
        "color": 4294967295,
        "name": "Generic Point 220",
        "x": 853.9434814453125,
        "y": 724.1771240234375,
        "z": 153.95533752441406
    },
    {
        "color": 4294967295,
        "name": "Generic Point 221",
        "x": 907.5823974609375,
        "y": 722.6864013671875,
        "z": 156.72354125976562
    },
    {
        "color": 4294967295,
        "name": "Generic Point 222",
        "x": 902.5426025390625,
        "y": 718.064697265625,
        "z": 179.1468048095703
    },
    {
        "color": 4294967295,
        "name": "Generic Point 223",
        "x": 817.3137817382812,
        "y": 709.3626708984375,
        "z": 280.3838806152344
    },
    {
        "color": 4294967295,
        "name": "Generic Point 224",
        "x": 828.0087280273438,
        "y": 722.4974975585938,
        "z": 314.0580139160156
    },
    {
        "color": 4294967295,
        "name": "Generic Point 225",
        "x": 1064.779296875,
        "y": 1017.589599609375,
        "z": 960.1337890625
    },
    {
        "color": 4294967295,
        "name": "Generic Point 226",
        "x": 749.78076171875,
        "y": 768.4637451171875,
        "z": 362.88189697265625
    },
    {
        "color": 4294967295,
        "name": "Generic Point 227",
        "x": 759.2222290039062,
        "y": 760.522216796875,
        "z": 261.3271789550781
    },
    {
        "color": 4294967295,
        "name": "Generic Point 228",
        "x": 728.5064697265625,
        "y": 733.7384033203125,
        "z": 180.10862731933594
    },
    {
        "color": 4294967295,
        "name": "Generic Point 229",
        "x": 713.5449829101562,
        "y": 726.2132568359375,
        "z": 253.708984375
    },
    {
        "color": 4294967295,
        "name": "Generic Point 23",
        "x": -168.70700073242188,
        "y": 293.6032409667969,
        "z": 1518.2069091796875
    },
    {
        "color": 4294967295,
        "name": "Generic Point 230",
        "x": 764.4761352539062,
        "y": 708.1859741210938,
        "z": 216.3396759033203
    },
    {
        "color": 4294967295,
        "name": "Generic Point 231",
        "x": 711.917724609375,
        "y": 775.2835083007812,
        "z": 118.26530456542969
    },
    {
        "color": 4294967295,
        "name": "Generic Point 232",
        "x": 695.962158203125,
        "y": 707.6700439453125,
        "z": 300.1724853515625
    },
    {
        "color": 4294967295,
        "name": "Generic Point 233",
        "x": 699.7258911132812,
        "y": 710.1024169921875,
        "z": 393.1942443847656
    },
    {
        "color": 4294967295,
        "name": "Generic Point 234",
        "x": 700.3046875,
        "y": 761.5244140625,
        "z": 387.92633056640625
    },
    {
        "color": 4294967295,
        "name": "Generic Point 235",
        "x": 694.2351684570312,
        "y": 767.0010986328125,
        "z": 355.24774169921875
    },
    {
        "color": 4294967295,
        "name": "Generic Point 236",
        "x": 1065.5821533203125,
        "y": 1014.2622680664062,
        "z": 835.1868896484375
    },
    {
        "color": 4294967295,
        "name": "Generic Point 237",
        "x": 820.3834228515625,
        "y": 707.60546875,
        "z": 489.1236877441406
    },
    {
        "color": 4294967295,
        "name": "Generic Point 238",
        "x": 866.4885864257812,
        "y": 742.8980102539062,
        "z": 458.3927917480469
    },
    {
        "color": 4294967295,
        "name": "Generic Point 239",
        "x": 927.2904663085938,
        "y": 847.7069702148438,
        "z": 609.7063598632812
    },
    {
        "color": 4294967295,
        "name": "Generic Point 24",
        "x": -181.28009033203125,
        "y": 282.4024658203125,
        "z": 1458.9559326171875
    },
    {
        "color": 4294967295,
        "name": "Generic Point 240",
        "x": 850.2681274414062,
        "y": 800.4003295898438,
        "z": 646.3648071289062
    },
    {
        "color": 4294967295,
        "name": "Generic Point 241",
        "x": 714.1369018554688,
        "y": 792.207763671875,
        "z": 591.30126953125
    },
    {
        "color": 4294967295,
        "name": "Generic Point 242",
        "x": 770.5126953125,
        "y": 800.8675537109375,
        "z": 603.7014770507812
    },
    {
        "color": 4294967295,
        "name": "Generic Point 243",
        "x": 750.793212890625,
        "y": 791.0780029296875,
        "z": 667.9712524414062
    },
    {
        "color": 4294967295,
        "name": "Generic Point 244",
        "x": 815.3480224609375,
        "y": 791.8348388671875,
        "z": 605.66552734375
    },
    {
        "color": 4294967295,
        "name": "Generic Point 245",
        "x": 724.9616088867188,
        "y": 402.8979187011719,
        "z": 570.76513671875
    },
    {
        "color": 4294967295,
        "name": "Generic Point 246",
        "x": 756.4093017578125,
        "y": 407.92431640625,
        "z": 713.7218017578125
    },
    {
        "color": 4294967295,
        "name": "Generic Point 25",
        "x": -820.6760864257812,
        "y": 265.5736999511719,
        "z": 1546.8472900390625
    },
    {
        "color": 4294967295,
        "name": "Generic Point 26",
        "x": -795.9937744140625,
        "y": 269.10577392578125,
        "z": 1541.4691162109375
    },
    {
        "color": 4294967295,
        "name": "Generic Point 27",
        "x": -770.6227416992188,
        "y": 274.82403564453125,
        "z": 1536.635986328125
    },
    {
        "color": 4294967295,
        "name": "Generic Point 28",
        "x": -836.2557373046875,
        "y": 262.15386962890625,
        "z": 1550.0723876953125
    },
    {
        "color": 4294967295,
        "name": "Generic Point 29",
        "x": -699.8917846679688,
        "y": 178.63848876953125,
        "z": 1535.326171875
    },
    {
        "color": 4294967295,
        "name": "Generic Point 3",
        "x": -745.3382568359375,
        "y": 255.96461486816406,
        "z": 2075.584716796875
    },
    {
        "color": 4294967295,
        "name": "Generic Point 30",
        "x": -741.90478515625,
        "y": 130.0555419921875,
        "z": 1621.9681396484375
    },
    {
        "color": 4294967295,
        "name": "Generic Point 31",
        "x": -820.785400390625,
        "y": 154.0774688720703,
        "z": 1635.1614990234375
    },
    {
        "color": 4294967295,
        "name": "Generic Point 32",
        "x": -815.73876953125,
        "y": 127.22654724121094,
        "z": 1665.678466796875
    },
    {
        "color": 4294967295,
        "name": "Generic Point 33",
        "x": -786.9921875,
        "y": 121.05352020263672,
        "z": 1696.0921630859375
    },
    {
        "color": 4294967295,
        "name": "Generic Point 34",
        "x": -787.881591796875,
        "y": 114.07837677001953,
        "z": 1709.9423828125
    },
    {
        "color": 4294967295,
        "name": "Generic Point 35",
        "x": -775.7589111328125,
        "y": 110.87337493896484,
        "z": 1712.9771728515625
    },
    {
        "color": 4294967295,
        "name": "Generic Point 36",
        "x": -738.7688598632812,
        "y": 105.1453628540039,
        "z": 1696.7332763671875
    },
    {
        "color": 4294967295,
        "name": "Generic Point 37",
        "x": -722.8831176757812,
        "y": 105.94402313232422,
        "z": 1700.3673095703125
    },
    {
        "color": 4294967295,
        "name": "Generic Point 38",
        "x": -715.2789916992188,
        "y": 104.66352844238281,
        "z": 1701.36083984375
    },
    {
        "color": 4294967295,
        "name": "Generic Point 39",
        "x": -797.828369140625,
        "y": 114.55093383789062,
        "z": 1717.6243896484375
    },
    {
        "color": 4294967295,
        "name": "Generic Point 4",
        "x": -682.9127197265625,
        "y": 283.35638427734375,
        "z": 2101.168701171875
    },
    {
        "color": 4294967295,
        "name": "Generic Point 40",
        "x": -679.6551513671875,
        "y": 99.69270324707031,
        "z": 1724.654052734375
    },
    {
        "color": 4294967295,
        "name": "Generic Point 41",
        "x": -695.6497802734375,
        "y": 99.59130096435547,
        "z": 1795.69091796875
    },
    {
        "color": 4294967295,
        "name": "Generic Point 42",
        "x": -684.3734741210938,
        "y": 103.30317687988281,
        "z": 1782.5875244140625
    },
    {
        "color": 4294967295,
        "name": "Generic Point 43",
        "x": -677.1177978515625,
        "y": 106.16494750976562,
        "z": 1771.7203369140625
    },
    {
        "color": 4294967295,
        "name": "Generic Point 44",
        "x": -662.8250732421875,
        "y": 109.4538803100586,
        "z": 1786.1473388671875
    },
    {
        "color": 4294967295,
        "name": "Generic Point 45",
        "x": -666.517578125,
        "y": 109.332763671875,
        "z": 1795.948486328125
    },
    {
        "color": 4294967295,
        "name": "Generic Point 46",
        "x": -681.1978759765625,
        "y": 109.13253784179688,
        "z": 1790.5478515625
    },
    {
        "color": 4294967295,
        "name": "Generic Point 47",
        "x": -689.3933715820312,
        "y": 99.93074798583984,
        "z": 1800.737548828125
    },
    {
        "color": 4294967295,
        "name": "Generic Point 48",
        "x": -675.9092407226562,
        "y": 117.88662719726562,
        "z": 1792.9630126953125
    },
    {
        "color": 4294967295,
        "name": "Generic Point 49",
        "x": -202.56930541992188,
        "y": 300.30975341796875,
        "z": 1611.6019287109375
    },
    {
        "color": 4294967295,
        "name": "Generic Point 5",
        "x": -750.1132202148438,
        "y": 168.25755310058594,
        "z": 1974.039794921875
    },
    {
        "color": 4294967295,
        "name": "Generic Point 50",
        "x": -660.508544921875,
        "y": 118.17103576660156,
        "z": 1807.8271484375
    },
    {
        "color": 4294967295,
        "name": "Generic Point 51",
        "x": -698.466796875,
        "y": 102.76171112060547,
        "z": 1913.9324951171875
    },
    {
        "color": 4294967295,
        "name": "Generic Point 52",
        "x": -689.5756225585938,
        "y": 108.61254119873047,
        "z": 1941.9130859375
    },
    {
        "color": 4294967295,
        "name": "Generic Point 53",
        "x": -704.2561645507812,
        "y": 112.82624816894531,
        "z": 1972.03125
    },
    {
        "color": 4294967295,
        "name": "Generic Point 54",
        "x": -701.588623046875,
        "y": 116.98699951171875,
        "z": 1987.4464111328125
    },
    {
        "color": 4294967295,
        "name": "Generic Point 55",
        "x": -714.2114868164062,
        "y": 111.37934112548828,
        "z": 1895.15576171875
    },
    {
        "color": 4294967295,
        "name": "Generic Point 56",
        "x": -688.1942749023438,
        "y": 108.82271575927734,
        "z": 1942.5469970703125
    },
    {
        "color": 4294967295,
        "name": "Generic Point 57",
        "x": -779.8363647460938,
        "y": 138.90643310546875,
        "z": 1986.490234375
    },
    {
        "color": 4294967295,
        "name": "Generic Point 58",
        "x": -825.93896484375,
        "y": 96.99008178710938,
        "z": 1915.06396484375
    },
    {
        "color": 4294967295,
        "name": "Generic Point 59",
        "x": -832.6303100585938,
        "y": 97.04788208007812,
        "z": 1908.551025390625
    },
    {
        "color": 4294967295,
        "name": "Generic Point 6",
        "x": -796.2288818359375,
        "y": 180.7281494140625,
        "z": 1965.6126708984375
    },
    {
        "color": 4294967295,
        "name": "Generic Point 60",
        "x": -842.6488037109375,
        "y": 106.96073150634766,
        "z": 1872.2225341796875
    },
    {
        "color": 4294967295,
        "name": "Generic Point 61",
        "x": -851.9987182617188,
        "y": 112.19269561767578,
        "z": 1863.330810546875
    },
    {
        "color": 4294967295,
        "name": "Generic Point 62",
        "x": -855.7791748046875,
        "y": 115.6728286743164,
        "z": 1855.296630859375
    },
    {
        "color": 4294967295,
        "name": "Generic Point 63",
        "x": -863.4428100585938,
        "y": 126.2752914428711,
        "z": 1838.30126953125
    },
    {
        "color": 4294967295,
        "name": "Generic Point 64",
        "x": -836.4558715820312,
        "y": 97.75877380371094,
        "z": 1906.084716796875
    },
    {
        "color": 4294967295,
        "name": "Generic Point 65",
        "x": -881.350341796875,
        "y": 137.158935546875,
        "z": 1858.351806640625
    },
    {
        "color": 4294967295,
        "name": "Generic Point 66",
        "x": -885.1687622070312,
        "y": 135.56967163085938,
        "z": 1807.4884033203125
    },
    {
        "color": 4294967295,
        "name": "Generic Point 67",
        "x": -862.3824462890625,
        "y": 151.61480712890625,
        "z": 1835.792724609375
    },
    {
        "color": 4294967295,
        "name": "Generic Point 68",
        "x": -415.2960510253906,
        "y": 221.87600708007812,
        "z": 1753.218505859375
    },
    {
        "color": 4294967295,
        "name": "Generic Point 69",
        "x": -849.7909545898438,
        "y": 123.40975952148438,
        "z": 1735.604248046875
    },
    {
        "color": 4294967295,
        "name": "Generic Point 7",
        "x": -846.861572265625,
        "y": 161.42355346679688,
        "z": 1905.82958984375
    },
    {
        "color": 4294967295,
        "name": "Generic Point 70",
        "x": -549.1864624023438,
        "y": 261.77764892578125,
        "z": 1499.727783203125
    },
    {
        "color": 4294967295,
        "name": "Generic Point 71",
        "x": -512.4906005859375,
        "y": 268.3471984863281,
        "z": 1558.6446533203125
    },
    {
        "color": 4294967295,
        "name": "Generic Point 72",
        "x": -414.6816711425781,
        "y": 309.2841796875,
        "z": 1699.879150390625
    },
    {
        "color": 4294967295,
        "name": "Generic Point 73",
        "x": -461.7572021484375,
        "y": 195.48211669921875,
        "z": 1663.554931640625
    },
    {
        "color": 4294967295,
        "name": "Generic Point 74",
        "x": -491.869140625,
        "y": 178.76341247558594,
        "z": 1709.1378173828125
    },
    {
        "color": 4294967295,
        "name": "Generic Point 75",
        "x": -505.2861022949219,
        "y": 186.47975158691406,
        "z": 1657.777099609375
    },
    {
        "color": 4294967295,
        "name": "Generic Point 76",
        "x": -571.29443359375,
        "y": 178.95062255859375,
        "z": 1668.6402587890625
    },
    {
        "color": 4294967295,
        "name": "Generic Point 77",
        "x": -538.4140625,
        "y": 175.94960021972656,
        "z": 1606.459716796875
    },
    {
        "color": 4294967295,
        "name": "Generic Point 78",
        "x": -604.7013549804688,
        "y": 153.73606872558594,
        "z": 1609.8450927734375
    },
    {
        "color": 4294967295,
        "name": "Generic Point 79",
        "x": -391.9214782714844,
        "y": 231.4138946533203,
        "z": 1738.9815673828125
    },
    {
        "color": 4294967295,
        "name": "Generic Point 8",
        "x": -914.4138793945312,
        "y": 202.10443115234375,
        "z": 1873.6337890625
    },
    {
        "color": 4294967295,
        "name": "Generic Point 80",
        "x": -371.5264587402344,
        "y": 241.55543518066406,
        "z": 1751.9822998046875
    },
    {
        "color": 4294967295,
        "name": "Generic Point 81",
        "x": -357.70269775390625,
        "y": 247.91098022460938,
        "z": 1752.98681640625
    },
    {
        "color": 4294967295,
        "name": "Generic Point 82",
        "x": -421.7777099609375,
        "y": 219.4774932861328,
        "z": 1739.296630859375
    },
    {
        "color": 4294967295,
        "name": "Generic Point 83",
        "x": -588.728271484375,
        "y": 147.5373992919922,
        "z": 1657.326171875
    },
    {
        "color": 4294967295,
        "name": "Generic Point 84",
        "x": -581.7286376953125,
        "y": 145.54429626464844,
        "z": 1671.1142578125
    },
    {
        "color": 4294967295,
        "name": "Generic Point 85",
        "x": -581.8631591796875,
        "y": 142.56491088867188,
        "z": 1697.11181640625
    },
    {
        "color": 4294967295,
        "name": "Generic Point 86",
        "x": -570.9705200195312,
        "y": 141.159423828125,
        "z": 1711.2950439453125
    },
    {
        "color": 4294967295,
        "name": "Generic Point 87",
        "x": -565.0169677734375,
        "y": 138.60614013671875,
        "z": 1725.6068115234375
    },
    {
        "color": 4294967295,
        "name": "Generic Point 88",
        "x": -596.2474365234375,
        "y": 148.6267852783203,
        "z": 1632.785888671875
    },
    {
        "color": 4294967295,
        "name": "Generic Point 89",
        "x": -629.8201293945312,
        "y": 140.20066833496094,
        "z": 1680.4688720703125
    },
    {
        "color": 4294967295,
        "name": "Generic Point 9",
        "x": -903.7410888671875,
        "y": 192.37864685058594,
        "z": 1773.22900390625
    },
    {
        "color": 4294967295,
        "name": "Generic Point 90",
        "x": -676.7113037109375,
        "y": 170.2000274658203,
        "z": 1673.83642578125
    },
    {
        "color": 4294967295,
        "name": "Generic Point 91",
        "x": -610.78173828125,
        "y": 159.70944213867188,
        "z": 1749.6978759765625
    },
    {
        "color": 4294967295,
        "name": "Generic Point 92",
        "x": -581.766845703125,
        "y": 167.1492462158203,
        "z": 1751.0067138671875
    },
    {
        "color": 4294967295,
        "name": "Generic Point 93",
        "x": -632.7239990234375,
        "y": 152.7958984375,
        "z": 1729.300537109375
    },
    {
        "color": 4294967295,
        "name": "Generic Point 94",
        "x": -563.2053833007812,
        "y": 174.18319702148438,
        "z": 1807.743896484375
    },
    {
        "color": 4294967295,
        "name": "Generic Point 95",
        "x": -503.72772216796875,
        "y": 138.76011657714844,
        "z": 1783.802490234375
    },
    {
        "color": 4294967295,
        "name": "Generic Point 96",
        "x": -514.3074951171875,
        "y": 138.63153076171875,
        "z": 1778.7288818359375
    },
    {
        "color": 4294967295,
        "name": "Generic Point 97",
        "x": -540.8124389648438,
        "y": 125.59066772460938,
        "z": 1778.1033935546875
    },
    {
        "color": 4294967295,
        "name": "Generic Point 98",
        "x": -500.931396484375,
        "y": 268.21014404296875,
        "z": 1876.5982666015625
    },
    {
        "color": 4294967295,
        "name": "Generic Point 99",
        "x": -555.2011108398438,
        "y": 128.5437469482422,
        "z": 1778.899658203125
    }
]