[
    {
        "color": 4294967295,
        "name": "Generic Point 0",
        "x": 2513.30712890625,
        "y": 443.6035461425781,
        "z": 4701.00634765625
    },
    {
        "color": 4294967295,
        "name": "Generic Point 1",
        "x": 2223.70068359375,
        "y": 439.6209716796875,
        "z": 4455.333984375
    },
    {
        "color": 4294967295,
        "name": "Generic Point 10",
        "x": 2975.44287109375,
        "y": 442.42938232421875,
        "z": 4658.974609375
    },
    {
        "color": 4294967295,
        "name": "Generic Point 2",
        "x": 2270.4658203125,
        "y": -378.00177001953125,
        "z": 4823.52685546875
    },
    {
        "color": 4294967295,
        "name": "Generic Point 3",
        "x": 3592.942139,
        "y": 435.088135,
        "z": 4520.830566
    },
    {
        "color": 4294967295,
        "name": "Generic Point 4",
        "x": 2490.037841796875,
        "y": 445.6324462890625,
        "z": 4695.48388671875
    },
    {
        "color": 4294967295,
        "name": "Generic Point 5",
        "x": 3479.717285,
        "y": 421.437775,
        "z": 4621.401855
    },
    {
        "color": 4294967295,
        "name": "Generic Point 6",
        "x": 2245.792236328125,
        "y": -382.11236572265625,
        "z": 4794.703125
    },
    {
        "color": 4294967295,
        "name": "Generic Point 7",
        "x": 2454.9326171875,
        "y": 429.1260070800781,
        "z": 4529.775390625
    },
    {
        "color": 4294967295,
        "name": "Generic Point 8",
        "x": 2326.475341796875,
        "y": 441.4902038574219,
        "z": 4441.5029296875
    },
    {
        "color": 4294967295,
        "name": "Generic Point 9",
        "x": 2446.817138671875,
        "y": 429.310302734375,
        "z": 4525.81005859375
    }
]