[
    {
        "color": 4294967295,
        "name": "Generic Point 0",
        "x": 4769.47265625,
        "y": 332.74371337890625,
        "z": 4820.16455078125
    },
    {
        "color": 4294967295,
        "name": "Generic Point 1",
        "x": 4871.70458984375,
        "y": 365.2481994628906,
        "z": 5052.7236328125
    },
    {
        "color": 4294967295,
        "name": "Generic Point 10",
        "x": 4742.49365234375,
        "y": 392.43511962890625,
        "z": 4722.07373046875
    },
    {
        "color": 4294967295,
        "name": "Generic Point 100",
        "x": 4402.26904296875,
        "y": 485.7937927246094,
        "z": 4150.64111328125
    },
    {
        "color": 4294967295,
        "name": "Generic Point 101",
        "x": 4359.51953125,
        "y": 489.42645263671875,
        "z": 4075.6455078125
    },
    {
        "color": 4294967295,
        "name": "Generic Point 102",
        "x": 4618.04931640625,
        "y": 447.2856750488281,
        "z": 4193.54541015625
    },
    {
        "color": 4294967295,
        "name": "Generic Point 103",
        "x": 4311.28564453125,
        "y": 549.0969848632812,
        "z": 3980.780029296875
    },
    {
        "color": 4294967295,
        "name": "Generic Point 104",
        "x": 4639.43359375,
        "y": 449.7120056152344,
        "z": 3889.31982421875
    },
    {
        "color": 4294967295,
        "name": "Generic Point 105",
        "x": 4564.20068359375,
        "y": 451.0931091308594,
        "z": 3929.58251953125
    },
    {
        "color": 4294967295,
        "name": "Generic Point 106",
        "x": 4303.83154296875,
        "y": 600.1548461914062,
        "z": 3701.845703125
    },
    {
        "color": 4294967295,
        "name": "Generic Point 107",
        "x": 4362.34423828125,
        "y": 503.3465270996094,
        "z": 4176.0810546875
    },
    {
        "color": 4294967295,
        "name": "Generic Point 108",
        "x": 4413.1884765625,
        "y": 538.8718872070312,
        "z": 3637.275146484375
    },
    {
        "color": 4294967295,
        "name": "Generic Point 109",
        "x": 4418.26171875,
        "y": 548.787353515625,
        "z": 3636.86328125
    },
    {
        "color": 4294967295,
        "name": "Generic Point 11",
        "x": 4582.7490234375,
        "y": 442.9518127441406,
        "z": 5005.08203125
    },
    {
        "color": 4294967295,
        "name": "Generic Point 110",
        "x": 4399.77001953125,
        "y": 532.000732421875,
        "z": 3653.607421875
    },
    {
        "color": 4294967295,
        "name": "Generic Point 111",
        "x": 4432.06640625,
        "y": 536.47802734375,
        "z": 3653.646240234375
    },
    {
        "color": 4294967295,
        "name": "Generic Point 112",
        "x": 4428.1923828125,
        "y": 542.4057006835938,
        "z": 3686.500244140625
    },
    {
        "color": 4294967295,
        "name": "Generic Point 113",
        "x": 4401.7568359375,
        "y": 530.6795654296875,
        "z": 3702.594970703125
    },
    {
        "color": 4294967295,
        "name": "Generic Point 114",
        "x": 4309.86669921875,
        "y": 436.83306884765625,
        "z": 3759.453369140625
    },
    {
        "color": 4294967295,
        "name": "Generic Point 115",
        "x": 4301.4501953125,
        "y": 436.8724060058594,
        "z": 3775.9326171875
    },
    {
        "color": 4294967295,
        "name": "Generic Point 116",
        "x": 4372.74609375,
        "y": 514.0263061523438,
        "z": 4126.5419921875
    },
    {
        "color": 4294967295,
        "name": "Generic Point 117",
        "x": 4296.4912109375,
        "y": 421.7991638183594,
        "z": 3730.753173828125
    },
    {
        "color": 4294967295,
        "name": "Generic Point 118",
        "x": 4363.291015625,
        "y": 411.73321533203125,
        "z": 3702.989013671875
    },
    {
        "color": 4294967295,
        "name": "Generic Point 119",
        "x": 4538.57763671875,
        "y": 630.0947265625,
        "z": 3731.618896484375
    },
    {
        "color": 4294967295,
        "name": "Generic Point 12",
        "x": 4590.25927734375,
        "y": 336.64520263671875,
        "z": 4965.74169921875
    },
    {
        "color": 4294967295,
        "name": "Generic Point 120",
        "x": 4629.6103515625,
        "y": 526.1622924804688,
        "z": 3660.18115234375
    },
    {
        "color": 4294967295,
        "name": "Generic Point 121",
        "x": 4621.01123046875,
        "y": 541.1537475585938,
        "z": 3634.593017578125
    },
    {
        "color": 4294967295,
        "name": "Generic Point 122",
        "x": 4727.361328125,
        "y": 476.279296875,
        "z": 3557.3447265625
    },
    {
        "color": 4294967295,
        "name": "Generic Point 123",
        "x": 4568.8662109375,
        "y": 392.66064453125,
        "z": 4055.510986328125
    },
    {
        "color": 4294967295,
        "name": "Generic Point 124",
        "x": 4552.5068359375,
        "y": 389.4273681640625,
        "z": 4064.16748046875
    },
    {
        "color": 4294967295,
        "name": "Generic Point 125",
        "x": 4494.42431640625,
        "y": 425.6593933105469,
        "z": 4038.787109375
    },
    {
        "color": 4294967295,
        "name": "Generic Point 126",
        "x": 4609.7666015625,
        "y": 433.5860595703125,
        "z": 4102.75537109375
    },
    {
        "color": 4294967295,
        "name": "Generic Point 127",
        "x": 4676.8779296875,
        "y": 416.6944580078125,
        "z": 3968.31396484375
    },
    {
        "color": 4294967295,
        "name": "Generic Point 128",
        "x": 4699.01904296875,
        "y": 441.8338317871094,
        "z": 4003.650390625
    },
    {
        "color": 4294967295,
        "name": "Generic Point 129",
        "x": 4736.45654296875,
        "y": 429.7621154785156,
        "z": 3930.205322265625
    },
    {
        "color": 4294967295,
        "name": "Generic Point 13",
        "x": 4725.77197265625,
        "y": 343.8771667480469,
        "z": 4721.52294921875
    },
    {
        "color": 4294967295,
        "name": "Generic Point 130",
        "x": 4771.30859375,
        "y": 427.764892578125,
        "z": 3881.29150390625
    },
    {
        "color": 4294967295,
        "name": "Generic Point 131",
        "x": 4806.0869140625,
        "y": 447.2432861328125,
        "z": 3815.21630859375
    },
    {
        "color": 4294967295,
        "name": "Generic Point 132",
        "x": 4840.1845703125,
        "y": 440.0684509277344,
        "z": 3695.11376953125
    },
    {
        "color": 4294967295,
        "name": "Generic Point 133",
        "x": 4880.4853515625,
        "y": 439.6947326660156,
        "z": 3680.983154296875
    },
    {
        "color": 4294967295,
        "name": "Generic Point 134",
        "x": 4856.00390625,
        "y": 442.4220886230469,
        "z": 3733.656982421875
    },
    {
        "color": 4294967295,
        "name": "Generic Point 135",
        "x": 4753.595703125,
        "y": 464.8164978027344,
        "z": 3693.1357421875
    },
    {
        "color": 4294967295,
        "name": "Generic Point 136",
        "x": 4660.3984375,
        "y": 492.4247131347656,
        "z": 3780.286865234375
    },
    {
        "color": 4294967295,
        "name": "Generic Point 137",
        "x": 4617.927734375,
        "y": 549.6080322265625,
        "z": 3757.569091796875
    },
    {
        "color": 4294967295,
        "name": "Generic Point 138",
        "x": 4683.06103515625,
        "y": 645.5560913085938,
        "z": 3983.17236328125
    },
    {
        "color": 4294967295,
        "name": "Generic Point 139",
        "x": 4681.11572265625,
        "y": 678.3997192382812,
        "z": 3978.616943359375
    },
    {
        "color": 4294967295,
        "name": "Generic Point 14",
        "x": 4940.11572265625,
        "y": 414.1180114746094,
        "z": 4879.9482421875
    },
    {
        "color": 4294967295,
        "name": "Generic Point 140",
        "x": 4717.51953125,
        "y": 642.7993774414062,
        "z": 3851.061279296875
    },
    {
        "color": 4294967295,
        "name": "Generic Point 141",
        "x": 4698.06005859375,
        "y": 672.0404663085938,
        "z": 3902.125
    },
    {
        "color": 4294967295,
        "name": "Generic Point 142",
        "x": 4751.21044921875,
        "y": 670.2244262695312,
        "z": 3887.496337890625
    },
    {
        "color": 4294967295,
        "name": "Generic Point 143",
        "x": 4738.59130859375,
        "y": 666.970703125,
        "z": 3884.581787109375
    },
    {
        "color": 4294967295,
        "name": "Generic Point 144",
        "x": 4260.61181640625,
        "y": 451.2109680175781,
        "z": 4280.1416015625
    },
    {
        "color": 4294967295,
        "name": "Generic Point 145",
        "x": 4730.236328125,
        "y": 668.2176513671875,
        "z": 3872.032958984375
    },
    {
        "color": 4294967295,
        "name": "Generic Point 146",
        "x": 4723.90673828125,
        "y": 664.8560180664062,
        "z": 3925.288818359375
    },
    {
        "color": 4294967295,
        "name": "Generic Point 147",
        "x": 4726.1962890625,
        "y": 636.0925903320312,
        "z": 3874.674072265625
    },
    {
        "color": 4294967295,
        "name": "Generic Point 148",
        "x": 4636.94873046875,
        "y": 571.0967407226562,
        "z": 3829.871337890625
    },
    {
        "color": 4294967295,
        "name": "Generic Point 149",
        "x": 4649.13134765625,
        "y": 579.3451538085938,
        "z": 3833.27490234375
    },
    {
        "color": 4294967295,
        "name": "Generic Point 15",
        "x": 4557.48193359375,
        "y": 298.253662109375,
        "z": 4931.03076171875
    },
    {
        "color": 4294967295,
        "name": "Generic Point 150",
        "x": 4774.3798828125,
        "y": 574.4729614257812,
        "z": 3748.7421875
    },
    {
        "color": 4294967295,
        "name": "Generic Point 151",
        "x": 4772.96923828125,
        "y": 574.8534545898438,
        "z": 3750.23193359375
    },
    {
        "color": 4294967295,
        "name": "Generic Point 152",
        "x": 4775.51904296875,
        "y": 572.9995727539062,
        "z": 3760.335205078125
    },
    {
        "color": 4294967295,
        "name": "Generic Point 153",
        "x": 4763.9462890625,
        "y": 574.3148193359375,
        "z": 3755.895263671875
    },
    {
        "color": 4294967295,
        "name": "Generic Point 154",
        "x": 5022.673828125,
        "y": 490.0570068359375,
        "z": 3905.12939453125
    },
    {
        "color": 4294967295,
        "name": "Generic Point 155",
        "x": 4815.8876953125,
        "y": 540.2452392578125,
        "z": 3994.979248046875
    },
    {
        "color": 4294967295,
        "name": "Generic Point 156",
        "x": 4932.82470703125,
        "y": 445.9287109375,
        "z": 3756.048583984375
    },
    {
        "color": 4294967295,
        "name": "Generic Point 157",
        "x": 5014.75927734375,
        "y": 474.0379333496094,
        "z": 3746.474609375
    },
    {
        "color": 4294967295,
        "name": "Generic Point 158",
        "x": 5021.591796875,
        "y": 485.9405212402344,
        "z": 3718.276611328125
    },
    {
        "color": 4294967295,
        "name": "Generic Point 159",
        "x": 5020.47900390625,
        "y": 483.32354736328125,
        "z": 3722.579345703125
    },
    {
        "color": 4294967295,
        "name": "Generic Point 16",
        "x": 4195.90576171875,
        "y": 502.5197448730469,
        "z": 4561.33154296875
    },
    {
        "color": 4294967295,
        "name": "Generic Point 160",
        "x": 5011.103515625,
        "y": 473.9447937011719,
        "z": 3729.1171875
    },
    {
        "color": 4294967295,
        "name": "Generic Point 161",
        "x": 5013.45556640625,
        "y": 459.0378112792969,
        "z": 3738.8974609375
    },
    {
        "color": 4294967295,
        "name": "Generic Point 162",
        "x": 4890.10498046875,
        "y": 445.5828552246094,
        "z": 4651.54931640625
    },
    {
        "color": 4294967295,
        "name": "Generic Point 163",
        "x": 4886.3076171875,
        "y": 441.29949951171875,
        "z": 4640.12890625
    },
    {
        "color": 4294967295,
        "name": "Generic Point 164",
        "x": 4849.7568359375,
        "y": 448.7962646484375,
        "z": 4528.99267578125
    },
    {
        "color": 4294967295,
        "name": "Generic Point 165",
        "x": 4408.439453125,
        "y": 467.33258056640625,
        "z": 4374.525390625
    },
    {
        "color": 4294967295,
        "name": "Generic Point 166",
        "x": 4925.61962890625,
        "y": 446.3608703613281,
        "z": 4571.4521484375
    },
    {
        "color": 4294967295,
        "name": "Generic Point 167",
        "x": 5081.765625,
        "y": 494.10797119140625,
        "z": 4560.6005859375
    },
    {
        "color": 4294967295,
        "name": "Generic Point 168",
        "x": 4902.0029296875,
        "y": 497.46844482421875,
        "z": 4471.37646484375
    },
    {
        "color": 4294967295,
        "name": "Generic Point 169",
        "x": 4928.78369140625,
        "y": 538.05908203125,
        "z": 4394.81298828125
    },
    {
        "color": 4294967295,
        "name": "Generic Point 17",
        "x": 4231.0,
        "y": 479.3754577636719,
        "z": 4565.48291015625
    },
    {
        "color": 4294967295,
        "name": "Generic Point 170",
        "x": 4923.3310546875,
        "y": 546.2838745117188,
        "z": 4396.669921875
    },
    {
        "color": 4294967295,
        "name": "Generic Point 171",
        "x": 4924.3974609375,
        "y": 538.0623168945312,
        "z": 4406.66943359375
    },
    {
        "color": 4294967295,
        "name": "Generic Point 172",
        "x": 4929.5390625,
        "y": 569.600341796875,
        "z": 4400.4951171875
    },
    {
        "color": 4294967295,
        "name": "Generic Point 173",
        "x": 4888.75341796875,
        "y": 576.342529296875,
        "z": 4365.0732421875
    },
    {
        "color": 4294967295,
        "name": "Generic Point 174",
        "x": 4849.05126953125,
        "y": 550.8600463867188,
        "z": 4234.94873046875
    },
    {
        "color": 4294967295,
        "name": "Generic Point 175",
        "x": 4383.66064453125,
        "y": 125.36937713623047,
        "z": 4537.76513671875
    },
    {
        "color": 4294967295,
        "name": "Generic Point 176",
        "x": 4464.97900390625,
        "y": 7.206419944763184,
        "z": 4569.2255859375
    },
    {
        "color": 4294967295,
        "name": "Generic Point 177",
        "x": 4389.85888671875,
        "y": 6.615966796875,
        "z": 4635.2802734375
    },
    {
        "color": 4294967295,
        "name": "Generic Point 178",
        "x": 4506.7734375,
        "y": -45.87509536743164,
        "z": 4703.19775390625
    },
    {
        "color": 4294967295,
        "name": "Generic Point 179",
        "x": 5048.130859375,
        "y": 435.51153564453125,
        "z": 3769.0654296875
    },
    {
        "color": 4294967295,
        "name": "Generic Point 18",
        "x": 4563.431640625,
        "y": 336.41015625,
        "z": 4936.21044921875
    },
    {
        "color": 4294967295,
        "name": "Generic Point 19",
        "x": 4236.27294921875,
        "y": 402.866943359375,
        "z": 4505.66650390625
    },
    {
        "color": 4294967295,
        "name": "Generic Point 2",
        "x": 4740.66845703125,
        "y": 323.0047607421875,
        "z": 4934.744140625
    },
    {
        "color": 4294967295,
        "name": "Generic Point 20",
        "x": 4335.42724609375,
        "y": 400.1363220214844,
        "z": 4600.43994140625
    },
    {
        "color": 4294967295,
        "name": "Generic Point 21",
        "x": 4379.86181640625,
        "y": 337.6286926269531,
        "z": 4609.515625
    },
    {
        "color": 4294967295,
        "name": "Generic Point 22",
        "x": 4291.92822265625,
        "y": 443.78106689453125,
        "z": 4652.458984375
    },
    {
        "color": 4294967295,
        "name": "Generic Point 23",
        "x": 4324.61279296875,
        "y": 412.5528564453125,
        "z": 4734.23193359375
    },
    {
        "color": 4294967295,
        "name": "Generic Point 24",
        "x": 4403.95751953125,
        "y": 383.70672607421875,
        "z": 4759.16796875
    },
    {
        "color": 4294967295,
        "name": "Generic Point 25",
        "x": 4369.99853515625,
        "y": 417.0774230957031,
        "z": 4811.7734375
    },
    {
        "color": 4294967295,
        "name": "Generic Point 26",
        "x": 4380.58984375,
        "y": 442.15625,
        "z": 4873.97607421875
    },
    {
        "color": 4294967295,
        "name": "Generic Point 27",
        "x": 4170.005859375,
        "y": 404.2889709472656,
        "z": 4466.8447265625
    },
    {
        "color": 4294967295,
        "name": "Generic Point 28",
        "x": 4209.32470703125,
        "y": 427.2936706542969,
        "z": 4426.0029296875
    },
    {
        "color": 4294967295,
        "name": "Generic Point 29",
        "x": 4211.302734375,
        "y": 412.12060546875,
        "z": 4454.58544921875
    },
    {
        "color": 4294967295,
        "name": "Generic Point 3",
        "x": 4511.29296875,
        "y": 441.3929138183594,
        "z": 4986.30078125
    },
    {
        "color": 4294967295,
        "name": "Generic Point 30",
        "x": 4111.2080078125,
        "y": 452.1341552734375,
        "z": 4524.39453125
    },
    {
        "color": 4294967295,
        "name": "Generic Point 31",
        "x": 4426.93310546875,
        "y": 471.7530822753906,
        "z": 4278.732421875
    },
    {
        "color": 4294967295,
        "name": "Generic Point 32",
        "x": 4419.263671875,
        "y": 473.990966796875,
        "z": 4178.56494140625
    },
    {
        "color": 4294967295,
        "name": "Generic Point 33",
        "x": 4358.9365234375,
        "y": 490.4134826660156,
        "z": 4079.0478515625
    },
    {
        "color": 4294967295,
        "name": "Generic Point 34",
        "x": 4395.5771484375,
        "y": 485.4221496582031,
        "z": 4061.163330078125
    },
    {
        "color": 4294967295,
        "name": "Generic Point 35",
        "x": 4348.169921875,
        "y": 448.2287902832031,
        "z": 4970.501953125
    },
    {
        "color": 4294967295,
        "name": "Generic Point 36",
        "x": 4336.30224609375,
        "y": 537.9472045898438,
        "z": 4065.306396484375
    },
    {
        "color": 4294967295,
        "name": "Generic Point 37",
        "x": 4189.16796875,
        "y": 475.02691650390625,
        "z": 4158.0615234375
    },
    {
        "color": 4294967295,
        "name": "Generic Point 38",
        "x": 4276.76220703125,
        "y": 503.7646789550781,
        "z": 4146.1630859375
    },
    {
        "color": 4294967295,
        "name": "Generic Point 39",
        "x": 4488.12451171875,
        "y": 426.6751403808594,
        "z": 4030.277587890625
    },
    {
        "color": 4294967295,
        "name": "Generic Point 4",
        "x": 4358.734375,
        "y": 504.83355712890625,
        "z": 5031.9619140625
    },
    {
        "color": 4294967295,
        "name": "Generic Point 40",
        "x": 4468.4267578125,
        "y": 495.23931884765625,
        "z": 3903.37841796875
    },
    {
        "color": 4294967295,
        "name": "Generic Point 41",
        "x": 4519.24658203125,
        "y": 497.0066833496094,
        "z": 3907.162109375
    },
    {
        "color": 4294967295,
        "name": "Generic Point 42",
        "x": 4557.8662109375,
        "y": 448.7454528808594,
        "z": 3939.731689453125
    },
    {
        "color": 4294967295,
        "name": "Generic Point 43",
        "x": 4420.9326171875,
        "y": 549.685546875,
        "z": 3639.459228515625
    },
    {
        "color": 4294967295,
        "name": "Generic Point 44",
        "x": 4346.39208984375,
        "y": 566.503173828125,
        "z": 3579.354736328125
    },
    {
        "color": 4294967295,
        "name": "Generic Point 45",
        "x": 4360.72509765625,
        "y": 505.757568359375,
        "z": 5029.16845703125
    },
    {
        "color": 4294967295,
        "name": "Generic Point 46",
        "x": 4267.5869140625,
        "y": 614.6975708007812,
        "z": 3638.437744140625
    },
    {
        "color": 4294967295,
        "name": "Generic Point 47",
        "x": 4295.83154296875,
        "y": 605.7482299804688,
        "z": 3700.63134765625
    },
    {
        "color": 4294967295,
        "name": "Generic Point 48",
        "x": 4275.61328125,
        "y": 630.9028930664062,
        "z": 3826.975341796875
    },
    {
        "color": 4294967295,
        "name": "Generic Point 49",
        "x": 4420.73486328125,
        "y": 533.1575927734375,
        "z": 3680.349609375
    },
    {
        "color": 4294967295,
        "name": "Generic Point 5",
        "x": 4193.443359375,
        "y": 528.1881713867188,
        "z": 5018.82373046875
    },
    {
        "color": 4294967295,
        "name": "Generic Point 50",
        "x": 4463.87353515625,
        "y": 456.32391357421875,
        "z": 5005.07958984375
    },
    {
        "color": 4294967295,
        "name": "Generic Point 51",
        "x": 4334.07373046875,
        "y": 462.2759704589844,
        "z": 4315.26416015625
    },
    {
        "color": 4294967295,
        "name": "Generic Point 52",
        "x": 4291.72216796875,
        "y": 532.9259033203125,
        "z": 5036.0556640625
    },
    {
        "color": 4294967295,
        "name": "Generic Point 53",
        "x": 4450.8857421875,
        "y": 444.2851257324219,
        "z": 4356.88330078125
    },
    {
        "color": 4294967295,
        "name": "Generic Point 54",
        "x": 4499.00732421875,
        "y": 369.9561767578125,
        "z": 4488.62939453125
    },
    {
        "color": 4294967295,
        "name": "Generic Point 55",
        "x": 4601.388671875,
        "y": 453.80181884765625,
        "z": 4477.5966796875
    },
    {
        "color": 4294967295,
        "name": "Generic Point 56",
        "x": 4500.162109375,
        "y": 332.1770935058594,
        "z": 4596.4892578125
    },
    {
        "color": 4294967295,
        "name": "Generic Point 57",
        "x": 4441.515625,
        "y": 312.3228759765625,
        "z": 4598.1962890625
    },
    {
        "color": 4294967295,
        "name": "Generic Point 58",
        "x": 4415.6337890625,
        "y": 407.3819580078125,
        "z": 4538.29541015625
    },
    {
        "color": 4294967295,
        "name": "Generic Point 59",
        "x": 4448.1669921875,
        "y": 398.0296936035156,
        "z": 4846.6474609375
    },
    {
        "color": 4294967295,
        "name": "Generic Point 6",
        "x": 4334.85498046875,
        "y": 410.2302551269531,
        "z": 4739.43701171875
    },
    {
        "color": 4294967295,
        "name": "Generic Point 60",
        "x": 4332.26318359375,
        "y": 428.6589660644531,
        "z": 4493.19091796875
    },
    {
        "color": 4294967295,
        "name": "Generic Point 61",
        "x": 4614.36279296875,
        "y": 315.1678771972656,
        "z": 4693.3359375
    },
    {
        "color": 4294967295,
        "name": "Generic Point 62",
        "x": 4630.70751953125,
        "y": 335.614501953125,
        "z": 4715.201171875
    },
    {
        "color": 4294967295,
        "name": "Generic Point 63",
        "x": 4318.7939453125,
        "y": 348.9362487792969,
        "z": 5038.08203125
    },
    {
        "color": 4294967295,
        "name": "Generic Point 64",
        "x": 4612.23876953125,
        "y": 422.0061340332031,
        "z": 4650.54248046875
    },
    {
        "color": 4294967295,
        "name": "Generic Point 65",
        "x": 4607.4267578125,
        "y": 329.6294860839844,
        "z": 4695.365234375
    },
    {
        "color": 4294967295,
        "name": "Generic Point 66",
        "x": 4737.78515625,
        "y": 394.3385925292969,
        "z": 4720.908203125
    },
    {
        "color": 4294967295,
        "name": "Generic Point 67",
        "x": 4714.1064453125,
        "y": 363.5780029296875,
        "z": 4701.865234375
    },
    {
        "color": 4294967295,
        "name": "Generic Point 68",
        "x": 4812.0634765625,
        "y": 433.44610595703125,
        "z": 4752.47314453125
    },
    {
        "color": 4294967295,
        "name": "Generic Point 69",
        "x": 4760.96240234375,
        "y": 332.2378234863281,
        "z": 4820.6689453125
    },
    {
        "color": 4294967295,
        "name": "Generic Point 7",
        "x": 4622.15478515625,
        "y": 302.7085266113281,
        "z": 4867.681640625
    },
    {
        "color": 4294967295,
        "name": "Generic Point 70",
        "x": 4934.7177734375,
        "y": 418.3457336425781,
        "z": 4877.02783203125
    },
    {
        "color": 4294967295,
        "name": "Generic Point 71",
        "x": 4494.8271484375,
        "y": 281.1607360839844,
        "z": 4809.96826171875
    },
    {
        "color": 4294967295,
        "name": "Generic Point 72",
        "x": 4887.9130859375,
        "y": 386.8477783203125,
        "z": 4952.927734375
    },
    {
        "color": 4294967295,
        "name": "Generic Point 73",
        "x": 4511.39013671875,
        "y": 338.087646484375,
        "z": 4749.77294921875
    },
    {
        "color": 4294967295,
        "name": "Generic Point 74",
        "x": 4274.5029296875,
        "y": 440.19134521484375,
        "z": 4946.99462890625
    },
    {
        "color": 4294967295,
        "name": "Generic Point 75",
        "x": 4470.41455078125,
        "y": 303.7221374511719,
        "z": 4707.6103515625
    },
    {
        "color": 4294967295,
        "name": "Generic Point 76",
        "x": 4295.681640625,
        "y": 319.63702392578125,
        "z": 4926.78076171875
    },
    {
        "color": 4294967295,
        "name": "Generic Point 77",
        "x": 4671.5322265625,
        "y": 212.090576171875,
        "z": 4484.33203125
    },
    {
        "color": 4294967295,
        "name": "Generic Point 78",
        "x": 4703.37548828125,
        "y": 500.98291015625,
        "z": 4407.01953125
    },
    {
        "color": 4294967295,
        "name": "Generic Point 79",
        "x": 4095.833984375,
        "y": 422.9334411621094,
        "z": 4462.048828125
    },
    {
        "color": 4294967295,
        "name": "Generic Point 8",
        "x": 4289.04150390625,
        "y": 317.7196350097656,
        "z": 4930.31982421875
    },
    {
        "color": 4294967295,
        "name": "Generic Point 80",
        "x": 4764.4697265625,
        "y": 531.9324340820312,
        "z": 4348.87890625
    },
    {
        "color": 4294967295,
        "name": "Generic Point 81",
        "x": 4951.53515625,
        "y": 632.398681640625,
        "z": 4134.263671875
    },
    {
        "color": 4294967295,
        "name": "Generic Point 82",
        "x": 5066.69482421875,
        "y": 573.719970703125,
        "z": 4088.875732421875
    },
    {
        "color": 4294967295,
        "name": "Generic Point 83",
        "x": 4734.58056640625,
        "y": 441.3630065917969,
        "z": 3869.1376953125
    },
    {
        "color": 4294967295,
        "name": "Generic Point 84",
        "x": 5122.0927734375,
        "y": 559.1554565429688,
        "z": 4416.62109375
    },
    {
        "color": 4294967295,
        "name": "Generic Point 85",
        "x": 5117.17138671875,
        "y": 636.151611328125,
        "z": 4215.14306640625
    },
    {
        "color": 4294967295,
        "name": "Generic Point 86",
        "x": 4609.295898,
        "y": 525.59137,
        "z": 3660.760742
    },
    {
        "color": 4294967295,
        "name": "Generic Point 87",
        "x": 4410.02001953125,
        "y": 478.65130615234375,
        "z": 4164.34716796875
    },
    {
        "color": 4294967295,
        "name": "Generic Point 88",
        "x": 4442.59033203125,
        "y": 470.8682861328125,
        "z": 4274.7275390625
    },
    {
        "color": 4294967295,
        "name": "Generic Point 89",
        "x": 4844.435546875,
        "y": 541.115234375,
        "z": 4196.08203125
    },
    {
        "color": 4294967295,
        "name": "Generic Point 9",
        "x": 4329.9521484375,
        "y": 354.1786193847656,
        "z": 5048.779296875
    },
    {
        "color": 4294967295,
        "name": "Generic Point 90",
        "x": 4880.1025390625,
        "y": 560.3375244140625,
        "z": 4154.92041015625
    },
    {
        "color": 4294967295,
        "name": "Generic Point 91",
        "x": 4874.716796875,
        "y": 566.4620971679688,
        "z": 4140.3193359375
    },
    {
        "color": 4294967295,
        "name": "Generic Point 92",
        "x": 4882.40283203125,
        "y": 562.482421875,
        "z": 4153.166015625
    },
    {
        "color": 4294967295,
        "name": "Generic Point 93",
        "x": 4882.3564453125,
        "y": 569.5993041992188,
        "z": 4145.361328125
    },
    {
        "color": 4294967295,
        "name": "Generic Point 94",
        "x": 4451.49365234375,
        "y": 442.94342041015625,
        "z": 4346.72998046875
    },
    {
        "color": 4294967295,
        "name": "Generic Point 95",
        "x": 4504.72119140625,
        "y": 349.8494873046875,
        "z": 4364.5693359375
    },
    {
        "color": 4294967295,
        "name": "Generic Point 96",
        "x": 4480.9228515625,
        "y": 374.717041015625,
        "z": 4351.76904296875
    },
    {
        "color": 4294967295,
        "name": "Generic Point 97",
        "x": 4250.41748046875,
        "y": 622.7904052734375,
        "z": 3890.485595703125
    },
    {
        "color": 4294967295,
        "name": "Generic Point 98",
        "x": 4156.46728515625,
        "y": 632.1405029296875,
        "z": 3882.56591796875
    },
    {
        "color": 4294967295,
        "name": "Generic Point 99",
        "x": 4367.533203125,
        "y": 536.4798583984375,
        "z": 4084.96875
    }
]